1,0,1.999999992,1.999999992,7430.184605,5117.948365,1.876226655,1.804526745,1.875092077,1.875092077,0,0.07169991,,-2312.23624
13,0,1.000000004,1.000000004,68595.6649,22890.72494,1.064179006,1.101493914,1.006298055,1.006298055,0,0.037314908,,-45704.93996
16,0,1.999999992,1.999999992,9810.495681,6299.905648,1.841831799,1.939869157,1.939446077,1.939446077,0,0.098037358,,-3510.590033
19,0,1.999999992,1.999999992,14847.19933,8134.983239,1.908563417,1.908563417,1.957598589,1.957598589,0,0,,-6712.216094
28,0,1.000000004,1.000000004,15855.84893,14354.6683,1.002128569,1.002128569,1.006618925,1.006618925,0,0,,-1501.180623
39,0,1.000000004,1.000000004,20149.99489,17318.54512,1.057312111,1.057312111,1.050751581,1.050751581,0,0,,-2831.449766
53,0,1.999999992,1.999999992,28707.50487,15104.24685,1.933479887,1.931281578,1.979663466,1.979663466,0,0.00219831,,-13603.25802
57,0,1.000000004,1.000000004,35609.7427,22214.18775,1.066520113,1.068718422,1.032668301,1.032668301,0,0.00219831,,-13395.55495
58,0,1.999999992,1.999999992,20437.39296,11046.66525,1.888793584,1.888793584,1.9510505,1.9510505,0,0,,-9390.727715
63,0,1.999999992,1.999999992,22195.99941,9174.710919,1.945478058,1.763307184,1.985759389,1.985759389,0,0.182170875,,-13021.2885
64,0,1.999999992,1.999999992,6540.315351,19858.86044,1.979466398,1.979466398,1.825546829,1.825546829,0,0,,13318.54508
65,0,1.000000004,1.000000004,19100.52896,13514.23381,1.016377024,1.016377024,1.007240393,1.007240393,0,0,,-5586.295155
66,0,1.000000004,1.000000004,62111.61578,11786.8124,1.021380652,1.700670869,1.000880698,1.000880698,0,0.679290216,,-50324.80337
68,0,1.000000004,1.000000004,9319.591781,9934.239927,1.004314712,1.004314712,1.013214037,1.013214037,0,0,,614.6481454
71,0,1.000000004,1.000000004,6760.129099,4785.934749,1.028926678,1.028926678,1.010627051,1.010627051,0,0,,-1974.19435
76,0,1.999999992,1.999999992,17166.63314,9813.750566,1.759509217,1.883152428,1.910148103,1.910148103,0,0.123643211,,-7352.882576
82,0,1.999999992,1.999999992,14944.4102,11723.12841,1.933479887,1.931281578,1.949155797,1.949155797,0,0.00219831,,-3221.281797
87,0,1.999999992,1.999999992,7237.638533,8561.092112,1.94174404,1.94174404,1.910948706,1.910948706,0,0,,1323.45358
94,0,1.999999992,1.999999992,12505.22117,14493.77369,1.968277934,1.968277934,1.946662637,1.946662637,0,0,,1988.552525
97,0,1.999999992,1.999999992,9201.98937,11009.58383,1.787407403,1.8788604,1.804414986,1.804414986,0,0.091452996,,1807.594458
99,0,1.000000004,1.000000004,2298.69026,1444.494942,1.080773544,1.080773544,1.04678806,1.04678806,0,0,,-854.195318
100,0,1.000000004,1.000000004,17128.7963,18171.55695,1.002323175,1.002323175,1.01459265,1.01459265,0,0,,1042.760654
102,0,1.000000004,1.000000004,17388.85848,16638.37527,1.002514649,1.002514649,1.010274778,1.010274778,0,0,,-750.4832124
107,0,1.000000004,1.000000004,36899.83316,33365.61091,1.00088331,1.00088331,1.004414008,1.004414008,0,0,,-3534.22225
111,0,1.999999992,1.999999992,14980.96752,22361.56808,1.968686715,1.968686715,1.918971478,1.918971478,0,0,,7380.600566
112,0,1.999999992,1.999999992,15451.72367,11129.34627,1.931281578,1.933479887,1.955921287,1.955921287,0,0.00219831,,-4322.377403
113,0,1.999999992,1.999999992,11631.91833,9402.931776,1.928550287,1.93367498,1.937586727,1.937586727,0,0.005124693,,-2228.986557
115,0,1.000000004,1.000000004,26912.0211,9364.501234,1.098675293,1.098675293,1.011871062,1.011871062,0,0,,-17547.51987
119,0,1.999999992,1.999999992,9479.399769,9466.573945,1.949828616,1.949828616,1.939341208,1.939341208,0,0,,-12.82582404
137,0,1.000000004,1.000000004,15451.48252,11297.94187,1.007052058,1.007052058,1.001940183,1.001940183,0,0,,-4153.540649
145,0,1.000000004,1.000000004,131025.9199,29828.90738,1.019819915,1.722521196,1.001198381,1.001198381,0,0.702701282,,-101197.0125
146,0,1.000000004,1.000000004,121975.3924,98410.12859,1.000356273,1.000356273,1.000646601,1.000646601,0,0,,-23565.26385
151,0,1.999999992,1.999999992,6502.761199,5951.897458,1.962139414,1.962139414,1.954546161,1.954546161,0,0,,-550.8637405
154,0,1.999999992,1.999999992,20568.62134,9321.143151,1.919282148,1.919282148,1.986212544,1.986212544,0,0,,-11247.47819
159,0,1.999999992,1.999999992,7069.283942,9159.519226,1.920356414,1.934260256,1.88659456,1.88659456,0,0.013903842,,2090.235284
160,0,1.000000004,1.000000004,55569.7308,36333.38638,1.006434539,1.006434539,1.000845044,1.000845044,0,0,,-19236.34442
165,0,1.000000004,1.000000004,4033.816855,5783.93571,1.024469983,1.024469983,1.064068983,1.064068983,0,0,,1750.118855
166,0,1.000000004,1.000000004,24153.65461,7629.816063,1.019819915,1.722521196,1.007576663,1.007576663,0,0.702701282,,-16523.83855
168,0,1.000000004,1.000000004,21449.9287,21581.20188,1.014815281,1.014815281,1.022536312,1.022536312,0,0,,131.2731793
176,0,1.999999992,1.999999992,15690.97848,10011.96508,1.965328498,1.965328498,1.988869128,1.988869128,0,0,,-5679.013401
181,0,1.000000004,1.000000004,20462.23364,8209.957305,1.074602495,1.074602495,1.013277381,1.013277381,0,0,,-12252.27634
182,0,1.999999992,1.999999992,14436.2539,13620.37112,1.875412882,1.875412882,1.875373402,1.875373402,0,0,,-815.882781
191,0,1.999999992,1.999999992,5181.461394,15407.07846,1.944365318,1.944365318,1.774994539,1.774994539,0,0,,10225.61706
194,0,1.000000004,1.000000004,9717.585664,8035.581691,1.016663145,1.016663145,1.013564498,1.013564498,0,0,,-1682.003973
196,0,1.000000004,1.000000004,29008.79065,18002.06148,1.074181004,1.066129928,1.033536134,1.033536134,0,0.008051076,,-11006.72917
219,0,1.999999992,1.999999992,12398.57252,12501.50713,1.869969495,1.869969495,1.864711711,1.864711711,0,0,,102.9346086
221,0,1.999999992,1.999999992,11591.4376,6886.050325,1.935235717,1.906699959,1.955119553,1.955119553,0,0.028535758,,-4705.38728
232,0,1.999999992,1.999999992,16214.54369,17025.2608,1.975749811,1.975749811,1.96027209,1.96027209,0,0,,810.7171163
244,0,1.000000004,1.000000004,14574.33439,4592.06945,1.673357959,1.023331574,1.022630384,1.022630384,0,0.650026385,,-9982.264941
245,0,1.999999992,1.999999992,13538.11683,7131.938905,1.72506911,1.948209349,1.950691291,1.950691291,0,0.223140239,,-6406.177929
246,0,1.000000004,1.000000004,96505.92428,37550.34955,1.066520113,1.068718422,1.009421076,1.009421076,0,0.00219831,,-58955.57473
253,0,1.999999992,1.999999992,10938.54055,6107.196243,1.792063914,1.792063914,1.854185412,1.854185412,0,0,,-4831.344311
256,0,1.999999992,1.999999992,11090.30191,17107.72861,1.93367498,1.928550287,1.862131691,1.862131691,0,0.005124693,,6017.426702
264,0,1.999999992,1.999999992,10440.51269,5493.96004,1.927366677,1.927366677,1.979843933,1.979843933,0,0,,-4946.552649
268,0,1.999999992,1.999999992,16014.14239,25307.06613,1.925818996,1.933870072,1.8650106,1.8650106,0,0.008051076,,9292.923741
270,0,1.000000004,1.000000004,45366.33013,32642.53329,1.007495535,1.007495535,1.003268733,1.003268733,0,0,,-12723.79684
277,0,1.000000004,1.000000004,16581.68622,21352.59462,1.033297465,1.033297465,1.060321411,1.060321411,0,0,,4770.908397
282,0,1.999999992,1.999999992,18847.23686,11627.62098,1.873924468,1.937576824,1.950162005,1.950162005,0,0.063652356,,-7219.61588
284,0,1.000000004,1.000000004,6963.470615,6515.827866,1.004840639,1.004840639,1.008622901,1.008622901,0,0,,-447.6427494
285,0,1.000000004,1.000000004,17867.05184,9347.286522,1.019819915,1.722521196,1.035784215,1.035784215,0,0.702701282,,-8519.765318
320,0,1.000000004,1.000000004,19348.84048,17133.77638,1.028244298,1.028244298,1.026961643,1.026961643,0,0,,-2215.064103
323,0,1.000000004,1.000000004,20933.40537,22509.6713,1.047051732,1.047051732,1.058827074,1.058827074,0,0,,1576.265932
332,0,1.999999992,1.999999992,15029.28544,8960.96394,1.852409996,1.852409996,1.917997901,1.917997901,0,0,,-6068.321499
349,0,1.000000004,1.000000004,16825.89864,16194.53457,1.012071046,1.012071046,1.017833443,1.017833443,0,0,,-631.364073
354,0,1.000000004,1.000000004,6322.769767,5009.09001,1.006412356,1.006412356,1.004463623,1.004463623,0,0,,-1313.679757
360,0,1.999999992,1.999999992,13956.74125,11367.92686,1.937576824,1.873924468,1.920796886,1.920796886,0,0.063652356,,-2588.814382
361,0,1.000000004,1.000000004,10577.40593,10252.81394,1.003367567,1.003367567,1.013513264,1.013513264,0,0,,-324.5919897
373,0,1.999999992,1.999999992,21665.15376,13883.85257,1.931281578,1.933479887,1.965678112,1.965678112,0,0.00219831,,-7781.301192
374,0,1.000000004,1.000000004,2970.15516,2418.65505,1.907640481,1.907640481,1.156499281,1.156499281,0,0,,-551.5001104
376,0,1.999999992,1.999999992,20889.74134,9187.157357,1.800147024,1.799411906,1.906183581,1.906183581,0,0.000735118,,-11702.58398
394,0,1.000000004,1.000000004,18054.91656,11747.86028,1.018682808,1.018682808,1.00672214,1.00672214,0,0,,-6307.056287
402,0,1.999999992,1.999999992,8509.088926,7247.172969,1.955360503,1.955360503,1.96195216,1.96195216,0,0,,-1261.915957
422,0,1.999999992,1.999999992,16914.38886,8939.571083,1.873924468,1.937576824,1.964700159,1.964700159,0,0.063652356,,-7974.817775
425,0,1.999999992,1.999999992,9481.082037,8047.378961,1.898506086,1.935820994,1.928260331,1.928260331,0,0.037314908,,-1433.703076
442,0,1.999999992,1.999999992,19793.32825,8376.787427,1.906699959,1.935235717,1.985086548,1.985086548,0,0.028535758,,-11416.54083
444,0,1.000000004,1.000000004,28865.55007,11216.85578,1.142463278,1.061252623,1.015802386,1.015802386,0,0.081210655,,-17648.69429
456,0,1.999999992,1.999999992,8435.014042,9277.452515,1.931281578,1.933479887,1.897807745,1.897807745,0,0.00219831,,842.4384728
459,0,1.000000004,1.000000004,16703.398,18979.49901,1.013707844,1.013707844,1.029757636,1.029757636,0,0,,2276.101006
466,0,1.000000004,1.000000004,15257.18381,18762.53472,1.017275395,1.017275395,1.041567762,1.041567762,0,0,,3505.350912
468,0,1.000000004,1.000000004,17716.57364,5466.482814,1.021380652,1.700670869,1.01136564,1.01136564,0,0.679290216,,-12250.09082
473,0,1.000000004,1.000000004,15981.55285,14322.09259,1.012835103,1.012835103,1.014820904,1.014820904,0,0,,-1659.460269
475,0,1.000000004,1.000000004,70446.05751,21353.95079,1.722521196,1.019819915,1.005709542,1.005709542,0,0.702701282,,-49092.10672
477,0,1.999999992,1.999999992,8666.815451,6074.190246,1.947160489,1.947160489,1.972546614,1.972546614,0,0,,-2592.625205
479,0,1.000000004,1.000000004,25116.90608,10818.92361,1.722521196,1.019819915,1.029986692,1.029986692,0,0.702701282,,-14297.98248
488,0,1.000000004,1.000000004,22254.82176,9117.813817,1.722051521,1.042761304,1.022269419,1.022269419,0,0.679290216,,-13137.00794
493,0,1.000000004,1.000000004,5210.378003,2135.430023,1.722521196,1.019819915,1.007901568,1.007901568,0,0.702701282,,-3074.94798
495,0,1.000000004,1.000000004,15878.92233,15446.97783,1.057876151,1.057876151,1.061012302,1.061012302,0,0,,-431.944502
496,0,1.000000004,1.000000004,13404.01023,11277.03537,1.042748923,1.042748923,1.035305414,1.035305414,0,0,,-2126.974866
190,0.001698346,1.679904114,1.68160246,1974.453961,2136.213143,1.599357506,1.700321247,1.76620126,1.76620126,0.001698346,0.100963742,,161.7591824
101,0.003654605,1.762660533,1.759005928,3599.532257,652.5030443,1.898874548,1.898874548,1.775085496,1.775085496,0.003654605,0,,-2947.029212
470,0.005361859,1.568828738,1.574190596,1134.623313,2202.604184,1.587946379,1.587946379,1.515027178,1.515027178,0.005361859,0,,1067.980871
152,0.005674862,1.095496409,1.101171271,5063.74216,5264.935386,1.163448915,1.163448915,1.173762277,1.173762277,0.005674862,0,,201.1932254
273,0.006650463,1.702529919,1.695879456,4224.604402,592.2127814,1.556721656,1.506603822,1.660074755,1.660074755,0.006650463,0.050117834,,-3632.391621
464,0.007619267,1.986182842,1.99380211,10771.6961,7356.239236,1.813460918,1.813460918,1.843066722,1.843066722,0.007619267,0,,-3415.456865
296,0.015154931,1.798078129,1.782923198,2160.641331,2294.169827,1.807696993,1.875738924,1.712525364,1.712525364,0.015154931,0.068041931,,133.5284961
163,0.016153098,1.059850998,1.076004096,327.4425302,867.7255022,1.072000811,1.072000811,1.142990182,1.142990182,0.016153098,0,,540.282972
292,0.018369365,1.690550454,1.708919819,1565.543404,425.34713,1.753760328,1.811559918,1.692829826,1.692829826,0.018369365,0.05779959,,-1140.196274
302,0.018997971,1.017017251,1.036015222,11217.69773,5183.577816,1.173003411,1.307986357,1.181985679,1.181985679,0.018997971,0.134982946,,-6034.119916
467,0.019863757,1.000000004,1.019863761,8890.693979,9360.671183,1.057350779,1.197089097,1.129897731,1.129897731,0.019863757,0.139738319,,469.9772041
299,0.022254683,1.654140276,1.631885592,4226.935943,604.4682966,1.445045898,1.703302735,1.66404308,1.66404308,0.022254683,0.258256837,,-3622.467646
8,0.022975001,1.022975005,1.000000004,26650.24675,12990.84202,1.074181004,1.066129928,1.016054434,1.016054434,0.022975001,0.008051076,,-13659.40473
205,0.023768199,1.976231793,1.999999992,7475.139601,5708.746034,1.747380912,1.694702493,1.745625766,1.745625766,0.023768199,0.052678419,,-1766.393567
291,0.024828545,1.419075596,1.443904141,2064.200769,1144.848917,1.512846773,1.551259074,1.497052302,1.497052302,0.024828545,0.038412301,,-919.3518518
469,0.026925682,1.842802913,1.869728595,1658.409769,4261.710567,1.878177577,1.791845751,1.666589974,1.666589974,0.026925682,0.086331826,,2603.300798
50,0.031227954,1.999999992,1.968772038,7629.497047,8817.047996,1.896388228,1.896388228,1.862379298,1.862379298,0.031227954,0,,1187.55095
60,0.0316882,1.502009193,1.533697393,2413.519547,8183.035517,1.366491504,1.450262744,1.753682319,1.753682319,0.0316882,0.083771241,,5769.515971
436,0.032994939,1.999999992,1.967005053,16914.44373,6578.697114,1.939137561,1.85207414,1.996543258,1.996543258,0.032994939,0.087063422,,-10335.74661
129,0.033623125,1.23997846,1.206355335,605.9008157,509.5805261,1.222258415,1.222258415,1.206890028,1.206890028,0.033623125,0,,-96.32028963
59,0.034421313,1.882537123,1.916958436,1719.300685,1404.960233,1.893709365,1.893709365,1.892661946,1.892661946,0.034421313,0,,-314.3404521
22,0.034968826,1.109947806,1.144916632,1511.335496,1623.344706,1.148133502,1.148133502,1.088594343,1.088594343,0.034968826,0,,112.0092091
240,0.03584692,1.320349319,1.284502399,3170.697111,768.1511187,1.405269603,1.396486931,1.318644198,1.318644198,0.03584692,0.008782672,,-2402.545992
262,0.037147299,1.962852693,1.999999992,22447.07237,23176.35684,1.869827531,1.937869462,1.910574394,1.910574394,0.037147299,0.068041931,,729.2844744
42,0.037232341,1.999999992,1.962767651,14269.40109,8790.453487,1.930482498,1.930482498,1.97312115,1.97312115,0.037232341,0,,-5478.9476
433,0.042087694,1.000000004,1.042087698,103890.3619,28613.12053,1.066520113,1.068718422,1.00113509,1.00113509,0.042087694,0.00219831,,-75277.24139
474,0.04433184,1.999999992,1.955668152,9979.501631,9555.648038,1.882762244,1.762045416,1.834355225,1.834355225,0.04433184,0.120716828,,-423.853593
368,0.046591701,1.765463535,1.812055236,1590.890548,3671.928198,1.663133664,1.897979436,1.635739889,1.635739889,0.046591701,0.234845772,,2081.037649
250,0.047598029,1.952401964,1.999999992,9822.37461,6633.177548,1.924578557,1.924578557,1.952324743,1.952324743,0.047598029,0,,-3189.197062
428,0.047887678,1.777033571,1.82492125,2476.517848,1423.963308,1.808779854,1.764880584,1.776180482,1.776180482,0.047887678,0.04389927,,-1052.55454
226,0.048185951,1.746851927,1.795037878,2086.389357,1981.138297,1.584615381,1.853846155,1.653958914,1.653958914,0.048185951,0.269230774,,-105.2510598
454,0.048844323,1.536382162,1.487537838,1822.505484,1228.084457,1.49952957,1.49952957,1.533027325,1.533027325,0.048844323,0,,-594.4210273
248,0.050168912,1.050168915,1.000000004,22773.93894,8036.055899,1.115818739,1.115818739,1.017043028,1.017043028,0.050168912,0,,-14737.88304
378,0.050400996,1.050401,1.000000004,28832.28993,15134.63891,1.123344241,1.062618268,1.021860019,1.021860019,0.050400996,0.060725973,,-13697.65102
329,0.050548893,1.896936556,1.947485449,10125.56688,5440.518214,1.745625082,1.699531025,1.779594976,1.779594976,0.050548893,0.046094057,,-4685.048668
439,0.052508722,1.426970873,1.479479596,4999.620153,317.9120606,1.674868254,1.674868254,1.431806254,1.431806254,0.052508722,0,,-4681.708092
239,0.053369979,1.946630013,1.999999992,8640.011629,6350.432225,1.891677859,1.936308724,1.936213323,1.936213323,0.053369979,0.044630866,,-2289.579405
130,0.057897503,1.839262643,1.78136514,4950.937048,1439.057439,1.734462384,1.531075232,1.892244333,1.892244333,0.057897503,0.203387153,,-3511.879609
483,0.058082228,1.07034106,1.012258832,4828.558134,2699.721259,1.118919487,1.821620769,1.176855591,1.176855591,0.058082228,0.702701282,,-2128.836876
265,0.058359093,1.690257031,1.631897937,1834.073878,1375.225904,1.735675379,1.726892707,1.618903879,1.618903879,0.058359093,0.008782672,,-458.8479745
372,0.059608893,1.000000004,1.059608897,2572.743998,2003.96504,1.064959375,1.09056875,1.035560202,1.035560202,0.059608893,0.025609375,,-568.7789575
222,0.060384109,1.060384112,1.000000004,17145.36042,12763.48252,1.225767653,1.055302311,1.068865567,1.068865567,0.060384109,0.170465342,,-4381.877902
499,0.060988735,1.939011257,1.999999993,18223.144,5530.483295,1.858850873,1.858850873,1.991974158,1.991974158,0.060988735,0,,-12692.66071
391,0.064003572,1.999999993,1.935996421,3464.669683,4915.021685,1.934845533,1.912162541,1.852454683,1.852454683,0.064003572,0.022682992,,1450.352002
241,0.06562267,1.542622496,1.608245166,1950.30105,4609.69991,1.546308609,1.518504447,1.706642564,1.706642564,0.06562267,0.027804162,,2659.39886
225,0.065623213,1.913943374,1.848320161,4743.199831,6876.188459,1.831313004,1.674747982,1.707569668,1.707569668,0.065623213,0.156565022,,2132.988628
118,0.066495781,1.587381395,1.653877176,400.4238652,312.4454678,1.644716445,1.677641778,1.578998128,1.578998128,0.066495781,0.032925333,,-87.97839735
184,0.066619951,1.933380042,1.999999993,9247.527603,17241.54431,1.971364098,1.971364098,1.882039131,1.882039131,0.066619951,0,,7994.016705
93,0.068087685,1.837588597,1.905676282,3650.309189,2238.896355,1.754675975,1.754675975,1.791329253,1.791329253,0.068087685,0,,-1411.412834
314,0.069103619,1.999999993,1.930896374,11529.24204,7734.556016,1.942649221,1.802910903,1.955841452,1.955841452,0.069103619,0.139738319,,-3794.686024
441,0.06928873,1.266626902,1.335915631,1028.050616,722.9941538,1.264838412,1.264838412,1.305489139,1.305489139,0.06928873,0,,-305.0564622
311,0.069829317,1.012798582,1.082627899,6649.14977,5894.819376,1.063983914,1.104225205,1.075229783,1.075229783,0.069829317,0.040241291,,-754.3303942
417,0.070517085,1.575786238,1.505269153,2260.193473,1134.782569,1.478864404,1.478864404,1.580342343,1.580342343,0.070517085,0,,-1125.410904
377,0.070609853,1.000000004,1.070609857,5957.594267,4501.364808,1.064764283,1.093300041,1.037861729,1.037861729,0.070609853,0.028535758,,-1456.22946
384,0.071017909,1.928982083,1.999999993,10823.36398,10306.47031,1.875290113,1.937479278,1.915909841,1.915909841,0.071017909,0.062189165,,-516.8936752
104,0.071307978,1.95357134,1.882263362,5663.081759,3271.856012,1.815949493,1.736202029,1.819008697,1.819008697,0.071307978,0.079747464,,-2391.225746
140,0.071348457,1.441763917,1.513112374,807.2745312,339.0783653,1.400386883,1.400386883,1.486037996,1.486037996,0.071348457,0,,-468.1961659
263,0.077280423,1.740862156,1.663581734,6066.821415,829.5143004,1.891917024,1.891917024,1.663997491,1.663997491,0.077280423,0,,-5237.307114
70,0.077435166,1.922564827,1.999999993,8965.815753,3915.77669,1.707998542,1.949428676,1.960297528,1.960297528,0.077435166,0.241430134,,-5050.039063
379,0.080724999,1.999999993,1.919274994,9318.941681,11906.81482,1.936796455,1.884849631,1.885694995,1.885694995,0.080724999,0.051946824,,2587.873139
172,0.081841808,1.918158184,1.999999993,2116.35106,8788.73391,1.931281578,1.933479887,1.724624325,1.724624325,0.081841808,0.00219831,,6672.38285
455,0.087666985,1.000000004,1.087666988,8270.912644,14341.15406,1.130915664,1.130915664,1.211664573,1.211664573,0.087666985,0,,6070.241415
392,0.088286445,1.088286448,1.000000004,11549.83339,4180.719308,1.330239532,1.047840033,1.0300252,1.0300252,0.088286445,0.282399498,,-7369.114085
144,0.092755696,1.999999993,1.907244297,9398.868793,8288.442077,1.943575909,1.78993727,1.879008516,1.879008516,0.092755696,0.153638639,,-1110.426716
401,0.092830681,1.742839992,1.835670673,2862.083298,1348.937267,1.737041025,1.723137182,1.791617522,1.791617522,0.092830681,0.013903842,,-1513.146031
451,0.094546633,1.252692204,1.158145571,2772.35947,2526.811561,1.12546916,1.12546916,1.276074887,1.276074887,0.094546633,0,,-245.5479088
347,0.095046044,1.340819683,1.435865727,2683.236744,2345.902911,1.334593927,1.498109109,1.44295632,1.44295632,0.095046044,0.163515182,,-337.3338334
362,0.096185515,1.999999993,1.903814478,8859.524751,6121.470859,1.936308724,1.891677859,1.949008808,1.949008808,0.096185515,0.044630866,,-2738.053892
380,0.101146339,1.213947381,1.112801042,8723.503062,2062.925481,1.453848503,1.084023307,1.16699248,1.16699248,0.101146339,0.369825196,,-6660.577581
318,0.102703985,1.102703989,1.000000004,7113.75877,6182.702083,1.021710402,1.021710402,1.032681403,1.032681403,0.102703985,0,,-931.0566872
34,0.102820215,1.864530035,1.96735025,6715.694136,4383.342026,1.771679365,1.771679365,1.798035555,1.798035555,0.102820215,0,,-2332.35211
15,0.106529267,1.893470726,1.999999993,3385.598978,4854.556797,1.877433727,1.877433727,1.813971637,1.813971637,0.106529267,0,,1468.957819
330,0.106990075,1.106990079,1.000000004,8836.520313,13177.98847,1.101493914,1.064179006,1.148675018,1.148675018,0.106990075,0.037314908,,4341.468153
289,0.110635434,1.889364559,1.999999993,4849.076912,11306.06533,1.928640161,1.928640161,1.768945807,1.768945807,0.110635434,0,,6456.98842
35,0.110757374,1.110757377,1.000000004,10938.78801,7593.355278,1.152705619,1.060521027,1.049024381,1.049024381,0.110757374,0.092184592,,-3345.432733
327,0.111586714,1.14403466,1.032447947,5386.694636,3655.435727,1.1393353,1.1393353,1.096243393,1.096243393,0.111586714,0,,-1731.258909
227,0.112846742,1.112846746,1.000000004,6890.079812,7190.835429,1.134807137,1.134807137,1.151432057,1.151432057,0.112846742,0,,300.7556174
86,0.112922534,1.112922538,1.000000004,2110.693672,2519.201167,1.087446318,1.087446318,1.130356064,1.130356064,0.112922534,0,,408.5074949
125,0.114164976,1.591123088,1.705288064,6053.474102,7942.412501,1.472303703,1.763848149,1.879756791,1.879756791,0.114164976,0.291544446,,1888.938399
452,0.114838973,1.20505059,1.090211617,5562.173548,4252.126764,1.068608879,1.068608879,1.092481949,1.092481949,0.114838973,0,,-1310.046784
432,0.114915248,1.999999993,1.885084744,4539.133984,15898.62163,1.965593977,1.965593977,1.762188277,1.762188277,0.114915248,0,,11359.48765
458,0.115560275,1.183263147,1.067702872,1138.166886,1248.194954,1.203715901,1.122505246,1.171955348,1.171955348,0.115560275,0.081210655,,110.0280679
81,0.117471868,1.495054526,1.612526394,2928.472674,3626.612404,1.516282867,1.516282867,1.477192597,1.477192597,0.117471868,0,,698.1397298
390,0.118539889,1.881460104,1.999999993,8929.989512,8217.842868,1.890312213,1.93640627,1.932579591,1.932579591,0.118539889,0.046094057,,-712.1466442
395,0.120099608,1.433255734,1.313156126,3644.607098,3016.365336,1.423705817,1.384196122,1.386375729,1.386375729,0.120099608,0.039509695,,-628.2417622
150,0.12224243,1.97623823,1.8539958,9294.796739,2001.435054,1.663250205,1.668374898,1.958496086,1.958496086,0.12224243,0.005124693,,-7293.361685
396,0.122785231,1.029193308,1.151978539,4156.806528,979.617367,1.840111148,1.239833278,1.107235501,1.107235501,0.122785231,0.600277871,,-3177.189161
177,0.128959647,1.871040346,1.999999993,4204.649859,6669.62776,1.956667222,1.956667222,1.817290255,1.817290255,0.128959647,0,,2464.977902
485,0.133829579,1.866170414,1.999999993,12506.11117,8715.014902,1.796243509,1.796243509,1.857272745,1.857272745,0.133829579,0,,-3791.096268
266,0.136240815,1.136240819,1.000000003,11541.80306,12104.79679,1.201186034,1.05705814,1.013987782,1.013987782,0.136240815,0.144127893,,562.9937286
490,0.139519601,1.864096869,1.724577268,1539.557252,2835.396662,1.814339982,1.742640072,1.710708468,1.710708468,0.139519601,0.07169991,,1295.83941
338,0.140784155,1.000000003,1.140784159,73840.52655,25276.98382,1.058179921,1.185481111,1.004134382,1.004134382,0.140784155,0.12730119,,-48563.54273
38,0.142529792,1.430719701,1.573249493,4304.588272,4202.481577,1.462055969,1.471936035,1.631699391,1.631699391,0.142529792,0.009880065,,-102.1066947
341,0.144786696,1.324914937,1.180128241,2388.939691,3936.364085,1.439660937,1.280169532,1.441977185,1.441977185,0.144786696,0.159491405,,1547.424394
92,0.145861991,1.554745355,1.408883364,2685.572263,6637.731631,1.557368368,1.295087754,1.694441562,1.694441562,0.145861991,0.262280614,,3952.159367
4,0.146726085,1.000000003,1.146726088,3581.259064,3858.860821,1.124846353,1.188498709,1.185123525,1.185123525,0.146726085,0.063652356,,277.6017571
453,0.150269356,1.671066038,1.520796682,4189.447884,4268.299427,1.855089868,1.579640529,1.475149655,1.475149655,0.150269356,0.275449338,,78.85154338
30,0.150314016,1.489924886,1.640238902,1552.098838,1648.204179,1.494313013,1.567476114,1.629114377,1.629114377,0.150314016,0.073163102,,96.10534098
356,0.151128681,1.848871313,1.999999993,11777.44897,10934.04051,1.777262608,1.880421137,1.877405931,1.877405931,0.151128681,0.103158529,,-843.4084622
355,0.152387187,1.000000003,1.15238719,11528.90658,5042.791352,1.786814864,1.186536994,1.199758508,1.199758508,0.152387187,0.600277871,,-6486.115226
33,0.159692295,1.999999993,1.840307698,14059.37023,22509.97088,1.94118603,1.823395585,1.834771741,1.834771741,0.159692295,0.117790445,,8450.600652
301,0.162505805,1.514437154,1.676942959,2563.421409,4181.390606,1.728487685,1.543024629,1.342374564,1.342374564,0.162505805,0.185463056,,1617.969197
399,0.163347994,1.285957624,1.449305619,3719.372234,4496.536031,1.225696363,1.379335002,1.332073827,1.332073827,0.163347994,0.153638639,,777.1637967
67,0.166442403,1.99999999,1.833557587,4294.084015,5837.147707,1.940210569,1.83705204,1.88950117,1.88950117,0.166442403,0.103158529,,1543.063691
180,0.168185684,1.190456899,1.022271215,7266.59919,7227.188176,1.188498709,1.124846353,1.070872121,1.070872121,0.168185684,0.063652356,,-39.41101436
238,0.169711295,1.99999999,1.830288695,5960.621521,9926.529205,1.813901025,1.744395902,1.728470076,1.728470076,0.169711295,0.069505123,,3965.907684
134,0.170793487,1.170793492,1.000000005,13290.75442,15554.0617,1.119247305,1.062910907,1.089727028,1.089727028,0.170793487,0.056336398,,2263.307284
128,0.172543981,1.827456009,1.99999999,10222.2473,2617.37647,1.737728023,1.737728023,1.957824874,1.957824874,0.172543981,0,,-7604.870826
397,0.173015704,1.374753627,1.201737923,4910.201603,3256.291296,1.443715432,1.202285298,1.247712483,1.247712483,0.173015704,0.241430134,,-1653.910306
281,0.177049385,1.563242175,1.74029156,3883.545256,2245.906271,1.492752275,1.56884176,1.662890211,1.662890211,0.177049385,0.076089485,,-1637.638985
23,0.177310042,1.791634023,1.968944065,5046.745201,1331.386951,1.830508249,1.677967004,1.831263976,1.831263976,0.177310042,0.152541245,,-3715.35825
497,0.179190987,1.468778406,1.647969393,3394.384703,4436.849706,1.430908044,1.622955462,1.604554825,1.604554825,0.179190987,0.192047418,,1042.465003
346,0.182510986,1.182510991,1.000000005,13400.47958,13835.79353,1.281076295,1.051351693,1.095447345,1.095447345,0.182510986,0.229724601,,435.3139466
80,0.182646428,1.000000005,1.182646433,14880.95087,13066.57736,1.1211396,1.212592597,1.069605029,1.069605029,0.182646428,0.091452996,,-1814.373515
157,0.186815078,1.277759485,1.464574563,2953.163402,4182.479473,1.302605136,1.394789728,1.481618546,1.481618546,0.186815078,0.092184592,,1229.31607
162,0.187193938,1.564951628,1.752145566,4549.771555,4241.884739,1.714553125,1.7401625,1.64783046,1.64783046,0.187193938,0.025609375,,-307.886816
344,0.190632287,1.190632292,1.000000005,159717.0357,61483.63072,1.068718422,1.066520113,1.009159681,1.009159681,0.190632287,0.00219831,,-98233.40494
51,0.193498791,1.630189862,1.43669107,7421.35529,4612.002686,1.737821393,1.720991168,1.454272214,1.454272214,0.193498791,0.016830225,,-2809.352604
49,0.19717847,1.771704967,1.968883436,5760.987886,1527.853601,1.520875332,1.810590788,1.85257261,1.85257261,0.19717847,0.289715456,,-4233.134284
324,0.197503495,1.99999999,1.802496496,4725.049152,5937.694501,1.937918235,1.869144708,1.86261562,1.86261562,0.197503495,0.068773527,,1212.645349
295,0.198059729,1.421730661,1.619790391,3854.925611,4283.862513,1.379093007,1.56675085,1.542706564,1.542706564,0.198059729,0.187657843,,428.9369019
257,0.198061611,1.80193838,1.99999999,9384.359023,4955.477958,1.756338968,1.883640159,1.971378489,1.971378489,0.198061611,0.12730119,,-4428.881065
85,0.201984251,1.206151513,1.004167262,9146.474987,9722.848509,1.223371442,1.119481317,1.165985803,1.165985803,0.201984251,0.103890125,,576.3735219
489,0.203827531,1.465042695,1.261215165,4472.233908,6291.759376,1.474405405,1.350396396,1.357910085,1.357910085,0.203827531,0.124009009,,1819.525468
325,0.216896662,1.783103328,1.999999991,12904.88942,17653.02728,1.830522782,1.872227264,1.789285699,1.789285699,0.216896662,0.041704482,,4748.137854
135,0.221892876,1.848746933,1.626854056,4493.270797,8384.269735,1.887151819,1.73351318,1.828440237,1.828440237,0.221892876,0.153638639,,3890.998938
155,0.225203979,1.999999991,1.774796012,7359.209792,4773.246682,1.890663478,1.710687391,1.9711689,1.9711689,0.225203979,0.179976087,,-2585.96311
275,0.226812286,1.697206004,1.470393718,2916.966138,6051.076572,1.675355776,1.486966337,1.737645772,1.737645772,0.226812286,0.188389439,,3134.110434
127,0.230227511,1.76977248,1.999999991,13481.48507,22226.64558,1.873924468,1.937576824,1.827245845,1.827245845,0.230227511,0.063652356,,8745.1605
69,0.236711712,1.650680595,1.887392307,5317.395631,4082.181521,1.747826359,1.747826359,1.834699436,1.834699436,0.236711712,0,,-1235.21411
5,0.237603215,1.89443416,1.656830945,15181.20404,4764.343149,1.63370992,1.418617234,1.775648926,1.775648926,0.237603215,0.215092685,,-10416.86089
306,0.238173459,1.245992336,1.484165795,10481.57342,6953.235886,1.299202746,1.658054005,1.300269602,1.300269602,0.238173459,0.358851259,,-3528.337537
3,0.238529911,1.238529916,1.000000005,34472.86715,27672.11853,1.311504348,1.105922408,1.016827873,1.016827873,0.238529911,0.20558194,,-6800.748621
228,0.239293646,1.215030759,1.454324405,8146.052866,4479.403446,1.357163188,1.687482211,1.223354873,1.223354873,0.239293646,0.330319023,,-3666.64942
305,0.242328692,1.32538742,1.567716112,4780.702392,7757.442067,1.289820265,1.565269603,1.502241657,1.502241657,0.242328692,0.275449338,,2976.739675
427,0.243297463,1.986989321,1.743691857,4338.408498,4408.842191,1.807462982,1.770148074,1.803094259,1.803094259,0.243297463,0.037314908,,70.43369264
120,0.250385484,1.51912239,1.769507874,3016.937506,4911.624297,1.557656545,1.721171727,1.552721896,1.552721896,0.250385484,0.163515182,,1894.686791
254,0.250512816,1.000000004,1.25051282,35948.12755,35862.35159,1.058228694,1.184798288,1.032493345,1.032493345,0.250512816,0.126569594,,-85.77595733
429,0.252921775,1.747078216,1.999999991,21660.1286,6483.127583,1.686619788,1.686619788,1.956068862,1.956068862,0.252921775,0,,-15177.00101
315,0.253180719,1.188060759,1.441241479,6903.486741,6977.362891,1.386829867,1.4197552,1.321875516,1.321875516,0.253180719,0.032925333,,73.87614966
435,0.253556242,1.253556247,1.000000004,5906.86556,10364.14212,1.27493089,1.051790651,1.039432804,1.039432804,0.253556242,0.223140239,,4457.276558
43,0.253607375,1.999999991,1.746392616,15062.1167,9419.102354,1.940308115,1.835686394,1.979591351,1.979591351,0.253607375,0.104621721,,-5643.014351
420,0.254058296,1.999999991,1.745941696,9228.08239,8785.041959,1.871641988,1.83432708,1.919525698,1.919525698,0.254058296,0.037314908,,-443.0404311
261,0.260134442,1.633611839,1.373477397,3913.98057,3340.126788,1.745296333,1.3820555,1.586469714,1.586469714,0.260134442,0.363240834,,-573.8537825
339,0.262601646,1.26260165,1.000000004,17714.73449,26219.39144,1.276637947,1.051668718,1.166917467,1.166917467,0.262601646,0.224969229,,8504.656951
447,0.264192819,1.392845579,1.128652759,2405.694505,5163.10445,1.409465025,1.090851535,1.284916103,1.284916103,0.264192819,0.31861349,,2757.409944
29,0.264235906,1.999999991,1.735764085,10199.60496,13347.11389,1.933870072,1.925818996,1.887465571,1.887465571,0.264235906,0.008051076,,3147.50893
363,0.26464364,1.999999991,1.735356351,10995.03106,16641.67957,1.939040015,1.853439785,1.816515527,1.816515527,0.26464364,0.08560023,,5646.648514
423,0.268591998,1.000000004,1.268592003,11432.4462,22337.10441,1.050571324,1.292001458,1.132573939,1.132573939,0.268591998,0.241430134,,10904.65821
56,0.268890567,1.98054963,1.711659063,10992.18272,10516.43852,1.704896061,1.74367416,1.884734405,1.884734405,0.268890567,0.038778099,,-475.7441977
492,0.269949424,1.60183556,1.331886137,3357.97314,2699.873451,1.582327509,1.47733999,1.399700306,1.399700306,0.269949424,0.104987519,,-658.099689
274,0.270723668,1.342163774,1.612887442,4234.465333,4149.205065,1.481082852,1.759458574,1.481466524,1.481466524,0.270723668,0.278375722,,-85.26026808
471,0.271025834,1.000000004,1.271025838,53985.04919,24988.13824,1.054278076,1.24010693,1.003091803,1.003091803,0.271025834,0.185828854,,-28996.91095
243,0.27122295,1.999999991,1.728777042,14314.57431,12322.95038,1.880616229,1.775994509,1.951681928,1.951681928,0.27122295,0.104621721,,-1991.623925
204,0.274515321,1.274515326,1.000000004,119552.692,46065.75021,1.218256602,1.055838814,1.003536882,1.003536882,0.274515321,0.162417788,,-73486.94174
12,0.275992439,1.366284689,1.090292251,7290.335581,11972.3401,1.307693719,1.17307657,1.255371405,1.255371405,0.275992439,0.134617148,,4682.00452
403,0.277163279,1.046777879,1.323941158,4046.323015,5778.738962,1.113238366,1.263950622,1.383289286,1.383289286,0.277163279,0.150712256,,1732.415947
36,0.277419421,1.999999991,1.722580571,9183.222748,13691.62038,1.883640159,1.756338968,1.802281091,1.802281091,0.277419421,0.12730119,,4508.397633
404,0.277460924,1.277460928,1.000000004,24184.66693,28926.33244,1.234644348,1.054668261,1.023115782,1.023115782,0.277460924,0.179976087,,4741.665503
259,0.280023564,1.999999991,1.719976428,8185.976065,10619.5195,1.879640768,1.782335006,1.871534262,1.871534262,0.280023564,0.097305763,,2433.543439
18,0.283245965,1.354057457,1.070811492,2126.809909,237.180325,1.390852704,1.804573648,1.366824872,1.366824872,0.283245965,0.413720943,,-1889.629584
45,0.283642581,1.000000004,1.283642585,16095.48437,33438.5081,1.050766417,1.289270167,1.181344263,1.181344263,0.283642581,0.238503751,,17343.02372
486,0.283728713,1.716271278,1.999999991,5076.452999,6344.943674,1.781700956,1.879738314,1.9368953,1.9368953,0.283728713,0.098037358,,1268.490675
298,0.283746348,1.999999991,1.716253644,23184.16592,28881.63639,1.943136952,1.796082675,1.950531836,1.950531836,0.283746348,0.147054277,,5697.470467
307,0.284661958,1.683143451,1.967805409,6849.854587,6971.719886,1.598954658,1.850261335,1.845913388,1.845913388,0.284661958,0.251306677,,121.8652992
272,0.286127134,1.657695497,1.943822631,5410.722984,8378.068579,1.642210025,1.901198458,1.841235595,1.841235595,0.286127134,0.258988433,,2967.345595
498,0.287383834,1.385783194,1.673167028,6176.141351,10550.41026,1.490258518,1.673160988,1.556203651,1.556203651,0.287383834,0.182902471,,4374.268913
55,0.288970692,1.288970696,1.000000004,12630.63875,21485.49572,1.222737392,1.119578863,1.070884594,1.070884594,0.288970692,0.103158529,,8854.856969
389,0.29188803,1.835153107,1.543265077,1635.603395,1866.543176,1.892224216,1.700542596,1.63545506,1.63545506,0.29188803,0.19168162,,230.9397805
310,0.295646688,1.000000004,1.295646692,31260.38597,45975.60873,1.048717948,1.317948723,1.031807504,1.031807504,0.295646688,0.269230774,,14715.22276
371,0.297366993,1.702632999,1.999999992,34941.68569,22763.58337,1.558162331,1.79703188,1.800244499,1.800244499,0.297366993,0.238869549,,-12178.10232
108,0.299689431,1.517075807,1.217386376,3446.285952,2654.828149,1.469656364,1.265171818,1.495747189,1.495747189,0.299689431,0.204484546,,-791.4578034
364,0.301790748,1.000000004,1.301790752,9272.352707,17102.18021,1.094119329,1.38822436,1.224742201,1.224742201,0.301790748,0.294105031,,7829.827505
387,0.302171085,1.033106474,1.335277559,2345.524922,4441.747612,1.089242024,1.419926845,1.210219091,1.210219091,0.302171085,0.330684821,,2096.22269
381,0.302399741,1.302399746,1.000000004,20633.58498,17460.12621,1.282526823,1.179368294,1.061302489,1.061302489,0.302399741,0.103158529,,-3173.458768
313,0.306096385,1.000000004,1.306096389,12256.03473,15460.17902,1.043474845,1.391352167,1.068883647,1.068883647,0.306096385,0.347877322,,3204.144287
328,0.307199927,1.59122007,1.284020143,3054.615393,5492.397407,1.62847948,1.247680347,1.52670763,1.52670763,0.307199927,0.380799133,,2437.782014
279,0.308533676,1.999999992,1.691466316,19861.58643,18195.1585,1.806877705,1.77248918,1.833061815,1.833061815,0.308533676,0.034388524,,-1666.427933
375,0.314003653,1.000000004,1.314003657,13613.89103,17141.51927,1.043084661,1.396814749,1.065803195,1.065803195,0.314003653,0.353730088,,3527.628238
198,0.315580843,1.315580847,1.000000004,4952.165224,8759.01146,1.340987659,1.101386514,1.399662324,1.399662324,0.315580843,0.239601144,,3806.846236
351,0.318450955,1.213209471,1.531660426,6105.392674,12088.98875,1.168046614,1.53787181,1.531776164,1.531776164,0.318450955,0.369825196,,5983.596078
463,0.319980833,1.66446364,1.344482807,6466.526297,8460.385577,1.841885033,1.316229934,1.570405162,1.570405162,0.319980833,0.5256551,,1993.85928
283,0.320832539,1.679167452,1.999999992,15834.1542,16443.04793,1.888263745,1.93655259,1.969996741,1.969996741,0.320832539,0.048288845,,608.8937358
247,0.321902355,1.74196412,1.420061765,6949.39878,15332.21952,1.575840693,1.484753494,1.404377117,1.404377117,0.321902355,0.091087198,,8382.820744
174,0.322622321,1.999999992,1.677377671,12370.60776,13275.54934,1.90251533,1.633650354,1.819150303,1.819150303,0.322622321,0.268864976,,904.9415802
195,0.323071139,1.323071143,1.000000004,31907.37874,29171.01213,1.445288832,1.08534018,1.020490628,1.020490628,0.323071139,0.359948652,,-2736.366609
321,0.327084165,1.89973455,1.572650385,18401.69527,6975.807627,1.639453416,1.240364389,1.774371377,1.774371377,0.327084165,0.399089027,,-11425.88765
206,0.328803391,1.671196601,1.999999992,3394.988798,3810.357589,1.726252326,1.818436918,1.865663833,1.865663833,0.328803391,0.092184592,,415.3687906
214,0.329861428,1.606022738,1.935884166,2684.941374,3707.645378,1.545219417,1.727390292,1.728269464,1.728269464,0.329861428,0.182170875,,1022.704005
192,0.32990432,1.000000004,1.329904324,7872.933113,16314.47362,1.178197741,1.287209036,1.429811395,1.429811395,0.32990432,0.109011295,,8441.540506
98,0.330388007,1.803373042,1.472985034,4236.227304,10906.66352,1.963060744,1.517149586,1.982591356,1.982591356,0.330388007,0.445911158,,6670.436212
369,0.330611317,1.408993187,1.07838187,4584.57293,322.4342643,1.316717664,1.841641168,1.40400915,1.40400915,0.330611317,0.524923504,,-4262.138666
185,0.33143091,1.331430914,1.000000004,25993.49031,37005.12226,1.461000087,1.038499994,1.126890056,1.126890056,0.33143091,0.422500093,,11011.63195
46,0.331786663,1.039261104,1.371047768,1865.526915,1306.552621,1.725037461,1.314242901,1.536932057,1.536932057,0.331786663,0.41079456,,-558.9742943
481,0.332359743,1.999999992,1.667640249,14671.594,16970.94341,1.904515025,1.620652335,1.934457435,1.934457435,0.332359743,0.28386269,,2299.349407
385,0.332576071,1.332576075,1.000000004,80565.72553,51929.934,1.37223313,1.044840491,1.016821006,1.016821006,0.332576071,0.32739264,,-28635.79153
40,0.335020534,1.000000004,1.335020538,11464.88864,22914.62179,1.046986505,1.34218893,1.074737773,1.074737773,0.335020534,0.295202425,,11449.73315
229,0.335346753,1.000000004,1.335346757,25620.99633,26546.41859,1.155855013,1.155855013,1.255969761,1.255969761,0.335346753,0,,925.4222619
88,0.336791735,1.000000004,1.336791738,97800.52343,45893.76948,1.048717948,1.317948723,1.001038762,1.001038762,0.336791735,0.269230774,,-51906.75395
136,0.339082956,1.497775792,1.158692836,7176.220757,5907.582415,1.52266001,1.417672491,1.480246388,1.480246388,0.339082956,0.104987519,,-1268.638342
230,0.340917963,1.283366909,1.624284872,9746.230885,13038.99188,1.123760682,1.659658123,1.546987239,1.546987239,0.340917963,0.535897441,,3292.760997
370,0.341703592,1.404222899,1.062519307,4559.517316,6406.029472,1.497213139,1.25139343,1.276563374,1.276563374,0.341703592,0.245819709,,1846.512156
460,0.345030833,1.000000004,1.345030836,11069.74913,21970.4305,1.090022393,1.414854447,1.235663475,1.235663475,0.345030833,0.324832054,,10900.68137
89,0.345575622,1.000000004,1.345575626,17385.04391,30184.19085,1.052961204,1.258543144,1.071070287,1.071070287,0.345575622,0.20558194,,12799.14694
461,0.346983856,1.999999992,1.653016136,15335.16368,12064.39258,1.935235717,1.906699959,1.952096923,1.952096923,0.346983856,0.028535758,,-3270.771099
386,0.347863688,1.652136305,1.999999992,27696.07077,26727.54241,1.692293619,1.950550456,1.989136203,1.989136203,0.347863688,0.258256837,,-968.5283682
337,0.35257981,1.647420182,1.999999992,25090.88712,18274.24099,1.796082675,1.943136952,1.975396897,1.975396897,0.35257981,0.147054277,,-6816.646129
96,0.352737757,1.000000004,1.352737761,12290.7734,26454.49924,1.046767026,1.345261632,1.407098588,1.407098588,0.352737757,0.298494606,,14163.72584
103,0.356565276,1.35656528,1.000000004,56358.04256,34483.94442,1.317607311,1.048742335,1.006803909,1.006803909,0.356565276,0.268864976,,-21874.09814
236,0.356936519,1.873711994,1.516775475,6027.824129,12569.91732,1.844408569,1.622365724,1.656118059,1.656118059,0.356936519,0.222042845,,6542.093191
208,0.364301973,1.364301977,1.000000004,33062.9607,24990.55634,1.399887451,1.042865182,1.030066616,1.030066616,0.364301973,0.357022269,,-8072.404358
156,0.364681674,1.000000004,1.364681678,23985.30144,53954.88666,1.042011654,1.411836849,1.246133969,1.246133969,0.364681674,0.369825196,,29969.58522
189,0.365275226,1.836357666,1.471082439,3793.831414,5166.556148,1.677111605,1.484332592,1.618382242,1.618382242,0.365275226,0.192779014,,1372.724734
220,0.36667368,1.999999992,1.633326312,29682.68274,19039.37865,1.953013495,1.65781107,1.947974504,1.947974504,0.36667368,0.295202425,,-10643.30409
123,0.368505086,1.999999992,1.631494907,13250.22359,15613.83354,1.906465947,1.607971342,1.851744892,1.851744892,0.368505086,0.298494606,,2363.609954
197,0.369606591,1.608836571,1.978443162,7663.930926,10787.41584,1.653391717,1.762403012,1.678491259,1.678491259,0.369606591,0.109011295,,3123.484912
297,0.370755225,1.629244768,1.999999993,20218.86148,22143.58617,1.718923705,1.948648307,1.958483804,1.958483804,0.370755225,0.229724601,,1924.724696
10,0.372753669,1.372753673,1.000000004,35878.13111,43602.17651,1.182066997,1.058423786,1.074720449,1.074720449,0.372753669,0.123643211,,7724.045407
335,0.376039859,1.623960134,1.999999993,2844.403638,13110.96623,1.815201712,1.941771306,1.497774888,1.497774888,0.376039859,0.126569594,,10266.5626
367,0.388144117,1.38814412,1.000000004,28629.47167,53315.84564,1.328873886,1.04793758,1.093097126,1.093097126,0.388144117,0.280936307,,24686.37396
348,0.388563307,1.897372075,1.508808768,6501.33854,8078.117312,1.698248392,1.603503215,1.691913829,1.691913829,0.388563307,0.094745177,,1576.778772
186,0.390071681,1.390071684,1.000000004,39215.7132,35363.28213,1.292001458,1.050571324,1.000937346,1.000937346,0.390071681,0.241430134,,-3852.431072
73,0.39318342,1.098285539,1.491468959,1556.876273,6485.035162,1.870746018,1.517015929,1.276210704,1.276210704,0.39318342,0.353730088,,4928.158889
106,0.393359344,1.870905483,1.477546139,3472.835141,4381.354389,1.90251533,1.633650354,1.56931234,1.56931234,0.393359344,0.268864976,,908.5192475
126,0.394328889,1.394328892,1.000000004,16454.94765,31132.67301,1.379061358,1.04435276,1.217372268,1.217372268,0.394328889,0.334708598,,14677.72536
331,0.394586337,1.394586341,1.000000004,30782.6373,45447.82754,1.201186034,1.05705814,1.125763485,1.125763485,0.394586337,0.144127893,,14665.19024
405,0.395030097,1.604969895,1.999999993,6872.54189,9904.930479,1.571775405,1.9591589,1.813904709,1.813904709,0.395030097,0.387383495,,3032.388589
72,0.39507688,1.1928711,1.58794798,11318.53503,18936.28348,1.345067471,1.698065963,1.338492039,1.338492039,0.39507688,0.352998492,,7617.748452
233,0.397095629,1.546568782,1.943664411,2458.518617,2224.494486,1.665688857,1.667155571,1.798576452,1.798576452,0.397095629,0.001466714,,-234.024131
138,0.39791628,1.708454912,1.310538632,3708.733452,8668.728522,1.641276075,1.313883435,1.600558166,1.600558166,0.39791628,0.32739264,,4959.99507
251,0.399108221,1.999999993,1.600891772,7291.295537,11881.97317,1.81205398,1.516851555,1.79181153,1.79181153,0.399108221,0.295202425,,4590.677633
304,0.400826593,1.400826596,1.000000004,37377.5146,32494.84534,1.402618742,1.04267009,1.003651545,1.003651545,0.400826593,0.359948652,,-4882.669258
44,0.401378865,1.401378868,1.000000004,28381.02145,44092.07032,1.445977986,1.039573001,1.061565798,1.061565798,0.401378865,0.406404985,,15711.04887
61,0.402487648,1.938296548,1.5358089,5438.800594,10743.0267,1.855016708,1.579933168,1.801068979,1.801068979,0.402487648,0.27508354,,5304.226108
443,0.403880846,1.510968346,1.914849192,10806.95982,15354.82428,1.353316448,1.596209774,1.431170972,1.431170972,0.403880846,0.242893326,,4547.86446
421,0.405194798,1.999999993,1.594805195,20660.91699,23598.87353,1.944697689,1.774232347,1.907443211,1.907443211,0.405194798,0.170465342,,2937.956537
187,0.409838122,1.000000004,1.409838125,23510.69316,47323.14956,1.036744164,1.485581705,1.059528195,1.059528195,0.409838122,0.448837541,,23812.45641
47,0.410124456,1.029751423,1.439875879,16597.06329,41784.96092,1.086900917,1.435144037,1.178680665,1.178680665,0.410124456,0.34824312,,25187.89763
445,0.412519339,1.465285368,1.052766029,14269.16363,27184.80793,1.365050829,1.158737293,1.264978493,1.264978493,0.412519339,0.206313536,,12915.6443
231,0.413560898,1.574753393,1.988314291,5890.987507,10817.39007,1.614628863,1.905441713,1.750966893,1.750966893,0.413560898,0.29081285,,4926.40256
448,0.416595688,1.416595691,1.000000003,30555.55825,34034.17043,1.411836849,1.042011654,1.016894159,1.016894159,0.416595688,0.369825196,,3478.612173
141,0.422967037,1.493576318,1.916543355,10536.52193,19696.57615,1.477674131,1.926511672,1.64806067,1.64806067,0.422967037,0.448837541,,9160.054214
408,0.426945992,1.050042492,1.476988485,5903.770184,9889.90846,1.139203685,1.443185259,1.270965997,1.270965997,0.426945992,0.303981574,,3986.138276
457,0.42972481,1.429724814,1.000000003,47444.4192,23920.54969,1.452806214,1.03908527,1.004308395,1.004308395,0.42972481,0.413720943,,-23523.8695
449,0.432299852,1.669657973,1.23735812,5176.142991,12147.18614,1.683415992,1.277011007,1.276848829,1.276848829,0.432299852,0.406404985,,6971.043147
415,0.433555103,1.000000003,1.433555106,32979.4381,62786.85369,1.03915843,1.45178198,1.146471302,1.146471302,0.433555103,0.41262355,,29807.4156
414,0.434727052,1.486814148,1.9215412,7529.859325,14641.62014,1.475473951,1.762263024,1.616299551,1.616299551,0.434727052,0.286789073,,7111.760815
139,0.437896257,1.273444308,1.711340566,8896.743386,10247.21846,1.325668459,1.511497312,1.546829733,1.546829733,0.437896257,0.185828854,,1350.47507
271,0.441523431,1.1539342,1.595457632,4809.237061,10791.25835,1.219569013,1.560861973,1.267272811,1.267272811,0.441523431,0.34129296,,5982.021284
340,0.441569079,1.212435485,1.654004564,10192.80784,24159.0213,1.16765643,1.538944817,1.542565952,1.542565952,0.441569079,0.371288387,,13966.21346
308,0.444254609,1.99999999,1.555745381,24075.4973,43127.39364,1.901344777,1.64125895,1.72938325,1.72938325,0.444254609,0.260085827,,19051.89634
200,0.452398902,1.452398907,1.000000005,14824.2994,22615.88823,1.522325869,1.073488328,1.552103776,1.552103776,0.452398902,0.448837541,,7791.588822
9,0.455211183,1.616406892,1.161195709,10878.55566,13567.85552,1.517862196,1.321425203,1.356613022,1.356613022,0.455211183,0.196436993,,2689.299854
411,0.456619153,1.116933193,1.573552345,1025.88694,714.8346076,1.8564799,1.574080401,1.642393184,1.642393184,0.456619153,0.282399498,,-311.0523322
491,0.458769423,1.541230567,1.99999999,15985.98206,11414.1964,1.619572997,1.955744786,1.94665999,1.94665999,0.458769423,0.336171789,,-4571.785664
11,0.460973953,1.83383243,1.372858477,6057.076195,14707.44371,1.916836553,1.332653789,1.706837168,1.706837168,0.460973953,0.584182763,,8650.367516
267,0.463633478,1.159896241,1.623529719,8239.112598,22349.74493,1.109500896,1.561996416,1.507812891,1.507812891,0.463633478,0.45249552,,14110.63233
7,0.466641972,1.27075071,1.737392682,10661.51304,14351.43365,1.122523301,1.509906796,1.468129647,1.468129647,0.466641972,0.387383495,,3689.920611
426,0.468054651,1.468054656,1.000000005,17013.57648,27853.12652,1.505206528,1.076122073,1.136331517,1.136331517,0.468054651,0.429084455,,10839.55005
32,0.469073416,1.325891542,1.794964958,6831.766957,13081.41648,1.485410991,1.878647252,1.744396467,1.744396467,0.469073416,0.393236261,,6249.649521
407,0.469818718,1.085860612,1.55567933,7948.01195,13654.78027,1.048717948,1.317948723,1.113930881,1.113930881,0.469818718,0.269230774,,5706.768315
358,0.474021867,1.459328889,1.933350755,8293.293442,14915.21626,1.500756448,1.817906746,1.733548082,1.733548082,0.474021867,0.317150299,,6621.922815
359,0.475222732,1.000000005,1.475222737,51818.9681,58841.3004,1.046767026,1.345261632,1.044290058,1.044290058,0.475222732,0.298494606,,7022.332303
37,0.478394231,1.97273061,1.494336379,12337.24978,21131.75258,1.96252424,1.524660636,1.70274979,1.70274979,0.478394231,0.437863604,,8794.502806
462,0.481307192,1.313616891,1.794924083,4677.035417,10713.36495,1.417061889,1.848341131,1.744816604,1.744816604,0.481307192,0.431279242,,6036.32953
400,0.483915874,1.000000005,1.483915879,6720.379125,15313.67546,1.035134653,1.508114856,1.519504598,1.519504598,0.483915874,0.472980203,,8593.296336
487,0.484318132,1.468897206,1.953215338,9631.953349,22442.66408,1.46963924,1.829222095,1.636544896,1.636544896,0.484318132,0.359582855,,12810.71073
24,0.487386195,1.4873862,1.000000005,29179.31338,44368.36912,1.350382803,1.046401228,1.045029348,1.045029348,0.487386195,0.303981574,,15189.05574
440,0.495962785,1.000000005,1.495962789,65321.5052,40283.59139,1.080804286,1.474772143,1.018374188,1.018374188,0.495962785,0.393967857,,-25037.91381
169,0.495963774,1.999999991,1.504036217,22664.94963,32066.82371,1.957207978,1.599088315,1.952826456,1.952826456,0.495963774,0.358119663,,9401.874081
31,0.497138909,1.458553514,1.955692423,18250.99917,24305.92687,1.402247544,1.731834971,1.734036893,1.734036893,0.497138909,0.329587427,,6054.927692
450,0.499565422,1.000000004,1.499565427,23210.12186,37696.56581,1.032793547,1.540890347,1.0951417,1.0951417,0.499565422,0.508096801,,14486.44396
237,0.499623322,1.260283763,1.759907085,10457.00082,7354.1863,1.416702422,1.791648789,1.658766326,1.658766326,0.499623322,0.374946366,,-3102.814519
288,0.504294137,1.879696297,1.37540216,10977.59412,22347.93042,1.631490746,1.421153433,1.759691772,1.759691772,0.504294137,0.210337313,,11370.3363
287,0.504622898,1.912329218,1.407706321,16681.63267,33655.59767,1.949721314,1.703901605,1.45111787,1.45111787,0.504622898,0.245819709,,16973.96499
161,0.506370609,1.999999991,1.493629383,39258.80759,27785.99872,1.966767496,1.465255057,1.920812694,1.920812694,0.506370609,0.501512439,,-11472.80887
430,0.507037816,1.492962175,1.999999991,30734.08207,37514.25271,1.536915335,1.865771166,1.8705985,1.8705985,0.507037816,0.328855831,,6780.170643
478,0.508070835,1.999999991,1.491929156,16095.37131,15820.69035,1.959792949,1.562898709,1.924804909,1.924804909,0.508070835,0.39689424,,-274.6809612
365,0.510142205,1.002107503,1.512249709,20385.69213,22841.14638,1.354852799,1.594453944,1.564899626,1.564899626,0.510142205,0.239601144,,2455.454252
350,0.516086091,1.999999991,1.483913901,19312.80184,20604.89257,1.96091473,1.547193786,1.985305191,1.985305191,0.516086091,0.413720943,,1292.090733
388,0.522466867,1.986521819,1.464054952,12489.23645,25323.09849,1.859266295,1.387017688,1.683317929,1.683317929,0.522466867,0.472248607,,12833.86204
342,0.529535594,1.000000004,1.529535598,32411.03718,70514.92536,1.030062256,1.579128421,1.677552765,1.677552765,0.529535594,0.549066165,,38103.88818
416,0.53506867,1.939306701,1.40423803,25819.36338,48084.42228,1.759702439,1.480595122,1.697423955,1.697423955,0.53506867,0.279107317,,22265.0589
167,0.536530778,1.999999992,1.463469214,13647.17848,15830.57173,1.95206242,1.671126114,1.996300163,1.996300163,0.536530778,0.280936307,,2183.393258
17,0.536892352,1.054393511,1.591285863,12418.24666,37652.72983,1.092527874,1.629888506,1.40443056,1.40443056,0.536892352,0.537360632,,25234.48317
133,0.538515935,1.14069309,1.679209025,4540.59926,1648.492146,1.328905535,1.62410796,1.698258154,1.698258154,0.538515935,0.295202425,,-2892.107114
352,0.539519064,1.539519068,1.000000004,14035.84075,23156.55934,1.366349646,1.09748467,1.172730493,1.172730493,0.539519064,0.268864976,,9120.718584
494,0.542964659,1.562580471,1.019615811,19674.9408,48064.69685,1.465261397,1.082267477,1.523111439,1.523111439,0.542964659,0.38299392,,28389.75605
164,0.546077225,1.546077229,1.000000004,26815.42354,65083.25116,1.590053585,1.029281887,1.238039339,1.238039339,0.546077225,0.560771698,,38267.82762
188,0.546951584,1.453048408,1.999999992,34275.1976,71142.07767,1.436460901,1.932852169,1.857766751,1.857766751,0.546951584,0.496391268,,36866.88007
216,0.553102549,1.446897443,1.999999992,16161.51955,35019.23178,1.45928669,1.929340509,1.769099406,1.769099406,0.553102549,0.470053819,,18857.71223
484,0.554751856,1.445248136,1.999999992,15994.38512,16854.67204,1.566312823,1.959549084,1.942825247,1.942825247,0.554751856,0.393236261,,860.2869236
212,0.555278528,1.444721464,1.999999992,18876.08669,20337.38627,1.644807659,1.765524487,1.807144517,1.807144517,0.555278528,0.120716828,,1461.299581
183,0.555924829,1.914241143,1.358316314,5482.822559,12337.98713,1.797989286,1.404021429,1.588066001,1.588066001,0.555924829,0.393967857,,6855.164567
83,0.55769892,1.000000004,1.557698923,18929.08643,22600.39998,1.037597692,1.473632307,1.026151687,1.026151687,0.55769892,0.436034615,,3671.313556
482,0.559180465,1.999999992,1.440819528,23337.28618,28505.76323,1.818492023,1.499146937,1.930086032,1.930086032,0.559180465,0.319345086,,5168.47706
6,0.560034112,1.439965881,1.999999992,16698.94685,40768.02236,1.409946415,1.970718113,1.856066974,1.856066974,0.560034112,0.560771698,,24069.07551
316,0.566006393,1.433993599,1.999999992,22460.55585,36916.59233,1.549791421,1.862552145,1.864721159,1.864721159,0.566006393,0.312760724,,14456.03648
280,0.567161814,1.125007661,1.692169475,1215.030819,789.848662,1.871641988,1.83432708,1.810186869,1.810186869,0.567161814,0.037314908,,-425.1821569
20,0.568209433,1.588897224,1.020687791,22978.3659,42259.38703,1.360625144,1.045669633,1.153190238,1.153190238,0.568209433,0.314955511,,19281.02113
143,0.57061633,1.429383662,1.999999992,43090.27728,81355.78729,1.502402069,1.922707374,1.786947218,1.786947218,0.57061633,0.420305305,,38265.51001
434,0.571976177,1.016031431,1.588007608,19049.79294,27972.26259,1.189329721,1.621340559,1.165032901,1.165032901,0.571976177,0.432010838,,8922.469657
322,0.572625568,1.275227344,1.847852911,17689.04601,46841.8664,1.418104178,1.895473955,1.365925834,1.365925834,0.572625568,0.477369777,,29152.82039
269,0.575294248,1.424705744,1.999999992,21597.1619,20932.66579,1.504938267,1.92231719,1.956405353,1.956405353,0.575294248,0.417378922,,-664.4961157
286,0.579887303,1.144931806,1.724819109,3758.656894,669.987892,1.933479887,1.931281578,1.664195178,1.664195178,0.579887303,0.00219831,,-3088.669002
21,0.593754643,1.593754646,1.000000004,47857.65371,47892.75775,1.673357959,1.023331574,1.004978148,1.004978148,0.593754643,0.650026385,,35.10403847
75,0.599384279,1.000652148,1.600036428,27565.58726,92392.80466,1.023331574,1.673357959,1.144301378,1.144301378,0.599384279,0.650026385,,64827.2174
366,0.601368709,1.071488995,1.672857704,14822.16716,43644.87289,1.132966127,1.80055081,1.225725216,1.225725216,0.601368709,0.667584684,,28822.70573
105,0.603267252,1.390260506,1.993527758,7337.539754,17383.93229,1.344633905,1.87467858,1.598306415,1.598306415,0.603267252,0.530044674,,10046.39254
149,0.605621388,1.000000004,1.605621392,59265.18707,71867.04785,1.030940171,1.566837611,1.055451814,1.055451814,0.605621388,0.535897441,,12601.86078
78,0.606401425,1.606401428,1.000000004,14731.67028,10972.60914,1.676782857,1.282815,1.779570649,1.779570649,0.606401425,0.393967857,,-3759.061142
418,0.608836406,1.131067606,1.739904012,6621.897126,15154.04301,1.234255095,1.795026792,1.304133637,1.304133637,0.608836406,0.560771698,,8532.14588
91,0.609290954,1.662742991,1.053452038,7223.293969,7544.069338,1.651507631,1.024892312,1.845778345,1.845778345,0.609290954,0.626615319,,320.7753693
224,0.610649039,1.884771909,1.27412287,12306.20465,15806.34644,1.782204872,1.598936603,1.656905198,1.656905198,0.610649039,0.183268268,,3500.141783
333,0.618314915,1.000000003,1.618314919,42075.48885,98242.39672,1.054857022,1.64342936,1.204536075,1.204536075,0.618314915,0.588572338,,56166.90787
309,0.622310132,1.931838655,1.309528523,6531.732974,14492.4901,1.806768435,1.38646313,1.529560132,1.529560132,0.622310132,0.420305305,,7960.75713
201,0.623154585,1.863582425,1.24042784,8422.397195,13596.26767,1.685433742,1.359504294,1.244962926,1.244962926,0.623154585,0.325929448,,5173.870476
431,0.636616075,1.636616079,1.000000005,15881.21034,13499.29694,1.710107515,1.144946242,1.844941317,1.844941317,0.636616075,0.565161273,,-2381.913401
345,0.63792314,1.926900745,1.288977605,28109.50509,56625.65244,1.706942659,1.334922676,1.680379713,1.680379713,0.63792314,0.372019983,,28516.14734
210,0.638169491,1.304915159,1.943084651,24113.78212,41216.09771,1.301251214,1.655712898,1.561829621,1.561829621,0.638169491,0.354461684,,17102.31559
131,0.644357834,1.957153742,1.312795908,10302.29819,11960.79148,1.969937744,1.420871579,1.882758496,1.882758496,0.644357834,0.549066165,,1658.49329
148,0.654509601,1.000000005,1.654509606,18314.64295,21946.25467,1.161803664,1.555039925,1.564669463,1.564669463,0.654509601,0.393236261,,3631.611716
336,0.659821975,1.66985641,1.010034434,11459.22914,7882.445379,1.523819779,1.034012873,1.658818303,1.658818303,0.659821975,0.489806906,,-3576.783757
179,0.661696213,1.168879886,1.830576099,820.1363553,170.3928473,1.948989718,1.714143946,1.835508737,1.835508737,0.661696213,0.234845772,,-649.743508
353,0.663834926,1.000000005,1.66383493,20285.63391,42111.16675,1.030062256,1.579128421,1.822584472,1.822584472,0.663834926,0.549066165,,21825.53284
90,0.664505104,1.678561222,1.014056118,16120.44829,47831.06313,1.749125957,1.125437021,1.330555366,1.330555366,0.664505104,0.623688936,,31710.61484
77,0.666571774,1.169480711,1.836052486,18273.47213,37149.81504,1.17957511,1.64084978,1.641680878,1.641680878,0.666571774,0.46127467,,18876.34291
79,0.669109853,1.101976457,1.771086311,9394.261065,17607.86354,1.075146612,1.511547025,1.209558646,1.209558646,0.669109853,0.436400413,,8213.602475
124,0.670441158,1.999999991,1.329558833,18125.0425,14473.03271,1.965743262,1.479594335,1.938370277,1.938370277,0.670441158,0.486148927,,-3652.009791
14,0.670668321,1.32933167,1.999999991,31254.56634,34231.33841,1.37686023,1.942021503,1.965180731,1.965180731,0.670668321,0.565161273,,2976.772068
122,0.680340093,1.319659899,1.999999991,34161.47562,29393.35703,1.371282047,1.907179488,1.934868238,1.934868238,0.680340093,0.535897441,,-4768.118595
255,0.68943646,1.689436465,1.000000004,34300.3965,102882.7493,1.626926013,1.026648142,1.195874769,1.195874769,0.68943646,0.600277871,,68582.35279
114,0.690430148,1.000000004,1.690430152,22365.05028,58341.223,1.085797192,1.656811231,1.841764021,1.841764021,0.690430148,0.571014039,,35976.17271
300,0.692198785,1.692198789,1.000000004,17106.77156,47229.14926,1.557278093,1.031622993,1.40882519,1.40882519,0.692198785,0.5256551,,30122.3777
109,0.694865264,1.223300534,1.918165798,6271.003392,8944.123099,1.253879917,1.830746722,1.920438407,1.920438407,0.694865264,0.576866805,,2673.119706
26,0.698323557,1.000000004,1.698323562,11467.44017,17447.48345,1.213849903,1.75560011,1.671012275,1.671012275,0.698323557,0.541750207,,5980.043286
121,0.698366658,1.21931173,1.917678388,9985.662475,28065.30864,1.201559094,1.76964675,1.748389879,1.748389879,0.698366658,0.568087656,,18079.64616
410,0.698412655,1.301587337,1.999999992,15713.53666,15815.57737,1.293129562,1.893407432,1.977066553,1.977066553,0.698412655,0.600277871,,102.0407058
158,0.707398696,1.000000004,1.707398699,48016.36954,42374.14621,1.044840491,1.37223313,1.00424194,1.00424194,0.707398696,0.32739264,,-5642.223329
117,0.70857658,1.737281561,1.02870498,19903.31,40924.0147,1.590053585,1.029281887,1.886637657,1.886637657,0.70857658,0.560771698,,21020.7047
319,0.710078057,1.999999992,1.289921935,30149.67564,19492.76225,1.972766581,1.38126786,1.89758782,1.89758782,0.710078057,0.591498721,,-10656.91339
357,0.712680384,1.181579104,1.894259488,23278.56796,71992.75636,1.245100767,1.836599488,1.557058665,1.557058665,0.712680384,0.591498721,,48714.18839
326,0.719118695,1.834600693,1.115481998,6806.79744,27139.24118,1.739060653,1.094887035,1.21792982,1.21792982,0.719118695,0.644173618,,20332.44374
276,0.724483731,1.796496063,1.072012333,10592.15608,26463.91714,1.786150097,1.24439989,1.429358525,1.429358525,0.724483731,0.541750207,,15871.76107
74,0.725044531,1.725044535,1.000000004,22552.01735,67333.0065,1.653574155,1.053296284,1.428814711,1.428814711,0.725044531,0.600277871,,44780.98915
343,0.725778781,1.00815281,1.733931591,10506.55753,15726.74919,1.349390217,1.600696895,1.460099813,1.460099813,0.725778781,0.251306677,,5220.191664
2,0.727422459,1.272577534,1.999999993,31571.65211,21051.8288,1.37686023,1.942021503,1.907257615,1.907257615,0.727422459,0.565161273,,-10519.82331
171,0.728177548,1.871187676,1.143010128,18522.92865,46163.11047,1.845299147,1.309401706,1.705506131,1.705506131,0.728177548,0.535897441,,27640.18182
132,0.739993748,1.091841268,1.831835016,12826.39993,28882.03539,1.058368681,1.620603571,1.233917598,1.233917598,0.739993748,0.562234889,,16055.63546
54,0.740848278,1.107529831,1.84837811,13751.97643,29593.23483,1.156341082,1.570062025,1.423526866,1.423526866,0.740848278,0.413720943,,15841.2584
175,0.741582483,1.970515469,1.228932986,23250.92407,31101.14567,1.596014681,1.353487154,1.955500617,1.955500617,0.741582483,0.242527528,,7850.221599
173,0.748976315,1.010433577,1.759409893,18607.07226,35962.50574,1.153804883,1.577036572,1.246883875,1.246883875,0.748976315,0.423231689,,17355.43348
41,0.750586121,1.750586124,1.000000003,51701.6021,114656.4176,1.700670869,1.021380652,1.896777588,1.896777588,0.750586121,0.679290216,,62954.81547
234,0.75080783,1.750807834,1.000000003,24550.46923,21218.10889,1.739150929,1.391273607,1.848003499,1.848003499,0.75080783,0.347877322,,-3332.360341
334,0.750971695,1.863505322,1.112533627,23038.71937,49633.32838,1.693950972,1.2677929,1.487064817,1.487064817,0.750971695,0.426158072,,26594.609
290,0.755875357,1.007196103,1.76307146,16345.69537,39080.50353,1.029281887,1.590053585,1.893406359,1.893406359,0.755875357,0.560771698,,22734.80816
412,0.756662417,1.212048225,1.968710641,255.8518407,1971.520751,1.933870072,1.925818996,1.658244455,1.658244455,0.756662417,0.008051076,,1715.66891
218,0.760181535,1.239818455,1.99999999,36624.75064,57460.27281,1.299567605,1.891066326,1.84735449,1.84735449,0.760181535,0.591498721,,20835.52217
312,0.760208131,1.99999999,1.23979186,27376.76082,38711.6755,1.933516937,1.265932253,1.965458877,1.965458877,0.760208131,0.667584684,,11334.91468
207,0.76272194,1.237278051,1.99999999,12446.90761,5822.426336,1.243771232,1.911355916,1.924683068,1.924683068,0.76272194,0.667584684,,-6624.481269
25,0.762861371,1.098506567,1.861367938,23963.61743,67883.01449,1.054466837,1.645965558,1.538324207,1.538324207,0.762861371,0.591498721,,43919.39706
235,0.767786295,1.873355853,1.105569558,25283.39312,62452.0548,1.638082379,1.090479405,1.36713092,1.36713092,0.767786295,0.547602973,,37168.66167
48,0.771901381,1.771901386,1.000000005,92401.88606,153045.909,1.590053585,1.029281887,1.895496292,1.895496292,0.771901381,0.560771698,,60644.02292
211,0.775734232,1.775734237,1.000000005,29188.284,80159.80012,1.722521196,1.019819915,1.715292125,1.715292125,0.775734232,0.702701282,,50971.51612
52,0.779358237,1.974197786,1.194839549,1591.799295,4253.651599,1.864761465,1.866959775,1.750074549,1.750074549,0.779358237,0.00219831,,2661.852304
153,0.783768137,1.000000004,1.783768141,50327.19266,41890.8841,1.029281887,1.590053585,1.005368304,1.005368304,0.783768137,0.560771698,,-8436.308561
480,0.784567579,1.11867523,1.90324281,29695.33479,37022.39244,1.431388504,1.933632538,1.985989681,1.985989681,0.784567579,0.502244034,,7327.057657
84,0.792433434,1.792433438,1.000000004,45300.4515,68483.04875,1.45178198,1.03915843,1.01020551,1.01020551,0.792433434,0.41262355,,23182.59725
409,0.79648166,1.193949907,1.990431567,4359.051182,2045.807251,1.906465947,1.607971342,1.733027473,1.733027473,0.79648166,0.298494606,,-2313.243931
27,0.8,1.000000004,1.800000004,81726.40185,134871.5369,1.023331574,1.673357959,1.965925571,1.965925571,0.8,0.650026385,,53145.13509
62,0.8,1.800000004,1.000000004,100333.3784,148523.7158,1.722521196,1.019819915,1.924585207,1.924585207,0.8,0.702701282,,48190.33739
95,0.8,1.199999992,1.999999992,15816.38103,5327.624781,1.19242587,1.871716087,1.954082639,1.954082639,0.8,0.679290216,,-10488.75625
110,0.8,1.000000004,1.800000004,40526.68804,120442.8498,1.025672681,1.640582467,1.369304771,1.369304771,0.8,0.614909786,,79916.16178
116,0.8,1.000000004,1.800000004,34128.20491,74999.31518,1.023721759,1.667895377,1.89078465,1.89078465,0.8,0.644173618,,40871.11026
142,0.8,1.000000004,1.800000004,30212.31171,84577.53224,1.019819915,1.722521196,1.903996862,1.903996862,0.8,0.702701282,,54365.22053
147,0.8,1.199999992,1.999999992,10010.37043,12168.98802,1.938747377,1.857536722,1.817587969,1.817587969,0.8,0.081210655,,2158.617591
170,0.8,1.199999992,1.999999992,7485.314258,3506.852173,1.937576824,1.873924468,1.953373752,1.953373752,0.8,0.063652356,,-3978.462084
178,0.8,1.800000004,1.000000004,10924.13341,17288.33561,1.538159056,1.032988639,1.762120831,1.762120831,0.8,0.505170417,,6364.202196
193,0.8,1.999999992,1.199999992,19377.34119,14499.21881,1.960360171,1.257658889,1.885054569,1.885054569,0.8,0.702701282,,-4878.122382
199,0.8,1.808398217,1.008398217,17891.93514,26749.50021,1.743273191,1.128363405,1.914587485,1.914587485,0.8,0.614909786,,8857.565064
202,0.8,1.068471004,1.868471004,24964.32282,85390.20616,1.039639829,1.742341111,1.43959045,1.43959045,0.8,0.702701282,,60425.88334
203,0.8,1.000000004,1.800000004,52268.98718,115845.6464,1.025672681,1.640582467,1.820713064,1.820713064,0.8,0.614909786,,63576.6592
209,0.8,1.801783375,1.001783375,43864.91476,122093.3012,1.676399943,1.049784624,1.063178377,1.063178377,0.8,0.626615319,,78228.38643
213,0.8,1.008603234,1.808603234,29487.73863,71147.04086,1.163321021,1.813347405,1.65968875,1.65968875,0.8,0.650026385,,41659.30223
215,0.8,1.800000004,1.000000004,47846.63463,106484.7245,1.611903912,1.027721149,1.103682903,1.103682903,0.8,0.584182763,,58638.08989
217,0.8,1.000000004,1.800000004,40551.03797,74852.25541,1.040060732,1.439149759,1.198705942,1.198705942,0.8,0.399089027,,34301.21744
223,0.8,1.800000004,1.000000004,24089.49376,52380.66454,1.508114856,1.035134653,1.318718623,1.318718623,0.8,0.472980203,,28291.17078
242,0.8,1.199999992,1.999999992,10682.28154,6489.068196,1.21801906,1.920720342,1.874429493,1.874429493,0.8,0.702701282,,-4193.213347
249,0.8,1.000000004,1.800000004,68420.39905,68169.95816,1.824143366,1.703426538,1.750399696,1.750399696,0.8,0.120716828,,-250.4408953
252,0.8,1.199999992,1.999999992,15012.39499,5229.068381,1.639979127,1.767280317,1.931288542,1.931288542,0.8,0.12730119,,-9783.326609
258,0.8,1.800000004,1.000000004,46245.02539,98687.29339,1.676399943,1.049784624,1.900906496,1.900906496,0.8,0.626615319,,52442.268
260,0.8,1.800000004,1.000000004,98291.81203,156220.1434,1.55659527,1.031671766,1.016048124,1.016048124,0.8,0.524923504,,57928.33136
293,0.8,1.199999992,1.999999992,13231.16896,9204.222241,1.823265451,1.706938197,1.793995772,1.793995772,0.8,0.116327253,,-4026.946717
294,0.8,1.152452269,1.952452269,23169.42722,13708.5547,1.414592518,1.89635187,1.979729224,1.979729224,0.8,0.481759352,,-9460.87252
317,0.8,1.000000004,1.800000004,102336.344,182721.2641,1.036500299,1.488995819,1.824727106,1.824727106,0.8,0.45249552,,80384.92003
382,0.8,1.999999992,1.199999992,29945.24479,46482.72092,1.87553844,1.248923121,1.967408079,1.967408079,0.8,0.626615319,,16537.47613
383,0.8,1.800000004,1.000000004,18207.83782,23213.65704,1.953336851,1.303310467,1.971088772,1.971088772,0.8,0.650026385,,5005.819224
393,0.8,1.000000004,1.800000004,38192.82565,59014.85515,1.019819915,1.722521196,1.89673475,1.89673475,0.8,0.702701282,,20822.0295
398,0.8,1.000000004,1.800000004,18610.77867,17173.11671,1.301048851,1.924737787,1.879647541,1.879647541,0.8,0.623688936,,-1437.661969
406,0.8,1.800000004,1.000000004,72848.47852,154228.05,1.640582467,1.025672681,1.826436011,1.826436011,0.8,0.614909786,,81379.57152
413,0.8,1.000000004,1.800000004,19952.37854,13365.90305,1.138605746,1.722788509,1.761059533,1.761059533,0.8,0.584182763,,-6586.475487
419,0.8,1.000000004,1.800000004,32544.74189,50283.07504,1.028989248,1.594150521,1.874369434,1.874369434,0.8,0.565161273,,17738.33315
424,0.8,1.800000004,1.000000004,43636.77327,119679.1116,1.742341111,1.039639829,1.119815019,1.119815019,0.8,0.702701282,,76042.33836
437,0.8,1.199999992,1.999999992,10558.60612,7056.006835,1.828825579,1.684697685,1.756844553,1.756844553,0.8,0.144127893,,-3502.59928
438,0.8,1.999999992,1.199999992,16911.7111,12645.89213,1.953553025,1.953553025,1.967709343,1.967709343,0.8,0,,-4265.818971
446,0.8,1.999999992,1.199999992,16147.93353,4331.249375,1.980180085,1.277478804,1.98340386,1.98340386,0.8,0.702701282,,-11816.68416
465,0.8,1.999999992,1.199999992,28672.18667,23344.72215,1.952556482,1.308382864,1.976685164,1.976685164,0.8,0.644173618,,-5327.464525
472,0.8,1.085357525,1.885357525,15019.94907,21821.41157,1.280137874,1.859931063,1.831851632,1.831851632,0.8,0.579793188,,6801.4625
476,0.8,1.036604208,1.836604208,19993.46733,54229.96773,1.082285532,1.67085787,1.418438991,1.418438991,0.8,0.588572338,,34236.5004
278,0.8,1.822326798,1.022326798,37278.89664,93968.15591,1.80936607,1.217867349,1.435058299,1.435058299,0.8,0.591498721,,56689.25927
303,0.8,1.975891447,1.175891447,30886.15646,37073.1117,1.967499092,1.455012716,1.902756048,1.902756048,0.8,0.512486375,,6186.955237
