1,0.039595062812692206,1.2756130203251557,1.2360179575124635,7980.845878884201,7902.871700034647,1.2949089433034309,1.2949089433034309,1.226792229122415,1.226792229122415,0.039595062812692206,0.0
2,0.07036079026412212,1.6154801114754862,1.6858409017396083,10282.042778616715,8499.60478924926,1.5974821088476319,1.5974821088476319,1.7008252096924803,1.7008252096924803,0.07036079026412212,0.0
3,0.23737067079100305,1.9957928002487084,1.7584221294577054,21345.49778201408,31909.602340555142,1.9553765718690441,1.892468562619117,1.7848949052302214,1.7848949052302214,0.23737067079100305,0.06290800924992723
4,0.2256464328414216,1.3964891724023158,1.6221356052437375,13756.609507542787,18094.950616160073,1.3606937455948285,1.519075005873562,1.4596534535558,1.4596534535558,0.2256464328414216,0.15838126027873356
5,0.40903935815094483,1.0000000035190213,1.4090393616699661,47966.17975238959,96251.55329242215,1.1091005411046058,1.345396753372365,1.3045204828332173,1.3045204828332173,0.40903935815094483,0.2362962122677592
6,0.7556865374610369,1.2443134527188942,1.999999990179931,136804.76220922967,204061.98036858786,1.4106604758727586,1.979466976206362,1.9400364384532571,1.9400364384532571,0.7556865374610369,0.5688065003336034
7,0.7295498889359502,1.9999999927529202,1.27045010381697,109760.41001980717,202619.87799622802,1.8868351709751898,1.2829120725620256,1.884890478879159,1.884890478879159,0.7295498889359502,0.6039230984131643
8,0.7999999999999998,1.8000000040194544,1.0000000040194545,243480.92907766628,721013.9922732773,1.5600756923942736,1.0219962153802864,1.9912452504661835,1.9912452504661835,0.7999999999999998,0.5380794770139872
9,0.3134819437582541,1.3134819478462956,1.0000000040880415,62651.80870437411,125957.02876770626,1.1974132062749971,1.04012933968625,1.066251866367212,1.066251866367212,0.3134819437582541,0.15728386658874705
10,0.6651086353085178,1.3135699081560523,1.9786785434645702,109306.47142467363,271886.6967990562,1.3959318768451534,1.934011353859141,1.8938754513481713,1.8938754513481713,0.6651086353085178,0.5380794770139876
11,0.5127706945134354,1.128192655935609,1.6409633504490444,2959.2248726734047,1216.1690589430025,1.8361382033426603,1.6964126357936935,1.6144627646146992,1.6144627646146992,0.5127706945134354,0.1397255675489668
12,0.3350668512263395,1.0000000039595087,1.3350668551858482,145378.1843793995,134543.26303345436,1.0372029565129535,1.2559408697409324,1.005863819318742,1.005863819318742,0.3350668512263395,0.21873791322797898
13,0.0,1.999999992060336,1.999999992060336,66283.36487989324,43858.093700210884,1.9668788161038986,1.9668788161038986,1.9984494492870577,1.9984494492870577,0.0,0.0
14,0.31733798887131703,1.721317285379093,1.403979296507776,13654.83449761982,37737.75009662726,1.6524749786850068,1.4633666950866575,1.3789611981618823,1.3789611981618823,0.31733798887131703,0.1891082835983493
15,0.5923455036886192,1.029551825687961,1.6218973293765802,52774.71924626173,207303.49949056766,1.0678698924665497,1.5927806452007014,1.4604547942378474,1.4604547942378474,0.5923455036886192,0.5249107527341517
16,0.4453244678914823,1.4453244728459111,1.0000000049544289,111539.75013769961,314276.54153851565,1.5036383026235502,1.0248180848688224,1.034459816893217,1.034459816893217,0.4453244678914823,0.47882021775472783
17,0.5898019637865799,1.5898019674505184,1.0000000036639385,52956.0084853105,68084.85651290888,1.738505402290258,1.1609197524367643,1.8380400957834069,1.8380400957834069,0.5898019637865799,0.5775856498534937
18,0.7011863634546311,1.164058344194147,1.8652447076487781,91980.30684285308,225659.19909047824,1.2856450894130798,1.7403226459881096,1.3930315086460374,1.3930315086460374,0.7011863634546311,0.45467755657502984
19,0.06262959154620606,1.6493942103461694,1.7120238018923755,3369.677455981991,3377.943472319385,1.7263290642375821,1.7263290642375821,1.6292368127347086,1.6292368127347086,0.06262959154620606,0.0
20,0.6425997319879504,1.642599736776464,1.0000000047885136,200753.8626991081,673717.7381016464,1.5977006189080893,1.0201149690545956,1.101693255179598,1.101693255179598,0.6425997319879504,0.5775856498534937
21,0.30628464056400206,1.7634027747693912,1.4571181342053892,18841.118561983854,47864.21315649075,1.7061388405477544,1.477524384109899,1.5989598380478334,1.5989598380478334,0.30628464056400206,0.22861445643785538
22,0.7503224576103307,1.8483181838508052,1.0979957262404745,90272.19534739088,316737.4991387533,1.6935801788904792,1.0720987814375342,1.2450836267055179,1.2450836267055179,0.7503224576103307,0.621481397452945
23,0.16516792800317148,1.772994397138066,1.6078264691348945,5292.650114158031,6280.777509049437,1.7881180804569847,1.678022142537648,1.6992463884323579,1.6992463884323579,0.16516792800317148,0.1100959379193367
24,0.0,1.999999992060336,1.999999992060336,47901.56549972295,83130.1211199234,1.9968684297107822,1.9968684297107822,1.9425891665999355,1.9425891665999355,0.0,0.0
25,0.7704141295662135,1.1342733977212383,1.9046875272874517,56565.55351773436,51239.08145004677,1.2859507999437223,1.8240302769577095,1.994458931437964,1.994458931437964,0.7704141295662135,0.5380794770139872
26,0.2898211847355192,1.9036502521231058,1.6138290673875866,67472.72396965764,48421.76315855034,1.9097080068904821,1.8577739345404183,1.7643004451641278,1.7643004451641278,0.2898211847355192,0.051934072350063865
27,0.1878359548780275,1.7904988873954335,1.602662932517406,8712.371284785566,21487.805699543707,1.7972630278735375,1.6487583108046804,1.756340699007119,1.756340699007119,0.1878359548780275,0.14850471706885715
28,0.002005207984712598,1.404394123987041,1.4023889160023284,4119.583571690519,7339.165496489654,1.396102492756738,1.396102492756738,1.4450675315592507,1.4450675315592507,0.002005207984712598,0.0
29,0.6983193111200561,1.9362799018489232,1.237960590728867,46422.562145702905,13067.415427664124,1.9811391951625317,1.3772160967493674,1.9362464039462048,1.9362464039462048,0.6983193111200561,0.6039230984131643
30,0.6842693827268622,1.6842693869570784,1.0000000042302162,110076.71888702446,330069.99587526236,1.5860434277954627,1.0435743760215304,1.1748118206074178,1.1748118206074178,0.6842693827268622,0.5424690517739323
31,0.44322603427876306,1.4432260392519354,1.0000000049731723,38592.372319446535,95971.61381106317,1.5383851875446297,1.048591032890039,1.0786103010859422,1.0786103010859422,0.44322603427876306,0.48979415465459075
32,0.20492378090924213,1.7925334083526598,1.997457189261902,27332.675643356764,30700.918255386452,1.913371299571237,1.954331435021438,1.9131263933605185,1.9131263933605185,0.20492378090924213,0.04096013545020094
33,0.1784469581882826,1.2485663579475428,1.4270133161358254,9602.199546288828,8594.0251275882,1.2745706641674355,1.2745706641674355,1.3093040064429382,1.3093040064429382,0.1784469581882826,0.0
34,0.7593902823231065,1.9489461787789057,1.1895558964557993,1428.8887996464807,1397.1808906969027,1.9898720786233903,1.9898720786233903,1.984771722349154,1.984771722349154,0.7593902823231065,0.0
35,0.20143265258387233,1.6368275034162052,1.8382601560000775,13258.48706827053,19003.279817790728,1.773121765146153,1.8711463724756412,1.8214689810246392,1.8214689810246392,0.20143265258387233,0.09802460732948814
36,0.0,1.0000000039698316,1.0000000039698316,94296.15055515709,90334.37657056979,1.005032497138656,1.005032497138656,1.0032774644292992,1.0032774644292992,0.0,0.0
37,0.7999999999999998,1.1999999919610906,1.9999999919610905,70097.55950602332,56167.93776530371,1.963052257445947,1.963052257445947,1.9793993341291447,1.9793993341291447,0.7999999999999998,0.0
38,0.0,1.999999992060336,1.999999992060336,24821.783412163088,34435.05238817091,1.9684376273299211,1.9684376273299211,1.9257308976538692,1.9257308976538692,0.0,0.0
39,0.039304266195524296,1.5308509452005352,1.5701552113960595,9646.528014594753,2538.213831051641,1.4645241761426633,1.4890234062430705,1.5625163146961505,1.5625163146961505,0.039304266195524296,0.02449923010040722
40,0.33347974003995695,1.0000000039689598,1.3334797440089168,54193.14784793087,91474.21624317416,1.0344856007091778,1.3102879858164436,1.0441677287131863,1.0441677287131863,0.33347974003995695,0.27580238510726574
41,0.0,1.999999992060336,1.999999992060336,43315.94403168702,28466.52860533528,1.9336290706612704,1.9336290706612704,1.9765447150123698,1.9765447150123698,0.0,0.0
42,0.4468389848173677,1.000000004940901,1.4468389897582687,101566.833023239,222322.42053018915,1.028580577520204,1.4283884495959196,1.0633765590785367,1.0633765590785367,0.4468389848173677,0.39980787207571566
43,0.7999999999999998,1.0224133741651644,1.8224133741651642,89759.68784284704,186858.33845168803,1.1798772404353541,1.83647523596786,1.785751593889406,1.785751593889406,0.7999999999999998,0.6565979955325059
44,0.5001544551132855,1.0379209101369693,1.5380753652502548,46740.03014370595,140484.4477059349,1.079470911474976,1.523174531150143,1.4542525132589936,1.4542525132589936,0.5001544551132855,0.4437036196751669
45,0.2553542921665346,1.000000004434177,1.2553542966007116,61409.495346488606,65841.63331480973,1.0363668470348686,1.2726630593026278,1.0053401919408624,1.0053401919408624,0.2553542921665346,0.2362962122677592
46,0.15658303321872769,1.0000000033482233,1.156583036566951,51588.54013499422,47554.23434601902,1.0412789902186168,1.1744201956276654,1.0250021533186013,1.0250021533186013,0.15658303321872769,0.1331412054090486
47,0.4350588862650442,1.9999999932718362,1.564941107006792,63239.650850179925,44466.42749857721,1.9017166252681161,1.589700248391303,1.985707155512865,1.985707155512865,0.4350588862650442,0.31201637687681316
48,0.1639507434883236,1.7760009087378235,1.939951652226147,9713.027694943565,7744.760191284733,1.738628333913336,1.922249649061754,1.8371727169149672,1.8371727169149672,0.1639507434883236,0.18362131514841806
49,0.5161549060882473,1.6768452028799696,1.1606902967917223,36236.61886353203,148396.04420272104,1.7330706906827067,1.1642641903491038,1.4399047319669898,1.4399047319669898,0.5161549060882473,0.5688065003336029
50,0.364383407426478,1.3722340269158375,1.0078506194893595,46747.540241978,155145.65953132242,1.4480331070690924,1.0581017782032536,1.2158127690721647,1.2158127690721647,0.364383407426478,0.3899313288658388
51,0.0,1.0000000039698316,1.0000000039698316,122779.30246206088,113453.10432117069,1.0047532283474858,1.0047532283474858,1.001232527452395,1.001232527452395,0.0,0.0
52,0.32264836600070224,1.3226483700341598,1.0000000040334576,654159.9467114843,229993.86089721895,1.2559408697409324,1.0372029565129535,1.0009705920038972,1.0009705920038972,0.32264836600070224,0.21873791322797898
53,0.0,1.999999992060336,1.999999992060336,48836.269579859945,51848.92876083333,1.962571564419649,1.962571564419649,1.9545630050860012,1.9545630050860012,0.0,0.0
54,0.0,1.0000000039698316,1.0000000039698316,31752.19343968533,34841.91704533514,1.0063253232562241,1.0063253232562241,1.014690426229683,1.014690426229683,0.0,0.0
55,0.12402546097085665,1.9999999930450567,1.8759745320742,48035.41975101559,45543.23067001281,1.9124253626942578,1.8319590544045503,1.9168662915677759,1.9168662915677759,0.12402546097085665,0.08046630828970747
56,0.0,1.0000000039698316,1.0000000039698316,138414.6820914607,102908.36700378462,1.01271566337285,1.01271566337285,1.0017579621417259,1.0017579621417259,0.0,0.0
57,0.0226823386669337,1.8117568616490105,1.8344392003159442,10663.056977858432,6887.379439784739,1.8980714495146547,1.8980714495146547,1.8486962337117647,1.8486962337117647,0.0226823386669337,0.0
58,0.568393058662183,1.5683930625173486,1.0000000038551655,135032.87075015594,133939.44153569735,1.7768842577975346,1.8705192903670775,1.7298528122456651,1.7298528122456651,0.568393058662183,0.09363503256954298
59,0.7261336587569787,1.0000000036693109,1.7261336624262895,110738.4708007467,289054.83728229464,1.026490303824992,1.4701939235001589,1.3763647332781392,1.3763647332781392,0.7261336587569787,0.4437036196751669
60,0.6408878042345498,1.6408878090460002,1.0000000048114503,176433.0337987899,437396.05562988634,1.5834227551528084,1.0980181752581628,1.6487772939681822,1.6487772939681822,0.6408878042345498,0.4854045798946456
61,0.0,1.999999992060336,1.999999992060336,42763.612602463785,36436.59245569245,1.8987407180164126,1.8987407180164126,1.915742080414593,1.915742080414593,0.0,0.0
62,0.33077577549482484,1.0000000039850612,1.330775779479886,98977.51678610538,152149.2495630722,1.0369939291434322,1.2601214171313564,1.005902457372701,1.005902457372701,0.33077577549482484,0.22312748798792414
63,0.0,1.0000000039698316,1.0000000039698316,175433.16916151182,165443.26252779103,1.001873308266383,1.001873308266383,1.0003699158010588,1.0003699158010588,0.0,0.0
64,0.7999999999999998,1.1999999919610906,1.9999999919610905,10090.163958822279,13500.943481932838,1.956087725283208,1.956087725283208,1.9177312517238865,1.9177312517238865,0.7999999999999998,0.0
65,0.0,1.999999992060336,1.999999992060336,28194.35795476315,29646.258049602005,1.9922557755519201,1.9922557755519201,1.9875501801526296,1.9875501801526296,0.0,0.0
66,0.37801311330064724,1.0000000037037746,1.3780131170044219,61923.86930137509,141483.95877859803,1.0369939291434322,1.2601214171313564,1.148728965487953,1.148728965487953,0.37801311330064724,0.22312748798792414
67,0.0,1.999999992060336,1.999999992060336,52151.15115497168,33017.85581512166,1.953077270804311,1.9384545839137806,1.9915781556988663,1.9915781556988663,0.0,0.014622686890530368
68,0.42304129589756023,1.1057603296428247,1.528801625540385,8503.12929587273,2761.864360517772,1.8393297859896782,1.5141446848330296,1.4935989913057273,1.4935989913057273,0.42304129589756023,0.32518510115664867
69,0.13099458048702406,1.9999999931003893,1.8690054126133653,26863.539481875978,32307.176435440768,1.9570487908252137,1.8590241834957255,1.93018146697506,1.93018146697506,0.13099458048702406,0.09802460732948814
70,0.45073273192032826,1.8080311400028988,1.3572984080825705,20217.32288778359,45548.73733652364,1.6258318195946937,1.340152891277551,1.5193156147066564,1.5193156147066564,0.45073273192032826,0.2856789283171426
71,0.0,1.999999992060336,1.999999992060336,29832.48443884528,33333.54543420794,1.9772178528273372,1.9772178528273372,1.9656117569804405,1.9656117569804405,0.0,0.0
72,0.0,1.999999992060336,1.999999992060336,36783.2573924146,57038.07745168001,1.999075737522106,1.999075737522106,1.96574991532627,1.96574991532627,0.0,0.0
73,0.0,1.0000000039698316,1.0000000039698316,79095.34633152366,73088.61684485403,1.0099555070572364,1.0099555070572364,1.0063736759659814,1.0063736759659814,0.0,0.0
74,0.1471570071511903,1.79765881839265,1.9448158255438404,25596.016827359774,18319.788932098556,1.7808246226606779,1.7808246226606779,1.9388531076076343,1.9388531076076343,0.1471570071511903,0.0
75,0.45492814956659444,1.9999999902627041,1.5450718406961097,58705.995906048796,105281.38791554877,1.9420027354815073,1.5509740129256815,1.972078172745348,1.972078172745348,0.45492814956659444,0.39102872255582577
76,0.5033227928553297,1.6133869942482217,1.110064201392892,25069.230750572162,4986.817273086359,1.8766405704860456,1.8766405704860456,1.5445412850957894,1.5445412850957894,0.5033227928553297,0.0
77,0.43075343764201257,1.9999999932205608,1.5692465555785482,47926.84650193434,97498.03385547633,1.9672388750893721,1.655222498212559,1.8006024596124899,1.8006024596124899,0.43075343764201257,0.31201637687681316
78,0.7999999999999998,1.0000000040194545,1.8000000040194544,193462.70089069632,416292.41343294183,1.0904931899553998,1.6154039426895515,1.8779476787900817,1.8779476787900817,0.7999999999999998,0.5249107527341517
79,0.0,1.999999992060336,1.999999992060336,60464.02183082435,47382.073764760935,1.9743923096072988,1.9743923096072988,1.983189805673612,1.983189805673612,0.0,0.0
80,0.332727545816792,1.9783295448676865,1.6456019990508945,20163.103653855087,22426.090386680637,1.8833744735926312,1.6997531584442132,1.9030837149233788,1.9030837149233788,0.332727545816792,0.18362131514841806
81,0.7999999999999998,1.8000000040194544,1.0000000040194545,51117.655503988884,104278.33202112826,1.657530788171712,1.0360493907187671,1.8348651947460075,1.8348651947460075,0.7999999999999998,0.621481397452945
82,0.16349581923690426,1.2835102698725165,1.1200144506356122,37595.88941095639,37370.64621128819,1.160097905553644,1.0884107467838269,1.2275478204309154,1.2275478204309154,0.16349581923690426,0.07168715876981713
83,0.5922961378476046,1.00000000364166,1.5922961414892647,575536.425215828,364344.5551733176,1.0219962153802864,1.5600756923942736,1.0052941683936263,1.0052941683936263,0.5922961378476046,0.5380794770139872
84,0.5631267245099822,1.8212940929070054,1.2581673683970231,28168.929087792647,49804.73552963455,1.6817949825221743,1.3500255192256083,1.3697080672506705,1.3697080672506705,0.5631267245099822,0.331769463296566
85,0.3391078293349983,1.0000000039354457,1.339107833270444,289362.9337801029,280902.60620471486,1.0353217101872627,1.2935657962547478,1.0032732652092435,1.0032732652092435,0.3391078293349983,0.25824408606748506
86,0.2803937149042297,1.5634868574291139,1.2830931425248842,18070.92983337076,40296.50387851058,1.618933916400494,1.346423712363187,1.3229410730481512,1.3229410730481512,0.2803937149042297,0.2725102040373071
87,0.24452218507330414,1.2445221895719836,1.0000000044986794,185939.72271151844,173358.1912336771,1.2224964906175408,1.0388751754691232,1.0070675179931845,1.0070675179931845,0.24452218507330414,0.18362131514841762
88,0.32231664296249196,1.000000004035433,1.322316646997925,101860.5858047344,186326.87805146357,1.0388751754691232,1.2224964906175408,1.422191963685258,1.422191963685258,0.32231664296249196,0.18362131514841762
89,0.10176138344658003,1.8982386094217076,1.9999999928682877,38487.75820258841,31015.673902742546,1.9468156786946285,1.9526592160652685,1.9762784694237912,1.9762784694237912,0.10176138344658003,0.005843537370640028
90,0.0,1.0000000039698316,1.0000000039698316,81065.97441909197,41813.58993552915,1.6729504719357198,1.016352476403214,1.0456440882294935,1.0456440882294935,0.0,0.6565979955325059
91,0.726083268804357,1.9075899784352974,1.1815067096309404,6684.014242125134,11772.886899609175,1.8521341108251657,1.8579776481958057,1.7978127528725751,1.7978127528725751,0.726083268804357,0.005843537370640028
92,0.3711784763192858,1.371178480063759,1.0000000037444732,65290.87517825187,103402.15630411527,1.2224964906175408,1.0388751754691232,1.020621178080548,1.020621178080548,0.3711784763192858,0.18362131514841762
93,0.6625678279264315,1.3374321630316128,1.9999999909580444,112745.60716329151,66491.98364127376,1.3921693841937723,1.9346384359677047,1.9961654519226744,1.9961654519226744,0.6625678279264315,0.5424690517739323
94,0.4951976519418686,1.5048023390402194,1.999999990982088,118823.92952864981,108780.23110592805,1.4711817298727845,1.9214697116878692,1.9570937182609258,1.9570937182609258,0.4951976519418686,0.45028798181508467
95,0.42547355883191296,1.574526434325767,1.99999999315768,44875.33010207924,93680.46657092932,1.6844863299455264,1.9657756835027238,1.8424075203470398,1.8424075203470398,0.42547355883191296,0.2812893535571974
96,0.325271879298318,1.4631248290590013,1.7883967083573193,24345.47012093913,24303.591832836475,1.4545953760904065,1.4999450863005526,1.5293065725315578,1.5293065725315578,0.325271879298318,0.04534971021014611
97,0.0,1.0000000039698316,1.0000000039698316,97555.78214019343,96594.38332999071,1.0027232402092254,1.0027232402092254,1.0023788528175088,1.0023788528175088,0.0,0.0
98,0.0,1.999999992060336,1.999999992060336,30969.71298590101,33927.83229640756,1.9870809065653057,1.9870809065653057,1.9748273612299794,1.9748273612299794,0.0,0.0
99,0.0,1.999999992060336,1.999999992060336,37011.77131546118,29352.019535474054,1.9541549735873467,1.9541549735873467,1.9712819576969836,1.9712819576969836,0.0,0.0
100,0.5191303191375365,1.4808696722720904,1.999999991409627,35030.78850957552,75717.18744497091,1.4165772448471916,1.9019818247418372,1.8580853557288446,1.8580853557288446,0.5191303191375365,0.4854045798946456
101,0.24361490878678005,1.4691213771061502,1.7127362858929303,12243.286124518867,18215.572415089424,1.5817259449110064,1.5817259449110064,1.662292459134054,1.662292459134054,0.24361490878678005,0.0
102,0.2722626744918779,1.3857538371355154,1.6580165116273933,19107.519362374107,28036.57524859486,1.477524384109899,1.7061388405477544,1.5881446956504643,1.5881446956504643,0.2722626744918779,0.22861445643785538
103,0.7788604789881308,1.8369323680934233,1.0580718891052925,74478.4910822819,231389.11017700957,1.6714716193017929,1.10266511896819,1.2074155869126733,1.2074155869126733,0.7788604789881308,0.5688065003336029
104,0.2615319234627602,1.5951887854209588,1.3336568619581985,17111.853509538214,43150.29443890405,1.638477975450726,1.3286563859538854,1.3770817614231912,1.3770817614231912,0.2615319234627602,0.3098215894968406
105,0.08752456427935229,1.232505610002209,1.1449810457228566,5873.475406137815,6684.665374134334,1.1967782936427944,1.1338702843928676,1.1798111725248819,1.1798111725248819,0.08752456427935229,0.06290800924992679
106,0.22975748331213364,1.3069813970773965,1.53673888038953,15669.007183726382,16985.179907676466,1.3171193695732983,1.3657612608534035,1.4762618373712506,1.4762618373712506,0.22975748331213364,0.04864189128010521
107,0.09701229727071725,1.9029876955598644,1.9999999928305816,38508.805978513534,53178.00885653351,1.9053184321305372,1.8994748947598972,1.8462898367319913,1.8462898367319913,0.09701229727071725,0.005843537370640028
108,0.7999999999999998,1.8000000040194544,1.0000000040194545,137427.2682750366,198406.50512606133,1.689302948338934,1.032704952806428,1.0347442264016258,1.0347442264016258,0.7999999999999998,0.6565979955325059
109,0.23467403676369702,1.2626599816480868,1.0279859448843898,47280.00198075798,38305.397213915174,1.30943621529108,1.2158011827215374,1.0478173851619919,1.0478173851619919,0.23467403676369702,0.09363503256954253
110,0.08440058627139368,1.985688652922227,1.9012880666508334,14446.18599225756,6893.064212393633,1.8061552271568826,1.8061552271568826,1.8827682696776433,1.8827682696776433,0.08440058627139368,0.0
111,0.40194838314990866,1.4019483867111548,1.0000000035612462,9782.026777109239,4186.420703129495,1.4510301650230872,1.7224429753704078,1.5034547972741468,1.5034547972741468,0.40194838314990866,0.27141281034732057
112,0.7999999999999998,1.9999999919610905,1.1999999919610906,53125.192275198446,32744.665683679847,1.9514758579516904,1.9514758579516904,1.993252870150058,1.993252870150058,0.7999999999999998,0.0
113,0.0,1.0000000039698316,1.0000000039698316,62947.746050874135,63810.20488511053,1.0018299583135901,1.0018299583135901,1.0023965801990857,1.0023965801990857,0.0,0.0
114,0.6807944073080057,1.0000000042767745,1.6807944115847802,140891.39549157885,140819.63757659149,1.956212681347129,1.8757463730574215,1.817232573249027,1.817232573249027,0.6807944073080057,0.08046630828970747
115,0.004635307221255047,1.9953646848758844,1.9999999920971394,33188.565284201155,12030.542194137737,1.8023965906489092,1.8023965906489092,1.9237701991974978,1.9237701991974978,0.004635307221255047,0.0
116,0.32098130552896986,1.4837233216686436,1.1627420161396738,19917.139349610876,53385.60037564082,1.4490664981312396,1.1721667193339877,1.3771785518361535,1.3771785518361535,0.32098130552896986,0.2768997787972518
117,0.6879055004991925,1.8320860625617688,1.1441805620625762,62318.12796530075,135761.6307729801,1.681440930410971,1.1960363505163254,1.622834885783568,1.622834885783568,0.6879055004991925,0.4854045798946456
118,0.13179640718195973,1.7895472066378058,1.657750799455846,7576.6524061265045,14468.964607554757,1.7291240206714469,1.677189948321383,1.790185317041984,1.790185317041984,0.13179640718195973,0.051934072350063865
119,0.22405226793819866,1.7626990593414804,1.986751327279679,5277.608410234942,7242.303828524474,1.8319590544045503,1.9124253626942578,1.93903562077614,1.93903562077614,0.22405226793819866,0.08046630828970747
120,0.39558560221400674,1.000000003599135,1.3955856058131417,86095.31759371543,135266.8491769785,1.0369939291434322,1.2601214171313564,1.0128821180521999,1.0128821180521999,0.39558560221400674,0.22312748798792414
121,0.1806804219825522,1.1806804268613933,1.000000004878841,207246.64282222703,144400.92933313837,1.13679526911385,1.0431602365443076,1.0044787779436781,1.0044787779436781,0.1806804219825522,0.09363503256954253
122,0.1582733857214147,1.841726607595559,1.9999999933169736,28784.77927969845,34963.83147535208,1.8677027345926753,1.9086628700428763,1.8787364605416135,1.8787364605416135,0.1582733857214147,0.04096013545020094
123,0.3415386717152229,1.5184045096447374,1.1768658379295145,31626.731001529522,31048.928718386556,1.6042614894770886,1.1978692552614556,1.185733834551105,1.185733834551105,0.3415386717152229,0.406392234215633
124,0.6734759254326779,1.0000000043748287,1.6734759298075066,318723.2756585486,206130.12640768132,1.0321340428020644,1.3573191439587127,1.0045431751358664,1.0045431751358664,0.6734759254326779,0.3251851011566482
125,0.2961944609414586,1.7038055306765725,1.999999991618031,34847.82501007182,73152.40541791258,1.7306852938715305,1.9230857585398389,1.8261352142067913,1.8261352142067913,0.2961944609414586,0.1924004646683084
126,0.1367197679052894,1.9999999931458452,1.8632802252405558,53057.17162252049,39523.299434951485,1.9573623318794955,1.85275336241009,1.9640387339718621,1.9640387339718621,0.1367197679052894,0.10460896946940546
127,0.7999999999999998,1.8000000040194544,1.0000000040194545,134920.78505239784,393129.67673347675,1.609872547920879,1.0410660475872762,1.4533986083040498,1.4533986083040498,0.7999999999999998,0.5688065003336029
128,0.09763459614190495,1.2017739399973038,1.1041393438553988,11172.248385980529,11121.44601005754,1.2236343953644484,1.1826742599142475,1.1727892426024051,1.1727892426024051,0.09763459614190495,0.04096013545020094
129,0.4987385115583658,1.0000000044773283,1.498738516035694,125396.25786057272,418228.78206611227,1.0529806076499841,1.496684227325151,1.3191880218536522,1.3191880218536522,0.4987385115583658,0.4437036196751669
130,0.7999999999999998,1.1999999919610906,1.9999999919610905,152923.7523794883,91963.87750554588,1.2616396224514241,1.91823761798393,1.971801421387915,1.971801421387915,0.7999999999999998,0.6565979955325059
131,0.141268440793608,1.5708441479001516,1.7121125886937596,15699.630657391728,21947.10468465626,1.629117568593327,1.6854412157033365,1.6797991626424098,1.6797991626424098,0.141268440793608,0.05632364711000948
132,0.3923448439393833,1.392344847557816,1.0000000036184327,84512.59200834726,255023.25777613325,1.343732364939835,1.0328133817530083,1.2300783471509678,1.2300783471509678,0.3923448439393833,0.31091898318682665
133,0.6083801877668726,1.3373290179911188,1.9457092057579914,59744.57937394725,154035.15690800216,1.4154837664190247,1.8701613229940546,1.7453826181627639,1.7453826181627639,0.6083801877668726,0.45467755657502984
134,0.5372210757414129,1.53722107987501,1.0000000041335972,57389.6499663765,145182.66775365567,1.4200273548150717,1.0289986322592464,1.002972758616439,1.002972758616439,0.5372210757414129,0.3910287225558253
135,0.3415067355268233,1.426004180980407,1.7675109165072302,37469.53133438666,82528.30769896471,1.503958515830691,1.7984165936677234,1.5745507784937005,1.5745507784937005,0.3415067355268233,0.2944580778370325
136,0.12119681231019142,1.7483586988685387,1.86955551117873,11085.431169490843,9443.719996490627,1.840687598313219,1.840687598313219,1.8103795765922888,1.8103795765922888,0.12119681231019142,0.0
137,0.0,1.0000000039698316,1.0000000039698316,65985.89606104385,31033.11809239132,1.6729504719357198,1.016352476403214,1.0077554760297098,1.0077554760297098,0.0,0.6565979955325059
138,0.7410603301230885,1.9999999930613583,1.2589396629382699,93815.0525049925,128445.18286792407,1.8558024371249313,1.2343210396719864,1.870653177506759,1.870653177506759,0.7410603301230885,0.621481397452945
139,0.3639007381108832,1.0703213955568351,1.4342221336677183,35429.61392966317,57735.20674144387,1.1127062632288465,1.3237624206269212,1.1746652576227103,1.1746652576227103,0.3639007381108832,0.2110561573980747
140,0.16818670873439334,1.1681867136876312,1.0000000049532378,35293.6515218048,32197.41322799224,1.037411346595636,1.037411346595636,1.0186105848940947,1.0186105848940947,0.16818670873439334,0.0
141,0.0,1.999999992060336,1.999999992060336,57320.53934081114,51171.793089398016,1.9553043631704368,1.9553043631704368,1.9659847982758443,1.9659847982758443,0.0,0.0
142,0.32961952073158685,1.9999999920161065,1.6703804712845196,59620.1651905048,104441.15055981893,1.965305371921301,1.6938925615739804,1.9267567282348554,1.9267567282348554,0.32961952073158685,0.27141281034732057
143,0.5191069471133707,1.9999999914092097,1.480893044295839,29948.605356124262,70914.72938459826,1.971419422479796,1.5716115504040804,1.8667363269236523,1.8667363269236523,0.5191069471133707,0.39980787207571566
144,0.39031864285340845,1.392266247317306,1.7825848901707144,25184.53740228332,63273.47464149102,1.4503508260721432,1.7228610301094502,1.4822968134465393,1.4822968134465393,0.39031864285340845,0.2725102040373071
145,0.5516361905840359,1.8581411527555023,1.3065049621714664,50130.188538292496,91281.65092587341,1.7061388405477544,1.477524384109899,1.532665791755381,1.532665791755381,0.5516361905840359,0.22861445643785538
146,0.7154153885441072,1.8017031725728527,1.0862877840287455,25227.089818255572,68291.89155712313,1.7787353403994488,1.2011496905459556,1.7956487143019844,1.7956487143019844,0.7154153885441072,0.5775856498534933
147,0.1158821919094839,1.2559333553704382,1.371815547279922,15910.14442141759,11669.132531030304,1.1638617966573397,1.303587364206306,1.3227349296343311,1.3227349296343311,0.1158821919094839,0.13972556754896637
148,0.12910546792072664,1.7012399567787644,1.830345424699491,4347.008287368241,4230.914387810006,1.7457470102625157,1.7669540592929638,1.7381627182358927,1.7381627182358927,0.12910546792072664,0.021207049030448122
149,0.02644616475831807,1.2162889764999156,1.2427351412582337,11533.272686351125,4628.644292860158,1.2727572256542439,1.31810693586439,1.2476151922364809,1.2476151922364809,0.02644616475831807,0.04534971021014611
150,0.0,1.0000000039698316,1.0000000039698316,74637.8704823403,75398.04081966764,1.0020382491604343,1.0020382491604343,1.0024757412400525,1.0024757412400525,0.0,0.0
151,0.0,1.0000000039698316,1.0000000039698316,115621.08792372263,80766.92177717933,1.0044307745672647,1.0044307745672647,1.0021096065988615,1.0021096065988615,0.0,0.0
152,0.1997822678278709,1.999999990469811,1.80021772264194,46909.219128213655,65529.31772859493,1.9570487908252137,1.8590241834957255,1.9193829095378874,1.9193829095378874,0.1997822678278709,0.09802460732948814
153,0.0,1.0000000039698316,1.0000000039698316,28458.409883893884,25229.75886846947,1.0436436886783356,1.0436436886783356,1.0312977630172455,1.0312977630172455,0.0,0.0
154,0.1220167401472585,1.4182718307737532,1.2962550906264947,6620.926996168185,6894.14640034454,1.3604349781924325,1.255826008723027,1.3949448893512735,1.3949448893512735,0.1220167401472585,0.10460896946940546
155,0.13587584581110157,1.7395507888319761,1.6036749430208745,10235.288478642056,9919.618582740606,1.7207519734584489,1.7207519734584489,1.7197858251688536,1.7197858251688536,0.13587584581110157,0.0
156,0.21357204410982034,1.4470686857038406,1.2334966415940203,9067.79125228624,17570.33061755198,1.4122776810955089,1.1836632246576535,1.3669348958189511,1.3669348958189511,0.21357204410982034,0.22861445643785538
157,0.6611094948277945,1.8263862398128872,1.1652767449850927,3403.6120536108233,2161.3966797357234,1.7621517435081102,1.8206701779980918,1.801602738577844,1.801602738577844,0.6611094948277945,0.05851843448998162
158,0.24464761821112369,1.2446476227090562,1.0000000044979325,38361.38236443976,57139.55505232587,1.2224964906175408,1.0388751754691232,1.069127046578275,1.069127046578275,0.24464761821112369,0.18362131514841762
159,0.5605719755465937,1.9276160780640943,1.3670441025175006,41091.49318497991,76589.53936511518,1.9083009874080337,1.5501940755517967,1.6172579785949157,1.6172579785949157,0.5605719755465937,0.358106911856237
160,0.23379829730424007,1.9999999908749244,1.7662016935706844,33180.29599026217,34107.27560974938,1.9090809247819187,1.8637312145717722,1.9654234740726932,1.9654234740726932,0.23379829730424007,0.045349710210146554
161,0.7121734953808119,1.7797856597810773,1.0676121644002654,24212.324561329457,31620.879232057432,1.7382323722928974,1.2879443904778127,1.7428327697341577,1.7428327697341577,0.7121734953808119,0.45028798181508467
162,0.6884129437572528,1.2773878102607732,1.965800754018026,82504.00636398341,174811.20422256493,1.3158417137852534,1.8056358684398441,1.9008303186631337,1.9008303186631337,0.6884129437572528,0.48979415465459075
163,0.7231278873371019,1.180781936326626,1.903909823663728,1616.4572461639684,6714.588402983358,1.9545404623909595,1.909190752180813,1.7320864714859372,1.7320864714859372,0.7231278873371019,0.045349710210146554
164,0.49692761094820703,1.5656531676614431,1.068725556713236,48658.62296003118,145933.434185881,1.5081245605446167,1.0819792399092305,1.4954965256247297,1.4954965256247297,0.49692761094820703,0.42614532063538624
165,0.4236832948815197,1.1303989648129478,1.5540822596944674,32128.20645580025,71159.96320385554,1.1685087403673666,1.4607720308244265,1.299213520547701,1.299213520547701,0.4236832948815197,0.2922632904570599
166,0.0009137987449348017,1.1579002924527322,1.158814091197667,15652.7304662809,11455.024121093851,1.2099174194577071,1.2099174194577071,1.132797947335272,1.132797947335272,0.0009137987449348017,0.0
167,0.15237429889929377,1.152374302264225,1.0000000033649312,325182.1723774574,154268.06363924348,1.0908092478191869,1.0454595376090408,1.0073818505060494,1.0073818505060494,0.15237429889929377,0.04534971021014611
168,0.3771554204383798,1.6704686329446552,1.2933132125062754,36363.09397101408,90295.8907789868,1.6223828679975938,1.3432883018203694,1.4917557998513322,1.4917557998513322,0.3771554204383798,0.2790945661772244
169,0.29375757643612044,1.5092487070948666,1.2154911306587461,19198.864268042158,27100.83772039288,1.4004192931370008,1.1410778133795292,1.2331022836600212,1.2331022836600212,0.29375757643612044,0.25934147975747157
170,0.08973154758460566,1.154221521001105,1.0644899734164994,8137.001234267761,15372.385686248661,1.1744290841667016,1.1744290841667016,1.2403901460598543,1.2403901460598543,0.08973154758460566,0.0
171,0.5032907464624485,1.8953303095852798,1.3920395631228313,41456.92286390199,121561.53456157577,1.7970095741852752,1.4059808516294494,1.5602915207185328,1.5602915207185328,0.5032907464624485,0.39102872255582577
172,0.3338220301479753,1.0000000039669215,1.3338220341148967,82595.71721957353,147513.49757114882,1.04012933968625,1.1974132062749971,1.0284214208450568,1.0284214208450568,0.3338220301479753,0.15728386658874705
173,0.7999999999999998,1.0000000040194545,1.8000000040194544,111750.7955527067,198342.46553046652,1.0180246953593837,1.6395060928123286,1.860766634479973,1.860766634479973,0.7999999999999998,0.621481397452945
174,0.16490047330689706,1.0000000049728066,1.1649004782797037,10952.14552641128,24008.440473269366,1.0391887165234048,1.2162256695319051,1.2486337211886052,1.2486337211886052,0.16490047330689706,0.1770369530085003
175,0.09586657948344612,1.9999999928214849,1.9041334133380388,14032.48641233709,25721.288829018096,1.953077270804311,1.9384545839137806,1.8444631824825493,1.8444631824825493,0.09586657948344612,0.014622686890530368
176,0.39792210143680995,1.3298628391532668,1.7277849405900767,27121.596613527905,71844.99898208489,1.3132367021898776,1.715239361645566,1.529386169001955,1.529386169001955,0.39792210143680995,0.40200265945568825
177,0.31278237791865227,1.3127823820108595,1.0000000040922072,70829.65198202177,112386.74896829903,1.2224964906175408,1.0388751754691232,1.3281294439892908,1.3281294439892908,0.31278237791865227,0.18362131514841762
178,0.6079303041029243,1.1280586971333357,1.73598900123626,12916.371934802406,3117.5130836208614,1.2915461973402338,1.7813403519948245,1.7917004378561328,1.7917004378561328,0.6079303041029243,0.48979415465459075
179,0.3172961479534053,1.6979374102930282,1.380641262339623,11789.710302657706,30315.324780426738,1.7362387817588067,1.4286119796419388,1.5800468570266157,1.5800468570266157,0.3172961479534053,0.307626802116868
180,0.277788651998077,1.000000004300586,1.2777886562986631,52120.31491212591,120791.64845337368,1.0391887165234048,1.2162256695319051,1.1868299679811452,1.1868299679811452,0.277788651998077,0.1770369530085003
181,0.5311080442661753,1.0000000041881996,1.5311080484543749,63623.50335289843,210532.90238786477,1.048591032890039,1.5383851875446297,1.390376058819664,1.390376058819664,0.5311080442661753,0.48979415465459075
182,0.05039991629749707,1.949600076162998,1.999999992460495,25826.413150535907,9698.944357147946,1.8483716181737837,1.8586047303043693,1.988331232121674,1.988331232121674,0.05039991629749707,0.010233112130585642
183,0.15486249529461382,1.8451374979952786,1.9999999932898924,26337.625408756165,37901.80887277058,1.992824422331063,1.992824422331063,1.93650115323705,1.93650115323705,0.15486249529461382,0.0
184,0.8000000000000003,1.0859545719816275,1.8859545719816277,118432.46010610854,346900.69310496515,1.16352476403214,1.8201227595646459,1.71497360848762,1.71497360848762,0.8000000000000003,0.6565979955325059
185,0.7999999999999998,1.0000000040194545,1.8000000040194544,64537.30193664452,62540.819894497865,1.1441975628750687,1.7656789603280136,1.9571898720944727,1.9571898720944727,0.7999999999999998,0.621481397452945
186,0.7999999999999998,1.8000000040194544,1.0000000040194545,378725.97104087705,994335.2636709076,1.689302948338934,1.032704952806428,1.0165818091283714,1.0165818091283714,0.7999999999999998,0.6565979955325059
187,0.21862202348784,1.0000000046529083,1.2186220281407483,382982.57986181433,194950.71292812793,1.0456685649785618,1.0866287004287627,1.0018837650371761,1.0018837650371761,0.21862202348784,0.04096013545020094
188,0.0,1.999999992060336,1.999999992060336,31315.03344177703,43263.27293027342,1.9941388953535206,1.9941388953535206,1.9606755781485858,1.9606755781485858,0.0,0.0
189,0.44938137866458083,1.8819870219946762,1.4326056433300953,20908.475639258446,29953.91034011715,1.618933916400494,1.346423712363187,1.5902981921103132,1.5902981921103132,0.44938137866458083,0.2725102040373071
190,0.0,1.0000000039698316,1.0000000039698316,9691.743239146772,4102.756527058721,1.016352476403214,1.6729504719357198,1.001444257918409,1.001444257918409,0.0,0.6565979955325059
191,0.7109125771579019,1.8504742250351889,1.139561647877287,47392.70506036423,182102.83643899305,1.6982271226005061,1.0943040241873419,1.3315450853695043,1.3315450853695043,0.7109125771579019,0.6039230984131643
192,0.7052610090010916,1.8645675342110195,1.159306525209928,68789.79656864078,196480.40386771393,1.769586477721077,1.2534548745068153,1.918750066762132,1.918750066762132,0.7052610090010916,0.5161316032142618
193,0.37232389955912737,1.627676092965567,1.9999999925246943,52474.280381027726,54994.39115273589,1.6865961799498366,1.7253615280200654,1.756325429258728,1.756325429258728,0.37232389955912737,0.0387653480702288
194,0.0,1.0000000039698316,1.0000000039698316,34277.893186522655,64913.87117161036,1.0153523227594383,1.0153523227594383,1.072385130775944,1.072385130775944,0.0,0.0
195,0.5844180012859397,1.4155819912900025,1.9999999925759422,38370.50043674108,60440.57184859157,1.3401372302302728,1.8299313848848635,1.9770533652956153,1.9770533652956153,0.5844180012859397,0.48979415465459075
196,0.374289417008451,1.8170588930995617,1.4427694760911107,18095.60857072357,32454.158521424903,1.8631027340108948,1.5818133804536973,1.7127503312477703,1.7127503312477703,0.374289417008451,0.2812893535571974
197,0.6147031649125099,1.3390247385301786,1.9537279034426884,41124.25548350407,34506.98600798807,1.4711817298727845,1.9214697116878692,1.9351437919068046,1.9351437919068046,0.6147031649125099,0.45028798181508467
198,0.29597630052815127,1.6699944069603907,1.3740181064322394,34558.785607820995,76668.13426673746,1.65999996398777,1.45333338134964,1.4909979576936436,1.4909979576936436,0.29597630052815127,0.20666658263812998
199,0.2294600408625609,1.9999999908232577,1.7705399499606969,59014.64182291696,72153.6380135747,1.8711463724756412,1.773121765146153,1.9423420051041482,1.9423420051041482,0.2294600408625609,0.09802460732948814
