1,0.688240545682592,1.311759445963388,1.9999999916459799,2989.247151055405,3376.7074050801843,1.732888888888889,1.918567901234568,1.7062477832781973,1.7062477832781973,0.688240545682592,0.18567901234567907
2,0.44351845575554893,1.4435184607261093,1.0000000049705604,4600.454631509012,6170.3965995164735,1.3026666666666666,1.0774814814814815,1.225299933185128,1.225299933185128,0.44351845575554893,0.22518518518518515
3,0.1153689330638219,1.4573031781406862,1.5726721112045081,603.9925206540752,199.78591532624077,1.643407736542217,1.643407736542217,1.565643285816091,1.565643285816091,0.1153689330638219,0.0
4,0.7167442256414276,1.8536931723915424,1.1369489467501148,3172.201400575881,6650.1835236911165,1.8445925925925926,1.3626172839506172,1.5057243731618652,1.5057243731618652,0.7167442256414276,0.48197530864197535
5,0.0,1.999999992060336,1.999999992060336,2833.8598687048807,3248.990114736204,1.9647207843952728,1.9647207843952728,1.9029814951538506,1.9029814951538506,0.0,0.0
6,0.2000821166250848,1.7974820842900294,1.9975642009151142,2146.2237287919306,1192.5997366269976,1.6545185185185187,1.5182222222222221,1.6688048767907204,1.6688048767907204,0.2000821166250848,0.13629629629629658
7,0.0,1.999999992060336,1.999999992060336,1187.5101689055841,754.6351335254558,1.8589070446794431,1.8589070446794431,1.903030436807923,1.903030436807923,0.0,0.0
8,0.3501280857993869,1.6498719064609664,1.9999999922603533,1700.4814421110962,991.3996429350914,1.722567901234568,1.819358024691358,1.8851779926481251,1.8851779926481251,0.3501280857993869,0.09679012345679006
9,0.1355222807510943,1.4586384430391321,1.5941607237902264,360.3457295603122,473.5109121638134,1.4960493827160493,1.5039506172839507,1.5991350319097544,1.5991350319097544,0.1355222807510943,0.007901234567901483
10,0.7265151795287119,1.1534711910006554,1.8799863705293673,2679.125116506213,4146.435652182894,1.2146666666666666,1.499111111111111,1.211650847827425,1.211650847827425,0.7265151795287119,0.2844444444444445
11,0.0,1.999999992060336,1.999999992060336,2558.0213949449844,2014.8848755074018,1.950489358099195,1.950489358099195,1.9379387072664667,1.9379387072664667,0.0,0.0
12,0.46693126927961615,1.0714718901017837,1.5384031593813998,1800.343665764115,2077.9110796024343,1.4466666666666665,1.5533333333333335,1.5492872645225928,1.5492872645225928,0.46693126927961615,0.10666666666666691
13,0.365983503623482,1.9999999924491834,1.6340164888257014,1654.2186818373425,964.6227641074051,1.788620026667746,1.788620026667746,1.8916354349204458,1.8916354349204458,0.365983503623482,0.0
14,0.26878547915930584,1.327718583552569,1.0589331043932633,2203.7682925800427,1711.7020742071409,1.3026666666666666,1.0774814814814815,1.1851837353621535,1.1851837353621535,0.26878547915930584,0.22518518518518515
15,0.7999999999999998,1.9999999919610905,1.1999999919610906,666.8180790542083,406.4441761998361,1.9312330911437372,1.9312330911437372,1.9434310210410952,1.9434310210410952,0.7999999999999998,0.0
16,0.7999999999999998,1.8259895855500687,1.025989585550069,9921.46553659247,13646.307769735644,1.7137777777777778,1.4293333333333333,1.5274719364970064,1.5274719364970064,0.7999999999999998,0.2844444444444445
17,0.0,1.999999992060336,1.999999992060336,3935.950159370625,2299.308366790022,1.7968604648873536,1.7968604648873536,1.8789620933908249,1.8789620933908249,0.0,0.0
18,0.0,1.999999992060336,1.999999992060336,1363.985251558889,1169.3519582363022,1.871887688208591,1.871887688208591,1.8699036347216837,1.8699036347216837,0.0,0.0
19,0.059290549541538784,1.8556476993282065,1.9149382488697453,1645.875320903646,900.3265646970589,1.641777777777778,1.2388148148148148,1.6208137724439091,1.6208137724439091,0.059290549541538784,0.4029629629629632
20,0.11761176414325902,1.5741493560742539,1.691761120217513,505.46325028394017,217.759452470937,1.7385831741026623,1.7385831741026623,1.5731190813501268,1.5731190813501268,0.11761176414325902,0.0
21,0.21652612059095233,1.4048701080777182,1.6213962286686705,708.8480837712851,976.3818258482089,1.3874074074074074,1.6125925925925926,1.6698565510442447,1.6698565510442447,0.21652612059095233,0.22518518518518515
22,0.40796012672926674,1.4079601302547147,1.000000003525448,2863.620826444935,3126.8896539589105,1.6071111111111112,1.5893333333333333,1.663632660338131,1.663632660338131,0.40796012672926674,0.017777777777777892
23,0.3312368054733028,1.3312368094556186,1.0000000039823158,1922.1970672554785,3576.933756313744,1.3124444444444445,1.2946666666666666,1.5125379211232806,1.5125379211232806,0.3312368054733028,0.017777777777777892
24,0.1494032702302559,1.4590373865979127,1.6084406568281686,555.4915701226763,1043.7413103413542,1.4453564988398275,1.4453564988398275,1.730727258931621,1.730727258931621,0.1494032702302559,0.0
25,0.0,1.0000000039698316,1.0000000039698316,848.4044944500287,608.8142359793571,1.1194074074074074,1.5223703703703706,1.208599494256346,1.208599494256346,0.0,0.4029629629629632
26,0.10820614217890556,1.5747808553576834,1.4665747131787779,283.9693581995373,289.2681104177398,1.6426666666666665,1.536,1.6656607016262006,1.6656607016262006,0.10820614217890556,0.10666666666666647
27,0.450763431057736,1.9999999901883048,1.5492365591305688,3981.9363997867417,3150.9440080066593,1.9304197530864198,1.626222222222222,1.802425319820153,1.802425319820153,0.450763431057736,0.30419753086419776
28,0.3856847328060091,1.999999992683815,1.6143152598778059,1490.5920988208184,1160.5764751566132,1.9017777777777778,1.884,1.914413853295345,1.914413853295345,0.3856847328060091,0.017777777777777892
29,0.04383419427964341,1.8267526373038587,1.8705868315835021,256.9795714397188,587.4134764753854,1.928310097665975,1.928310097665975,1.6945695558305542,1.6945695558305542,0.04383419427964341,0.0
30,0.7999999999999998,1.0201527311635639,1.8201527311635637,6746.6227517835605,13736.065115772515,1.0518024691358026,1.533777777777778,1.4649296147047672,1.4649296147047672,0.7999999999999998,0.48197530864197535
31,0.28687863734762775,1.6130041287550436,1.8998827661026714,649.6551766008138,661.5242505021542,1.777333333333333,1.9136296296296296,1.7851308838170805,1.7851308838170805,0.28687863734762775,0.13629629629629658
32,0.48518604177303537,1.295485129956719,1.7806711717297543,1574.3446998149814,1505.9488077818603,1.5423703703703704,1.7675555555555555,1.343066805483105,1.343066805483105,0.48518604177303537,0.22518518518518515
33,0.2966489972638362,1.700786039440486,1.997435036704322,1386.1859249544666,1716.8747477147579,1.880039663620141,1.880039663620141,1.708235399237027,1.708235399237027,0.2966489972638362,0.0
34,0.15864748602823386,1.999999993319944,1.84135250729171,2597.565607775829,917.2067726668351,1.7036133334989962,1.7036133334989962,1.8767237879780496,1.8767237879780496,0.15864748602823386,0.0
35,0.5972579663851079,1.5972579699824483,1.0000000035973404,5850.582652783017,8410.113338449013,1.4433580246913578,1.1391604938271604,1.324959116317853,1.324959116317853,0.5972579663851079,0.3041975308641973
36,0.5183819827253497,1.0000000043018704,1.5183819870272202,7049.765779539539,6197.097257299877,1.0893333333333333,1.1959999999999997,1.0030465163201283,1.0030465163201283,0.5183819827253497,0.10666666666666647
37,0.0,1.999999992060336,1.999999992060336,2672.749325518773,1875.8790567158135,1.884,1.9017777777777778,1.8664204638956154,1.8664204638956154,0.0,0.017777777777777892
38,0.5003299123170968,1.0000000044631134,1.5003299167802102,7607.09813321985,7542.483011637384,1.819358024691358,1.722567901234568,1.6705273110235577,1.6705273110235577,0.5003299123170968,0.09679012345679006
39,0.5107094094560738,1.4490378433353088,1.9597472527913826,2332.728169231801,3173.0449225879124,1.5566419753086418,1.8608395061728396,1.5382839321853206,1.5382839321853206,0.5107094094560738,0.30419753086419776
40,0.787266414728856,1.1395553762290427,1.9268217909578986,4332.889735969279,5812.539338166117,1.2704197530864199,1.5943703703703704,1.5905034401604616,1.5905034401604616,0.787266414728856,0.3239506172839506
41,0.1638327186702897,1.9999999900416694,1.8361672713713797,1455.1600181770877,938.4646414458505,1.7075532404219187,1.7075532404219187,1.7861246986629773,1.7861246986629773,0.1638327186702897,0.0
42,0.21950125501923878,1.2829329066170252,1.0634316515977864,830.8803006471737,90.91961444887382,1.2862222222222222,1.5706666666666667,1.2974314085563754,1.2974314085563754,0.21950125501923878,0.2844444444444445
43,0.0019272944175967588,1.9980726976580419,1.9999999920756386,2412.946298413173,1163.9059833018746,1.897710314090821,1.897710314090821,1.9632814181113871,1.9632814181113871,0.0019272944175967588,0.0
44,0.19982825403338955,1.6810332604545042,1.8808615144878937,137.22780107437293,229.26300451179188,1.8591516432244921,1.8591516432244921,1.6124408368837861,1.6124408368837861,0.19982825403338955,0.0
45,0.04747557597830365,1.9999999924372762,1.9525244164589726,2553.919889980128,2687.5271696046284,1.5072514360856302,1.5072514360856302,1.4992834080605018,1.4992834080605018,0.04747557597830365,0.0
46,0.6539392872774799,1.653939291914064,1.0000000046365842,9667.495134210852,5422.816303191149,1.187111111111111,1.090320987654321,1.0369574913712263,1.0369574913712263,0.6539392872774799,0.09679012345679006
47,0.7184064675992912,1.8978295835003671,1.179423115901076,379.22355662804773,722.1358835330782,1.7676245921114466,1.7676245921114466,1.6846713610145354,1.6846713610145354,0.7184064675992912,0.0
48,0.1818954525585017,1.8181045376982858,1.9999999902567875,1427.348190355675,816.9520871788986,1.8585609539760786,1.8585609539760786,1.9269283046011907,1.9269283046011907,0.1818954525585017,0.0
49,0.0045999381224044456,1.6166515836701667,1.6212515217925711,371.4642428353429,1449.1455808849346,1.5834074074074074,1.6110617283950617,1.8840271564524507,1.8840271564524507,0.0045999381224044456,0.0276543209876543
50,0.468777281051894,1.5312227094582143,1.9999999905101082,3030.895938607987,2921.0163414007525,1.6529876543209878,1.7201481481481482,1.6757623939887791,1.6757623939887791,0.468777281051894,0.06716049382716038
51,0.1715231880746515,1.0000000049333702,1.1715231930080217,4680.024686757431,2824.04147326678,1.0863703703703704,1.2226666666666666,1.073575137660685,1.073575137660685,0.1715231880746515,0.13629629629629614
52,0.4261294019897526,1.0318534892119573,1.4579828912017099,973.4877997627009,727.4134495856009,1.3454814814814815,1.4817777777777776,1.5695194433285828,1.5695194433285828,0.4261294019897526,0.13629629629629614
53,0.5319648459379098,1.0000000041805466,1.5319648501184564,7842.40209053869,4913.546757409258,1.0893333333333333,1.1959999999999997,1.039115471403854,1.039115471403854,0.5319648459379098,0.10666666666666647
54,0.5637395305654596,1.4362604616410777,1.9999999922065372,2386.480777679092,1456.4571701969417,1.6440000000000001,1.9284444444444446,1.8765284685588581,1.8765284685588581,0.5637395305654596,0.2844444444444445
55,0.4924144054025841,1.9999999909323676,1.5075855855297835,3850.000812413567,3422.521331804084,1.7171851851851851,1.6599012345679012,1.8323567734010366,1.8323567734010366,0.4924144054025841,0.057283950617283974
56,0.7999999999999998,1.0000000040194545,1.8000000040194544,14864.52116188481,18840.377698933833,1.06958024691358,1.3737777777777778,1.8693822773237203,1.8693822773237203,0.7999999999999998,0.30419753086419776
57,0.47142069574749357,1.5762088604767115,1.104788164729218,789.2916495271579,687.6232037832217,1.5825185185185187,1.278320987654321,1.7545261033015946,1.7545261033015946,0.47142069574749357,0.30419753086419776
58,0.7999999999999998,1.8000000040194544,1.0000000040194545,5617.977385596358,7392.40376918792,1.533777777777778,1.0518024691358026,1.6552546785959918,1.6552546785959918,0.7999999999999998,0.48197530864197535
59,0.0,1.0000000039698316,1.0000000039698316,5267.063430609291,1887.1854432365328,1.0730129312652377,1.0730129312652377,1.0042434707575691,1.0042434707575691,0.0,0.0
60,0.2178773896742232,1.9999999906853145,1.7821226010110913,2056.39687925182,1930.5455458710999,1.9017777777777778,1.884,1.799974441670131,1.799974441670131,0.2178773896742232,0.017777777777777892
61,0.5868521068563508,1.1415486256644236,1.7284007325207744,3488.0481813880447,4220.937318677542,1.1589135802469137,1.3643456790123456,1.4395743484960029,1.4395743484960029,0.5868521068563508,0.2054320987654319
62,0.05789295522519389,1.5073322186338904,1.4494392634086966,230.36527325379262,170.12432973813463,1.5358311302759895,1.5358311302759895,1.393604775088331,1.393604775088331,0.05789295522519389,0.0
63,0.6128590306592936,1.1091548998580907,1.7220139305173843,4887.805123102825,4771.394220733021,1.491111111111111,1.508888888888889,1.4924538172045438,1.4924538172045438,0.6128590306592936,0.017777777777777892
64,0.371247554342661,1.9999999925118757,1.6287524381692147,3325.0376958872425,1815.586567177374,1.8213333333333335,1.714666666666667,1.8738958243676707,1.8738958243676707,0.371247554342661,0.10666666666666647
65,0.0,1.0000000039698316,1.0000000039698316,7264.7056075382825,4319.890207840233,1.016335666785007,1.016335666785007,1.007848036773345,1.007848036773345,0.0,0.0
66,0.7999999999999998,1.0512754442651104,1.8512754442651103,3699.7368598213966,4316.546454353526,1.4293333333333333,1.7137777777777778,1.7049382646346178,1.7049382646346178,0.7999999999999998,0.2844444444444445
67,0.22667223636440825,1.2266722409693795,1.0000000046049713,4104.162073607367,3586.7492757454315,1.116,1.0982222222222222,1.1361203548514673,1.1361203548514673,0.22667223636440825,0.017777777777777892
68,0.7224035481707478,1.9999999925614242,1.2775964443906764,3424.048536773228,2532.692371771006,1.7927901234567902,1.3108148148148149,1.963193039550422,1.963193039550422,0.7224035481707478,0.48197530864197535
69,0.7657125478361415,1.9419379741704226,1.176225426334281,2924.5789340043607,3406.880008050404,1.8445925925925926,1.3626172839506172,1.899205486472343,1.899205486472343,0.7657125478361415,0.48197530864197535
70,0.7999999999999998,1.8000000040194544,1.0000000040194545,4129.00582749489,3833.9240200348736,1.8805925925925926,1.4776296296296294,1.7941331397751377,1.7941331397751377,0.7999999999999998,0.4029629629629632
71,0.44552021903326366,1.9056347156850932,1.4601144966518296,1307.8383998983193,1012.7540391697399,1.9304197530864198,1.626222222222222,1.7393702974018248,1.7393702974018248,0.44552021903326366,0.30419753086419776
72,0.26823614926241035,1.5726921194279844,1.304455970165574,1067.2841107487034,1173.7407222646157,1.5434567901234568,1.4565432098765432,1.3466541428517942,1.3466541428517942,0.26823614926241035,0.08691358024691365
73,0.7744944214195071,1.774494425951554,1.000000004532047,7540.799656337733,8819.661993040341,1.533777777777778,1.0518024691358026,1.9343919225384456,1.9343919225384456,0.7744944214195071,0.48197530864197535
74,0.7188760363312836,1.7188760400978333,1.0000000037665497,7682.282476324527,10927.188034976967,1.533777777777778,1.0518024691358026,1.200410975066647,1.200410975066647,0.7188760363312836,0.48197530864197535
75,0.0,1.0000000039698316,1.0000000039698316,9155.437684773087,2366.270918538285,1.0518024691358026,1.533777777777778,1.0289151002928443,1.0289151002928443,0.0,0.48197530864197535
76,0.07906542418190243,1.0790654278378575,1.000000003655955,2182.8408999246712,1660.1467297230313,1.0032804263913304,1.0032804263913304,1.0219097292620385,1.0219097292620385,0.07906542418190243,0.0
77,0.638225747232112,1.8151654592826958,1.1769397120505838,54.12158575246319,64.31042380808852,1.8138476745011967,1.8138476745011967,1.921577508544217,1.921577508544217,0.638225747232112,0.0
78,0.7999999999999998,1.0223265862827966,1.8223265862827964,6153.6887803487325,6208.630938318703,1.680641975308642,1.7082962962962962,1.594910997840654,1.594910997840654,0.7999999999999998,0.0276543209876543
79,0.7830008067471286,1.9999999912778157,1.2169991845306871,7143.220137390054,3595.4736253847154,1.9481975308641974,1.466222222222222,1.955122638341284,1.955122638341284,0.7830008067471286,0.48197530864197535
80,0.10138366133558119,1.3272223396038507,1.2258386782682695,653.0299250354116,322.8546874923686,1.3849876543209878,1.4225185185185185,1.337345563368586,1.337345563368586,0.10138366133558119,0.03753086419753071
81,0.2964540649593843,1.999999991621123,1.7035459266617388,1302.4857617032114,1962.2964869270377,1.6268641975308642,1.5597037037037038,1.488907017588548,1.488907017588548,0.2964540649593843,0.06716049382716038
82,0.38382738851356235,1.597537827814423,1.9813652163279853,1670.7780380228126,1515.7045767648945,1.6198518518518519,1.845037037037037,1.875547483939191,1.875547483939191,0.38382738851356235,0.22518518518518515
83,0.12264423917388978,1.8773557538602004,1.9999999930340902,611.7020073685185,411.4738978540036,1.8929793574454534,1.8929793574454534,1.8953718398796555,1.8953718398796555,0.12264423917388978,0.0
84,0.4361448730733746,1.748975480844222,1.3128306077708474,2501.8194577677996,1699.6661362897573,1.4126714773246558,1.4126714773246558,1.649937196486811,1.649937196486811,0.4361448730733746,0.0
85,0.27105315211415615,1.9999999913186106,1.7289468392044545,1991.2147757396565,2761.540069331432,1.692324109946438,1.692324109946438,1.6353324179494295,1.6353324179494295,0.27105315211415615,0.0
86,0.6548994564064676,1.0000000046237196,1.6548994610301873,6864.7766382269765,5098.4592616992195,1.0636543209876543,1.427111111111111,1.0381401219770174,1.0381401219770174,0.6548994564064676,0.36345679012345666
87,0.5492931583032115,1.9665444906218759,1.4172513323186644,1920.0995496698886,2291.2480518953057,1.7912592592592593,1.4870617283950616,1.8366350743308377,1.8366350743308377,0.5492931583032115,0.30419753086419776
88,0.5052587277241347,1.5052587321432236,1.0000000044190889,7767.856990508059,6878.349482206194,1.1317485052967866,1.1317485052967866,1.0743042061963053,1.0743042061963053,0.5052587277241347,0.0
89,0.4968065871749907,1.9999999910108306,1.5031934038358399,3843.409140677396,3205.508924138864,1.9136296296296296,1.777333333333333,1.8600990565536162,1.8600990565536162,0.4968065871749907,0.13629629629629658
90,0.026125538089967204,1.0261255419560846,1.0000000038661174,2948.5052972906183,3173.6955419419915,1.074802202722756,1.074802202722756,1.1060432762774477,1.1060432762774477,0.026125538089967204,0.0
91,0.5619933654854523,1.5619933693977806,1.0000000039123282,7121.983425479837,2322.2073315502566,1.356,1.0715555555555556,1.0066263601175127,1.0066263601175127,0.5619933654854523,0.2844444444444445
92,0.5807365929062192,1.0000000037449115,1.5807365966511306,5573.431358973706,5661.860235436017,1.2862222222222222,1.5706666666666667,1.7718886687309638,1.7718886687309638,0.5807365929062192,0.2844444444444445
93,0.7999999999999998,1.0000000040194545,1.8000000040194544,8079.2513005337705,9258.569991210396,1.9596516258914045,1.9596516258914045,1.637953482957835,1.637953482957835,0.7999999999999998,0.0
94,0.36883423794657944,1.0366436827884675,1.405477920735047,1080.7553364265793,631.5205852251426,1.3968395061728394,1.4047407407407408,1.2351645882170141,1.2351645882170141,0.36883423794657944,0.007901234567901483
95,0.11855013063229114,1.215706961774482,1.3342570924067731,840.9639753745381,466.03270534517037,1.3336296296296297,1.4995555555555555,1.3845491506895373,1.3845491506895373,0.11855013063229114,0.1659259259259258
96,0.5128060989558252,1.0000000043516748,1.5128061033075,6131.619810449013,7423.127823978421,1.0774814814814815,1.3026666666666666,1.0586114085832392,1.0586114085832392,0.5128060989558252,0.22518518518518515
97,0.01621751136902283,1.6593606995790506,1.6431431882100278,166.6898663995073,262.0418123583669,1.6423948839038744,1.6423948839038744,1.530905438313952,1.530905438313952,0.01621751136902283,0.0
98,0.0,1.999999992060336,1.999999992060336,4333.093631631963,2761.7166428864552,1.777333333333333,1.9136296296296296,1.876332317446809,1.876332317446809,0.0,0.13629629629629658
99,0.363159505173102,1.000000003792224,1.3631595089653261,5687.541175659567,5428.138875091318,1.7557037037037035,1.5700246913580245,1.5306053309517123,1.5306053309517123,0.363159505173102,0.18567901234567907
100,0.09039044488982162,1.9096095478881845,1.999999992778006,1308.668946347874,3853.334984013962,1.884,1.9017777777777778,1.6018075525548896,1.6018075525548896,0.09039044488982162,0.017777777777777892
101,0.0,1.0000000039698316,1.0000000039698316,3789.374958813736,5731.602643203777,1.1248479028838116,1.1248479028838116,1.2327831606483786,1.2327831606483786,0.0,0.0
102,0.26159324979372744,1.0310198401053448,1.2926130898990722,652.6358305558061,1936.5743947366793,1.1628641975308642,1.3485432098765433,1.5492469557219712,1.5492469557219712,0.26159324979372744,0.18567901234567907
103,0.031236322757385082,1.968763669550957,1.999999992308342,1194.4185642607345,1115.0468606742281,1.9220698834913938,1.9220698834913938,1.882233800079079,1.882233800079079,0.031236322757385082,0.0
104,0.0,1.999999992060336,1.999999992060336,2815.0476308200614,2611.6187947924914,1.7807563988097102,1.7807563988097102,1.7579014986029908,1.7579014986029908,0.0,0.0
105,0.0,1.0000000039698316,1.0000000039698316,53.185065586981274,40.375570249840145,1.8012353453367003,1.8012353453367003,1.1250869954220692,1.1250869954220692,0.0,0.0
106,0.6589351793602773,1.6589351839299256,1.0000000045696482,8791.28590853245,12637.53459008141,1.3026666666666666,1.0774814814814815,1.3125354374955507,1.3125354374955507,0.6589351793602773,0.22518518518518515
107,0.0,1.0000000039698316,1.0000000039698316,5176.477108840496,5741.722681561313,1.0309560463774141,1.0309560463774141,1.0762579253905813,1.0762579253905813,0.0,0.0
108,0.5641398625170533,1.084089399977449,1.6482292624945023,2330.3196688133607,2644.8377390194546,1.1786666666666668,1.2853333333333332,1.290502105511041,1.290502105511041,0.5641398625170533,0.10666666666666647
109,0.09452948812479978,1.9054705046860692,1.999999992810869,658.7306441061819,1516.386770579496,1.8243898708986401,1.8243898708986401,1.6384452224812427,1.6384452224812427,0.09452948812479978,0.0
110,0.03295323573589659,1.0000000038390127,1.0329532395749093,2292.860203278007,2186.344895574918,1.034761684357705,1.034761684357705,1.0493595234590691,1.0493595234590691,0.03295323573589659,0.0
111,0.23713234996129184,1.2371323545039759,1.000000004542684,1836.816156621654,1697.1198934925715,1.0811811818156132,1.0811811818156132,1.0932992841979805,1.0932992841979805,0.23713234996129184,0.0
112,0.3634645798388587,1.3634645836292663,1.0000000037904075,1083.9140228262456,1357.588280083936,1.2226666666666666,1.0863703703703704,1.232145726102802,1.232145726102802,0.3634645798388587,0.13629629629629614
113,0.32074154697648183,1.6792584449338923,1.9999999919103741,2723.5821794187164,1842.676033936302,1.777333333333333,1.9136296296296296,1.9873828926189323,1.9873828926189323,0.32074154697648183,0.13629629629629658
114,0.7846151818997331,1.067480561237848,1.852095743137581,4265.364184702914,6978.255757069308,1.2546172839506173,1.618074074074074,1.6398912325568187,1.6398912325568187,0.7846151818997331,0.36345679012345666
115,0.0,1.0000000039698316,1.0000000039698316,3747.7773750463953,2591.9023546454146,1.0108969494931825,1.0108969494931825,1.013288591813525,1.013288591813525,0.0,0.0
116,0.22141467121960945,1.0786013459463455,1.300016017165955,159.0019841811735,59.05506258783126,1.5533333333333335,1.4466666666666665,1.4167969702202963,1.4167969702202963,0.22141467121960945,0.10666666666666691
117,0.0935811295233635,1.0000000035983303,1.0935811331216938,942.4257081414873,3669.016604756557,1.0569748793269462,1.0569748793269462,1.3346201506141593,1.3346201506141593,0.0935811295233635,0.0
118,0.162929166096363,1.0000000049845454,1.1629291710809084,4393.195392878968,2722.1292400586153,1.06958024691358,1.3737777777777778,1.2325766134803178,1.2325766134803178,0.162929166096363,0.30419753086419776
119,0.0,1.999999992060336,1.999999992060336,4179.547144269138,4579.23826080467,1.857564804768261,1.857564804768261,1.8188963156926248,1.8188963156926248,0.0,0.0
120,0.6346223274989873,1.0310130503424186,1.665635377841406,2433.878819895502,1938.9128785448145,1.5566419753086422,1.8608395061728396,1.7445350375856725,1.7445350375856725,0.6346223274989873,0.3041975308641973
121,0.019315265296099504,1.9806847269175936,1.999999992213693,1258.7362551877409,3368.7416004796073,1.936982485600363,1.936982485600363,1.7260251293498143,1.7260251293498143,0.019315265296099504,0.0
122,0.4810848584365788,1.0000000046350128,1.4810848630715916,9018.256795067973,8754.415718301516,1.2324444444444445,1.4576296296296296,1.0772581213096453,1.0772581213096453,0.4810848584365788,0.22518518518518515
123,0.6996811814176289,1.0359616141675014,1.7356427955851303,2520.9519554178105,1712.8320314825003,1.358222222222222,1.7611851851851852,1.79043299177698,1.79043299177698,0.6996811814176289,0.4029629629629632
124,0.03511101681072892,1.0351110206411755,1.0000000038304466,2324.3441742934083,967.4192423525185,1.1337777777777776,1.0962469135802468,1.0499984750892617,1.0499984750892617,0.03511101681072892,0.03753086419753071
125,0.5879137393429787,1.7275400749012895,1.1396263355583107,1541.9930619081292,1137.1605645994991,1.8568888888888888,1.5724444444444443,1.8303617550698497,1.8303617550698497,0.5879137393429787,0.2844444444444445
126,0.7999999999999998,1.1999999919610906,1.9999999919610905,633.502638905061,280.22593868252045,1.8227369424239885,1.8227369424239885,1.9164309490510028,1.9164309490510028,0.7999999999999998,0.0
127,0.6940699446840006,1.2415172971427078,1.9355872418267084,1892.8491627884755,3020.5036163921027,1.2985185185185184,1.7014814814814816,1.7849075020233964,1.7849075020233964,0.6940699446840006,0.4029629629629632
128,0.0,1.999999992060336,1.999999992060336,2318.9923518217934,1056.8356766739025,1.9448524546468757,1.9448524546468757,1.9888901437704902,1.9888901437704902,0.0,0.0
129,0.0,1.999999992060336,1.999999992060336,3306.593550646923,1854.4741437439804,1.9348999178924526,1.9348999178924526,1.9699263433719991,1.9699263433719991,0.0,0.0
130,0.7999999999999998,1.9541480467162509,1.154148046716251,6773.940330148621,4172.5376570198605,1.5138271604938272,1.4861728395061728,1.784012756014397,1.784012756014397,0.7999999999999998,0.0276543209876543
131,0.3330214663568385,1.0252341409913388,1.3582556073481773,1202.5591603154749,1945.8895703067165,1.2904172304143726,1.2904172304143726,1.461674754375507,1.461674754375507,0.3330214663568385,0.0
132,0.6251025361753855,1.3636715538715998,1.9887740900469852,5228.657357940625,4921.968715104909,1.8751111111111112,1.9027654320987655,1.72933223727145,1.72933223727145,0.6251025361753855,0.0276543209876543
133,0.4038294658862336,1.0000000035500447,1.4038294694362783,13425.672267874426,6196.609166016905,1.0715555555555556,1.356,1.009571334669083,1.009571334669083,0.4038294658862336,0.2844444444444445
134,0.38976561155339073,1.9999999927324161,1.6102343811790254,2044.6012826350932,1693.6361863015677,1.8410864197530865,1.6356543209876542,1.717205981510067,1.717205981510067,0.38976561155339073,0.20543209876543234
135,0.14487886952998608,1.5533216803402001,1.6982005498701862,598.8594181461546,287.54073262713024,1.4466666666666665,1.5533333333333335,1.6585138719303787,1.6585138719303787,0.14487886952998608,0.10666666666666691
136,0.39527384490242623,1.515800633478686,1.1205267885762598,1344.4620875699509,1971.31180169014,1.535111111111111,1.309925925925926,1.275082830120751,1.275082830120751,0.39527384490242623,0.22518518518518515
137,0.4451313840695894,1.5659909352597796,1.1208595511901902,2066.6197960416926,2321.423988426849,1.5544197530864199,1.1909629629629628,1.2919958430993503,1.2919958430993503,0.4451313840695894,0.3634567901234571
138,0.14296850910617298,1.1429685125084434,1.0000000034022705,1989.8636423308656,1587.0520299283414,1.108047877761713,1.108047877761713,1.0903637284812318,1.0903637284812318,0.14296850910617298,0.0
139,0.03974483736898238,1.711585572817461,1.6718407354484786,345.9394376796202,112.50377034132987,1.5834074074074074,1.6110617283950617,1.6285083112964447,1.6285083112964447,0.03974483736898238,0.0276543209876543
140,0.7999999999999998,1.8251196138371775,1.0251196138371776,6940.470445621562,9916.408683741254,1.4907654320987653,1.1273086419753087,1.132503848749148,1.132503848749148,0.7999999999999998,0.36345679012345666
141,0.5523886335327814,1.0000000039981187,1.5523886375309002,3983.7673852960384,4845.247240818081,1.3306131488648134,1.3306131488648134,1.5482386000839208,1.5482386000839208,0.5523886335327814,0.0
142,0.0,1.0000000039698316,1.0000000039698316,11214.235043139406,13958.190031023081,1.0066304660842014,1.0066304660842014,1.0343057181743078,1.0343057181743078,0.0,0.0
143,0.7105498756524136,1.9133807089586539,1.2028308333062403,7258.221620026897,10999.484331495718,1.499111111111111,1.2146666666666666,1.3558320618077813,1.3558320618077813,0.7105498756524136,0.2844444444444445
144,0.5614235169151023,1.369851673510596,1.9312751904256982,1328.251659946004,1460.360779810736,1.4762962962962962,1.5237037037037038,1.6867507195341793,1.6867507195341793,0.5614235169151023,0.047407407407407565
145,0.7999999999999998,1.8000000040194544,1.0000000040194545,5282.306606231518,7193.467462376587,1.4275555555555557,1.1431111111111112,1.3470291702716048,1.3470291702716048,0.7999999999999998,0.2844444444444445
146,0.6175597621910804,1.3824402309769142,1.9999999931679946,7226.151820616577,3773.7833035021768,1.5724444444444443,1.8568888888888888,1.95902179946305,1.95902179946305,0.6175597621910804,0.2844444444444445
147,0.3689182449512636,1.631081747532871,1.9999999924841345,2563.473613166821,2441.2300233457026,1.7146666666666666,1.8213333333333335,1.9346728980153611,1.9346728980153611,0.3689182449512636,0.10666666666666691
148,0.5667423231763724,1.673759956002706,1.1070176328263337,232.78773924523182,235.62300669210575,1.7699753086419752,1.8075061728395063,1.8012364911320677,1.8012364911320677,0.5667423231763724,0.037530864197531155
149,0.5683053182407876,1.283603039036487,1.8519083572772745,2232.0861491242886,1329.808657142482,1.476740740740741,1.6821728395061728,1.8343370756662427,1.8343370756662427,0.5683053182407876,0.2054320987654319
150,0.015999808928671033,1.000000003906315,1.015999812834986,1634.268292566345,574.4717257361162,1.1200166188434766,1.1200166188434766,1.0229347929991344,1.0229347929991344,0.015999808928671033,0.0
151,0.5553730627051539,1.0000000039714616,1.5553730666766155,2295.732961200859,3156.6338472162815,1.2072098765432098,1.6891851851851851,1.3474393902345827,1.3474393902345827,0.5553730627051539,0.48197530864197535
152,0.5688813706785902,1.9080158034867873,1.339134432808197,2500.7866009903278,2690.6390438602875,1.6875555555555555,1.7053333333333334,1.2346196328743986,1.2346196328743986,0.5688813706785902,0.017777777777777892
153,0.5712942265677339,1.1909030647117356,1.7621972912794694,1534.8545868601502,2773.73374363886,1.3454814814814815,1.4817777777777776,1.5743671997443438,1.5743671997443438,0.5712942265677339,0.13629629629629614
154,0.0,1.0000000039698316,1.0000000039698316,4105.494415460396,1576.5740278444548,1.0520303916986902,1.0520303916986902,1.0012064823966633,1.0012064823966633,0.0,0.0
155,0.3130442415841177,1.0000000040906478,1.3130442456747655,9575.283171571082,13979.608994537231,1.06958024691358,1.3737777777777778,1.3839764710911024,1.3839764710911024,0.3130442415841177,0.30419753086419776
156,0.11527248295174974,1.0000000035122192,1.115272486463969,986.0036256134478,755.8882925059512,1.0651889719476684,1.0651889719476684,1.0708400269381562,1.0708400269381562,0.11527248295174974,0.0
157,0.1203653949888972,1.8796345980270999,1.999999993015997,808.8935678978578,1814.5588444132825,1.8057239321470622,1.8057239321470622,1.6582349460581993,1.6582349460581993,0.1203653949888972,0.0
158,0.16310438229833313,1.1666307130060178,1.329735095304351,885.017430119047,834.9863631838616,1.0893333333333333,1.1959999999999997,1.3111981310460896,1.3111981310460896,0.16310438229833313,0.10666666666666647
159,0.5120175079683187,1.9981728588771865,1.4861553509088679,1668.7125482983242,1286.0455386839583,1.9225185185185185,1.6973333333333334,1.8256788642525812,1.8256788642525812,0.5120175079683187,0.22518518518518515
160,0.20134413846641142,1.0000000047557938,1.2013441432222052,1416.54991977233,1697.5034620078113,1.0715555555555556,1.356,1.482221852022945,1.482221852022945,0.20134413846641142,0.2844444444444445
161,0.0,1.999999992060336,1.999999992060336,1849.973132881119,1952.4723608926672,1.9857575450827618,1.9857575450827618,1.9297002628778777,1.9297002628778777,0.0,0.0
162,0.0,1.0000000039698316,1.0000000039698316,3524.9201191618954,1224.1382078227302,1.533777777777778,1.0518024691358026,1.0560528425200815,1.0560528425200815,0.0,0.48197530864197535
163,0.47049344544361027,1.9999999905407662,1.529506545097156,4889.518699746064,3786.797454377688,1.6520987654320989,1.3479012345679011,1.7456768286241613,1.7456768286241613,0.47049344544361027,0.30419753086419776
164,0.5869778176670248,1.4000021468311323,1.9869799644981572,3186.0796155329704,2753.0654912927575,1.5281633090082742,1.5281633090082742,1.605699751894408,1.605699751894408,0.5869778176670248,0.0
165,0.0,1.999999992060336,1.999999992060336,3472.483537193526,983.7346809070096,1.8182086649420164,1.8182086649420164,1.976244579372299,1.976244579372299,0.0,0.0
166,0.5386132170631748,1.0000000041211625,1.5386132211843373,7191.048565872367,6777.224300097903,1.0636543209876543,1.427111111111111,1.0474914954980883,1.0474914954980883,0.5386132170631748,0.36345679012345666
167,0.17550082571895143,1.1755008306286356,1.0000000049096842,3315.7319961888034,4509.1796373985435,1.0194950430360312,1.0194950430360312,1.0868834348546035,1.0868834348546035,0.17550082571895143,0.0
168,0.08827237943828603,1.8260837659140485,1.7378113864757625,202.93508899511235,417.4331108593122,1.7456768901462463,1.7456768901462463,1.907300919105536,1.907300919105536,0.08827237943828603,0.0
169,0.0,1.0000000039698316,1.0000000039698316,0.11911841181514164,0.03207353782530041,1.8012353453367003,1.8012353453367003,1.000000228920496,1.000000228920496,0.0,0.0
170,0.06443582057045605,1.2517218347428052,1.3161576553132612,353.4083380521404,167.9987950690099,1.2226666666666666,1.0863703703703704,1.35649238864408,1.35649238864408,0.06443582057045605,0.13629629629629614
171,0.415349527005779,1.4153495304872248,1.0000000034814458,12065.741972609472,12473.065698696784,1.2226666666666666,1.0863703703703704,1.1399238012284947,1.1399238012284947,0.415349527005779,0.13629629629629614
172,0.0,1.999999992060336,1.999999992060336,1880.824553741482,428.7547673786894,1.740781511069292,1.740781511069292,1.9574760150094808,1.9574760150094808,0.0,0.0
173,0.4376450487744785,1.8544380821617534,1.416793033387275,1508.943285711564,1614.263491794312,1.5237037037037038,1.4762962962962962,1.4948303033373607,1.4948303033373607,0.4376450487744785,0.047407407407407565
174,0.3018903866278966,1.1461379764276438,1.4480283630555404,1304.7224903578053,919.135965696764,1.4718337001154564,1.4718337001154564,1.4259162394497125,1.4259162394497125,0.3018903866278966,0.0
175,0.669963687578865,1.6699636920007515,1.0000000044218864,2613.274738598912,2960.0294006569816,1.356,1.0715555555555556,1.0573767336832907,1.0573767336832907,0.669963687578865,0.2844444444444445
176,0.0,1.999999992060336,1.999999992060336,1678.0743098088033,744.5018951832899,1.8602476169778623,1.8602476169778623,1.9467372347303171,1.9467372347303171,0.0,0.0
177,0.3125891209588758,1.312589125052234,1.000000004093358,646.5040340672392,312.6231181211997,1.6440000000000001,1.9284444444444446,1.4272023725840266,1.4272023725840266,0.3125891209588758,0.2844444444444445
178,0.2792544241001633,1.4095201191893387,1.688774543289502,663.306951619091,464.3715718620129,1.4664197530864196,1.5335802469135804,1.606423205401104,1.606423205401104,0.2792544241001633,0.06716049382716083
179,0.495657517182992,1.657871950711244,1.162214433528252,1224.767289030187,2837.889247046142,1.122059113210389,1.122059113210389,1.6175074797669267,1.6175074797669267,0.495657517182992,0.0
180,0.7220779156759449,1.9711457759134816,1.2490678602375367,5940.315750910374,9990.204777592524,1.9402962962962964,1.5373333333333332,1.7446504036194517,1.7446504036194517,0.7220779156759449,0.4029629629629632
181,0.6624030864376662,1.3375969045159637,1.99999999095363,658.5437724006547,347.2182206948913,1.500888888888889,1.7853333333333334,1.8498048844715362,1.8498048844715362,0.6624030864376662,0.2844444444444445
182,0.0,1.999999992060336,1.999999992060336,3420.3144536651475,1192.1821886220878,1.5895254159492955,1.5895254159492955,1.8381904925974184,1.8381904925974184,0.0,0.0
183,0.6267772840608865,1.0000000033336705,1.626777287394557,820.4548999128987,496.2210895435532,1.4071604938271605,1.5928395061728395,1.886930481729952,1.886930481729952,0.6267772840608865,0.18567901234567907
184,0.21095485431398675,1.9999999906028707,1.789045136288884,2025.4639532761369,2172.4917682923783,1.8021665989932303,1.8021665989932303,1.7590183089657392,1.7590183089657392,0.21095485431398675,0.0
185,0.7999999999999998,1.8000000040194544,1.0000000040194545,10028.38430215844,9269.298391367289,1.8608395061728396,1.5566419753086422,1.7880169115339155,1.7880169115339155,0.7999999999999998,0.3041975308641973
186,0.20065771224651296,1.2006577170063943,1.0000000047598814,1429.6167920460505,2223.576180169827,1.0509288953697253,1.0509288953697253,1.2978123852502574,1.2978123852502574,0.20065771224651296,0.0
187,0.10489247772012833,1.9999999928931476,1.8951075151730192,626.0489733834155,475.4443333131321,1.9583158878406741,1.9583158878406741,1.945962314991802,1.945962314991802,0.10489247772012833,0.0
188,0.3530882924765595,1.5676546221815069,1.9207429146580663,1061.5335732570804,925.0301727880274,1.766849084477074,1.766849084477074,1.7690544983580072,1.7690544983580072,0.3530882924765595,0.0
189,0.7030952285344099,1.0000000039779837,1.7030952325123936,7446.716731414178,6437.094756336355,1.1391604938271604,1.4433580246913578,1.1858622895533448,1.1858622895533448,0.7030952285344099,0.3041975308641973
190,0.46664736839806675,1.00000000476397,1.4666473731620369,1619.1119861008358,1887.32379688599,1.1391604938271604,1.4433580246913578,1.4532820274291232,1.4532820274291232,0.46664736839806675,0.3041975308641973
191,0.0,1.0000000039698316,1.0000000039698316,4274.423126778784,2512.877505954213,1.1126370283246256,1.1126370283246256,1.0672821976001023,1.0672821976001023,0.0,0.0
192,0.47006841689079604,1.5299315736423773,1.9999999905331733,3510.7855334980777,1848.6299613596273,1.6440000000000001,1.9284444444444446,1.855917586726053,1.855917586726053,0.47006841689079604,0.2844444444444445
193,0.6677819337466571,1.667781938197775,1.000000004451118,1661.0461060539842,1784.7973944022278,1.9094768109865548,1.9094768109865548,1.691326564606177,1.691326564606177,0.6677819337466571,0.0
194,0.2099943143743812,1.9551585397419424,1.7451642253675612,253.72731026651292,323.551861525077,1.8083896515016025,1.8083896515016025,1.7014041361829655,1.7014041361829655,0.2099943143743812,0.0
195,0.06979865072976077,1.3505160205521147,1.4203146712818755,147.46153114103006,120.18988385360066,1.3504661694554394,1.3504661694554394,1.327680733969416,1.327680733969416,0.06979865072976077,0.0
196,0.1468832715042665,1.66876717128799,1.5218838997837234,1293.3533232996313,443.7689750192131,1.8576281185779044,1.8576281185779044,1.7030394817653127,1.7030394817653127,0.1468832715042665,0.0
197,0.6527489893594707,1.0000000046525321,1.6527489940120028,7376.59496097905,10476.190372511246,1.0942716049382717,1.1515555555555557,1.438985655401825,1.438985655401825,0.6527489893594707,0.057283950617283974
198,0.07982783957741324,1.9201721531167297,1.999999992694143,668.3591318963786,2444.3271717277057,1.8245280898074703,1.8245280898074703,1.5717432854822317,1.5717432854822317,0.07982783957741324,0.0
199,0.7999999999999998,1.1999999919610906,1.9999999919610905,1559.9158618261297,1081.0377163105547,1.9593300589173896,1.9593300589173896,1.9593892244351814,1.9593892244351814,0.7999999999999998,0.0
200,0.6628690180377066,1.7952451367138273,1.1323761186761208,2292.9943906378708,3778.989767326102,1.8090370370370372,1.4455802469135801,1.6841519965506784,1.6841519965506784,0.6628690180377066,0.3634567901234571
201,0.0,1.0000000039698316,1.0000000039698316,7469.90305958576,1513.9191546594486,1.0518024691358026,1.533777777777778,1.0017953283171677,1.0017953283171677,0.0,0.48197530864197535
202,0.0,1.999999992060336,1.999999992060336,2370.7123734468764,771.9344740264261,1.8624818700993915,1.8624818700993915,1.9838884496100602,1.9838884496100602,0.0,0.0
203,0.0,1.0000000039698316,1.0000000039698316,1409.7855185620315,590.5892853844376,1.1193252267444995,1.1193252267444995,1.0363405575652687,1.0363405575652687,0.0,0.0
204,0.0,1.0000000039698316,1.0000000039698316,9448.749785722315,5743.049729238731,1.012422306099836,1.012422306099836,1.0049910033651934,1.0049910033651934,0.0,0.0
205,0.41682237250675014,1.3252484743549482,1.7420708468616983,1561.1088570460304,718.9447761596736,1.5004444444444445,1.6663703703703703,1.7177413926275502,1.7177413926275502,0.41682237250675014,0.1659259259259258
206,0.40377848498348046,1.184585346724558,1.5883638317080384,741.0104013584241,894.6345539412707,1.528543209876543,1.7734814814814814,1.3373419065622705,1.3373419065622705,0.40377848498348046,0.24493827160493842
207,0.25721895630083313,1.9999999911538524,1.7427810348530193,2113.7141349340886,1525.1457478177483,1.918567901234568,1.732888888888889,1.8419596804951957,1.8419596804951957,0.25721895630083313,0.18567901234567907
208,0.009150554753646123,1.3733995835023154,1.3642490287486693,381.1674247468776,187.49886038316765,1.4106666666666667,1.3928888888888888,1.4147484819347462,1.4147484819347462,0.009150554753646123,0.017777777777777892
209,0.41824736475813395,1.9999999930716195,1.5817526283134855,1341.1167892403316,1750.4970347923618,1.740888888888889,1.6045925925925923,1.6532792742498355,1.6532792742498355,0.41824736475813395,0.13629629629629658
210,0.035562091412121966,1.000000003828656,1.035562095240778,3434.051410470451,3802.7928343958893,1.090157677458424,1.090157677458424,1.1469048740117724,1.1469048740117724,0.035562091412121966,0.0
211,0.0,1.0000000039698316,1.0000000039698316,3261.6177489268325,826.4554451374539,1.0518024691358026,1.533777777777778,1.0112779815648127,1.0112779815648127,0.0,0.48197530864197535
212,0.04620424959428915,1.0635219567337055,1.1097262063279947,537.1241963345803,315.4854845666833,1.073611264814839,1.073611264814839,1.0732141456577895,1.0732141456577895,0.04620424959428915,0.0
213,0.21259870392242508,1.9431299726818843,1.7305312687594592,1261.7649121892857,995.312807265641,1.6085957223423764,1.6085957223423764,1.635190028727664,1.635190028727664,0.21259870392242508,0.0
214,0.589873619296311,1.4101263733770917,1.9999999926734027,3280.483573410046,1779.1608755574418,1.5566419753086418,1.8608395061728396,1.9490175946711505,1.9490175946711505,0.589873619296311,0.30419753086419776
215,0.5540982578413449,1.1967637381447815,1.7508619959861265,2226.2217886655194,1926.9152413616755,1.3928888888888888,1.4106666666666667,1.3146966286409816,1.3146966286409816,0.5540982578413449,0.017777777777777892
216,0.018519381952923908,1.999999992207374,1.98148061025445,2031.9325523780594,1050.052877628968,1.9106666666666667,1.8039999999999998,1.8698386287877304,1.8698386287877304,0.018519381952923908,0.10666666666666691
217,0.7999999999999998,1.8000000040194544,1.0000000040194545,11321.629696208183,22555.044327581905,1.533777777777778,1.0518024691358026,1.679268210254247,1.679268210254247,0.7999999999999998,0.48197530864197535
218,0.0,1.0000000039698316,1.0000000039698316,2508.8564368523957,4248.093949274465,1.0125403440695697,1.0125403440695697,1.0929117257145513,1.0929117257145513,0.0,0.0
219,0.0,1.0000000039698316,1.0000000039698316,7030.335438005673,2755.5331897752235,1.1337777777777776,1.0962469135802468,1.0341194740253123,1.0341194740253123,0.0,0.03753086419753071
220,0.0,1.999999992060336,1.999999992060336,5802.229539155998,2661.9466538162947,1.7062222222222223,1.921530864197531,1.8678020768124128,1.8678020768124128,0.0,0.21530864197530875
221,0.0,1.999999992060336,1.999999992060336,2431.663906369327,930.5508545834207,1.9037530864197532,1.866222222222222,1.9575042703988306,1.9575042703988306,0.0,0.037530864197531155
222,0.0,1.0000000039698316,1.0000000039698316,2139.9678147524146,2628.3905891334875,1.0643051518365896,1.0643051518365896,1.1251445892734584,1.1251445892734584,0.0,0.0
223,0.21471510697083573,1.000000004676173,1.2147151116470087,1674.7799580150122,1554.120319198005,1.1405026470092343,1.1405026470092343,1.163641776255894,1.163641776255894,0.21471510697083573,0.0
224,0.6659037827774061,1.0945229565398407,1.7604267393172468,5184.118381389056,5348.001908713903,1.515475754933398,1.515475754933398,1.5495178616461587,1.5495178616461587,0.6659037827774061,0.0
225,0.17653613641953303,1.999999990192961,1.823463853773428,1307.5684725801573,621.557016345901,1.8155909898636158,1.8155909898636158,1.9832152980468427,1.9832152980468427,0.17653613641953303,0.0
226,0.06535138205384161,1.0336030087883226,1.0989543908421642,2831.9795169270187,678.1286991575452,1.4385919182564775,1.4385919182564775,1.1953621250191258,1.1953621250191258,0.06535138205384161,0.0
227,0.704111493504179,1.000000003964368,1.704111497468547,9658.185753885044,11468.49958616792,1.081432098765432,1.267111111111111,1.6982444773990015,1.6982444773990015,0.704111493504179,0.18567901234567907
228,0.0,1.999999992060336,1.999999992060336,7175.542371327766,4079.224118566538,1.6858552070675765,1.6858552070675765,1.810288721669548,1.810288721669548,0.0,0.0
229,0.280099102161798,1.4353117088641878,1.7154108110259858,1237.2610211186218,1111.8480157813394,1.625333333333333,1.732,1.6142524343198934,1.6142524343198934,0.280099102161798,0.10666666666666691
230,0.599499791119324,1.400500201726043,1.9999999928453671,2844.44584891079,1858.9316397536704,1.6440000000000001,1.9284444444444446,1.8299019963392544,1.8299019963392544,0.599499791119324,0.2844444444444445
231,0.7999999999999998,1.1999999919610906,1.9999999919610905,1546.132841866234,2176.7299256839506,1.911057680737437,1.911057680737437,1.8201778346521986,1.8201778346521986,0.7999999999999998,0.0
232,0.7156371552263847,1.072504264626295,1.7881414198526797,1622.9757339127389,4235.2507503032975,1.0518024691358026,1.533777777777778,1.1346386548051335,1.1346386548051335,0.7156371552263847,0.48197530864197535
233,0.7999999999999998,1.8000000040194544,1.0000000040194545,1966.7207422643683,1141.472980150334,1.852149390010009,1.852149390010009,1.9695885885825115,1.9695885885825115,0.7999999999999998,0.0
234,0.0,1.999999992060336,1.999999992060336,3283.625709433426,2123.3589849614523,1.9017777777777778,1.884,1.8932395895509253,1.8932395895509253,0.0,0.017777777777777892
235,0.0,1.0000000039698316,1.0000000039698316,4304.027544595997,5395.246122015657,1.0289707196697522,1.0289707196697522,1.0784577034063556,1.0784577034063556,0.0,0.0
236,0.085208263101193,1.5796263776584198,1.4944181145572268,289.80698893975153,296.43234496165184,1.6071111111111112,1.5893333333333333,1.6450414206964,1.6450414206964,0.085208263101193,0.017777777777777892
237,0.13851707716818806,1.1721080843180067,1.0335910071498187,1414.329456294098,506.190419527319,1.267111111111111,1.081432098765432,1.1268802001405782,1.1268802001405782,0.13851707716818806,0.18567901234567907
238,0.7999999999999998,1.0000000040194545,1.8000000040194544,8986.768120124885,12317.115806953061,1.06958024691358,1.3737777777777778,1.2763721899135314,1.2763721899135314,0.7999999999999998,0.30419753086419776
239,0.3372872547945045,1.5897589424762342,1.2524716876817297,1007.8881015971941,1384.284004495313,1.6110617283950617,1.5834074074074074,1.7112421441402637,1.7112421441402637,0.3372872547945045,0.0276543209876543
240,0.8000000000000003,1.1145544487282009,1.9145544487282011,3804.5056030640235,5781.915755336507,1.5566419753086418,1.8608395061728396,1.5505727288246693,1.5505727288246693,0.8000000000000003,0.30419753086419776
241,0.39731529120596454,1.9999999928223293,1.6026847016163648,3194.4297956629703,3440.0470175060823,1.9136296296296296,1.777333333333333,1.811451151079209,1.811451151079209,0.39731529120596454,0.13629629629629658
242,0.7873282696149841,1.0599219267714397,1.8472501963864238,1888.278011377289,3203.1888097537935,1.2388148148148148,1.641777777777778,1.282831002674362,1.282831002674362,0.7873282696149841,0.4029629629629632
243,0.05921771728339653,1.982239768872819,1.9230220515894225,1215.6846895762972,866.696805412754,1.805530864197531,1.7778765432098766,1.742163489197912,1.742163489197912,0.05921771728339653,0.0276543209876543
244,0.3878933085262881,1.0000000036449406,1.3878933121712287,794.374393276821,599.453388256247,1.7557037037037035,1.5700246913580245,1.4256764920435785,1.4256764920435785,0.3878933085262881,0.18567901234567907
245,0.11694059794942957,1.9999999929888055,1.883059395039376,2093.5633824977285,986.4445801840797,1.740888888888889,1.6045925925925923,1.8454003881550352,1.8454003881550352,0.11694059794942957,0.13629629629629658
246,0.017874883564712007,1.982125108637545,1.999999992202257,1308.3826271766584,3442.6340958758087,1.9390689187556451,1.9390689187556451,1.730260988760191,1.730260988760191,0.017874883564712007,0.0
247,0.14753970762068258,1.7156693557597278,1.8632090633804104,349.0404847673141,240.70147964225936,1.831075219290891,1.831075219290891,1.6971815791805764,1.6971815791805764,0.14753970762068258,0.0
248,0.7987058609291853,1.7987058649746483,1.000000004045463,9641.991218529143,19490.808792901076,1.533777777777778,1.0518024691358026,1.631712285048848,1.631712285048848,0.7987058609291853,0.48197530864197535
249,0.20372083131254248,1.9563706127225888,1.7526497814100463,574.1141226322504,972.5704537467661,1.7053333333333334,1.6875555555555555,1.6070262179397108,1.6070262179397108,0.20372083131254248,0.017777777777777892
250,0.5420188800789867,1.4372943396214144,1.979313219700401,2158.0925796787524,1049.4348668281402,1.5724444444444443,1.8568888888888888,1.8436375643788252,1.8436375643788252,0.5420188800789867,0.2844444444444445
251,0.4843920517478151,1.4843920563532877,1.0000000046054727,1350.8779288417713,1326.8116349767902,1.3124444444444445,1.2946666666666666,1.2521618428984556,1.2521618428984556,0.4843920517478151,0.017777777777777892
252,0.0,1.999999992060336,1.999999992060336,1238.9144722832557,457.9051754619709,1.9037530864197532,1.866222222222222,1.9554325241344772,1.9554325241344772,0.0,0.037530864197531155
253,0.28679262936438654,1.7132073621416737,1.9999999915060602,761.4312986268302,575.4777583782934,1.6909629629629628,1.8272592592592594,1.8664673711604378,1.8664673711604378,0.28679262936438654,0.13629629629629658
254,0.6791195098232996,1.000000004299215,1.6791195141225146,5200.151496144302,3706.2113790218964,1.0715555555555556,1.356,1.0718031594274362,1.0718031594274362,0.6791195098232996,0.2844444444444445
255,0.6640611223429405,1.3169645998342097,1.9810257221771501,2724.6299420695736,1645.0370915906885,1.528543209876543,1.7734814814814814,1.7487055508676301,1.7487055508676301,0.6640611223429405,0.24493827160493842
256,0.0,1.999999992060336,1.999999992060336,2476.1005232558878,2925.1362534422033,1.9640381784298164,1.9640381784298164,1.9041932764222804,1.9041932764222804,0.0,0.0
257,0.31065805747946706,1.499405048984047,1.810063106463514,866.8343691988788,2112.4833594170577,1.4144197530864198,1.8963950617283951,1.43052642124486,1.43052642124486,0.31065805747946706,0.48197530864197535
258,0.3579852514464674,1.6342088017687804,1.276223550322313,1123.0383321714526,1639.4683226385896,1.5706666666666667,1.2862222222222222,1.5088424321706593,1.5088424321706593,0.3579852514464674,0.2844444444444445
259,0.43569530628002484,1.2546142109684035,1.6903095172484284,1840.5004278057927,2755.162095673514,1.3178271604938272,1.523259259259259,1.582122024766088,1.582122024766088,0.43569530628002484,0.2054320987654319
260,0.3094308367483558,1.3127354977133292,1.0033046609649734,1572.3132488469098,1572.776858009864,1.2333447909296442,1.2333447909296442,1.1794966201351265,1.1794966201351265,0.3094308367483558,0.0
261,0.7999999999999998,1.1999999919610906,1.9999999919610905,1356.8728924394352,904.4126796191653,1.911603745876143,1.911603745876143,1.9335907845094606,1.9335907845094606,0.7999999999999998,0.0
262,0.31617847988659253,1.999999991856031,1.6838215119694384,799.8365631876469,2355.8725405252826,1.866222222222222,1.9037530864197532,1.5163164497296577,1.5163164497296577,0.31617847988659253,0.037530864197531155
263,0.4380545152094326,1.0000000033462433,1.438054518555676,15816.375209658854,21344.836888018322,1.06958024691358,1.3737777777777778,1.4755318260517822,1.4755318260517822,0.4380545152094326,0.30419753086419776
264,0.7418041252875285,1.7418041287468837,1.0000000034593552,4904.002315450284,5909.759745817343,1.8568888888888888,1.5724444444444443,1.5665874389799426,1.5665874389799426,0.7418041252875285,0.2844444444444445
265,0.3521620640101504,1.610404405331129,1.2582423413209787,942.7526014667388,1024.607874328388,1.6422222222222222,1.3577777777777778,1.3453311559063992,1.3453311559063992,0.3521620640101504,0.2844444444444445
266,0.7999999999999998,1.131361989278226,1.9313619892782259,3279.3355468504196,3288.30154795894,1.6795555555555555,1.9244938271604939,1.7231629355965488,1.7231629355965488,0.7999999999999998,0.24493827160493842
267,0.10145223303715412,1.9999999928658327,1.8985477598286786,1223.0909257664555,493.4970916209823,1.7857777777777777,1.8035555555555556,1.9076532420021683,1.9076532420021683,0.10145223303715412,0.017777777777777892
268,0.0,1.999999992060336,1.999999992060336,2209.1133746456226,1981.4735969881676,1.9153427195351083,1.9153427195351083,1.8990096578881046,1.8990096578881046,0.0,0.0
269,0.29331399053565166,1.2933139947437884,1.0000000042081367,4794.10518402307,3885.8364582030613,1.2142222222222223,1.1964444444444444,1.153307522046388,1.153307522046388,0.29331399053565166,0.017777777777777892
270,0.7334158954849705,1.2665840973715443,1.9999999928565149,2011.6529117402913,2936.436463079071,1.466222222222222,1.9481975308641974,1.6324140584755287,1.6324140584755287,0.7334158954849705,0.48197530864197535
271,0.7159806646751972,1.894975829012068,1.1789951643368708,502.27607570230185,171.47293697954296,1.777333333333333,1.9136296296296296,1.7827641298393322,1.7827641298393322,0.7159806646751972,0.13629629629629658
272,0.6822723008685854,1.9483256996375766,1.2660533987689913,3016.7483019902,4721.975875796559,1.721679012345679,1.4174814814814813,1.510293796418483,1.510293796418483,0.6822723008685854,0.30419753086419776
273,0.25651515903768685,1.9999999911454707,1.7434848321077838,867.7717622181849,1636.941758373404,1.8499744397918199,1.8499744397918199,1.6823800501268138,1.6823800501268138,0.25651515903768685,0.0
274,0.2969207748075817,1.9999999916266813,1.7030792168190996,2708.714166649904,1219.5867965852042,1.9225185185185185,1.6973333333333334,1.8729607723965482,1.8729607723965482,0.2969207748075817,0.22518518518518515
275,0.01852634571667533,1.000000003896285,1.0185263496129604,1438.9767634702941,655.814668144401,1.1976467271005458,1.1976467271005458,1.087464957432299,1.087464957432299,0.01852634571667533,0.0
276,0.5379484235113847,1.312521299664668,1.8504697231760527,2895.0160929571043,4575.103479923922,1.4455802469135801,1.8090370370370372,1.5480270974736867,1.5480270974736867,0.5379484235113847,0.3634567901234571
277,0.47449522120159626,1.780094350709773,1.3055991295081768,1088.8577171305694,583.1151355136932,1.7604303942586448,1.7604303942586448,1.457313196867719,1.457313196867719,0.47449522120159626,0.0
278,0.04622451053777077,1.782033416599249,1.7358089060614783,1079.8306295065145,473.55894628475147,1.4293333333333333,1.7137777777777778,1.5948799791484927,1.5948799791484927,0.04622451053777077,0.2844444444444445
279,0.7819767442652945,1.9999999912366542,1.2180232469713597,3947.550788972856,5750.75038650148,1.9402962962962964,1.5373333333333332,1.6230595135776678,1.6230595135776678,0.7819767442652945,0.4029629629629632
280,0.7999999999999998,1.1999999919610906,1.9999999919610905,4186.284762307696,2473.2062277852947,1.572888888888889,1.9363456790123457,1.82567534354156,1.82567534354156,0.7999999999999998,0.36345679012345666
281,0.0,1.0000000039698316,1.0000000039698316,2840.0768236458985,1353.8902409250945,1.0351556730744838,1.0351556730744838,1.0048625601563959,1.0048625601563959,0.0,0.0
282,0.36260871734554456,1.119330460095683,1.4819391774412276,1849.452730465289,1664.873465406506,1.1848629030007265,1.1848629030007265,1.221811936937133,1.221811936937133,0.36260871734554456,0.0
283,0.3714384080779154,1.9999999925141487,1.6285615844362333,4118.483938646767,3176.4895206164533,1.9304197530864198,1.626222222222222,1.7729979010963453,1.7729979010963453,0.3714384080779154,0.30419753086419776
284,0.6764200569984031,1.323579934330831,1.9999999913292341,5736.797070516531,6350.615635558614,1.6440000000000001,1.9284444444444446,1.8525180017968472,1.8525180017968472,0.6764200569984031,0.2844444444444445
285,0.0,1.999999992060336,1.999999992060336,4008.4115195488193,4377.52749039566,1.812888888888889,1.909679012345679,1.7820958429267932,1.7820958429267932,0.0,0.09679012345679006
286,0.09605035022231112,1.6895181964050836,1.5934678461827725,182.02550456421818,171.76113806516696,1.7424201295641888,1.7424201295641888,1.7435638157275912,1.7435638157275912,0.09605035022231112,0.0
287,0.6088515047319283,1.0000000034937857,1.608851508225714,3978.4861871211515,5780.223969840951,1.2324444444444445,1.4576296296296296,1.294929651082605,1.294929651082605,0.6088515047319283,0.22518518518518515
288,0.08821681431209383,1.9999999927607484,1.9117831784486545,1985.820729782257,2715.7503702897307,1.909679012345679,1.812888888888889,1.722663244301332,1.722663244301332,0.08821681431209383,0.09679012345679006
289,0.7748397124605471,1.7748397169856547,1.0000000045251076,4474.9761405668505,5548.457139318117,1.2226666666666666,1.0863703703703704,1.752515553807798,1.752515553807798,0.7748397124605471,0.13629629629629614
290,0.2698728953830054,1.0000000043477224,1.2698728997307278,1626.2680986961616,1789.2427851326936,1.6742716049382715,1.4885925925925925,1.568045337184289,1.568045337184289,0.2698728953830054,0.18567901234567907
291,0.6611518497273212,1.1545878692238716,1.8157397189511928,281.60213584369416,119.45859114705664,1.9495361599603775,1.9495361599603775,1.8058714572506986,1.8058714572506986,0.6611518497273212,0.0
292,0.0,1.0000000039698316,1.0000000039698316,5206.63942428238,2610.297029557475,1.0266300309694647,1.0266300309694647,1.0037590534972205,1.0037590534972205,0.0,0.0
293,0.0,1.999999992060336,1.999999992060336,1251.8888918321031,1279.0589089151754,1.805406458804244,1.805406458804244,1.7843130796178068,1.7843130796178068,0.0,0.0
294,0.45989751373993526,1.570993822087092,1.1110963083471568,258.7443865843356,91.4028157096873,1.7146666666666666,1.8213333333333335,1.6431081915478578,1.6431081915478578,0.45989751373993526,0.10666666666666691
295,0.6311800929830347,1.0000000049415159,1.6311800979245505,4601.890771491022,6578.5368523149045,1.2773020519598242,1.2773020519598242,1.7106823594029816,1.7106823594029816,0.6311800929830347,0.0
296,0.0,1.0000000039698316,1.0000000039698316,1768.0981556725444,4136.054684940389,1.0377227409529897,1.0377227409529897,1.197798681840764,1.197798681840764,0.0,0.0
297,0.24627339194657027,1.096695527058647,1.3429689190052172,866.1516108445057,785.2077646248023,1.1802783914263917,1.1802783914263917,1.2101644370119904,1.2101644370119904,0.24627339194657027,0.0
298,0.16628029661140076,1.1844044969686331,1.350684793580034,618.4626088853576,349.35521188755683,1.2191597074805336,1.2191597074805336,1.3012580311972761,1.3012580311972761,0.16628029661140076,0.0
299,0.0,1.999999992060336,1.999999992060336,1585.0013198286404,1107.8291216394625,1.8817267797230852,1.8817267797230852,1.8877433751317516,1.8877433751317516,0.0,0.0
300,0.38445995984911274,1.9999999926692285,1.6155400328201157,1843.1327609066677,1649.0933124410883,1.6249271774791345,1.6249271774791345,1.661423167247058,1.661423167247058,0.38445995984911274,0.0
301,0.45991390670432475,1.4612435849470438,1.9211574916513685,1463.5124841218437,1698.7206170407214,1.5597037037037038,1.6268641975308642,1.7118178186635968,1.7118178186635968,0.45991390670432475,0.06716049382716038
302,0.7266981517167395,1.109859826423959,1.8365579781406984,2504.2477152059582,3993.3918590633384,1.4776296296296294,1.8805925925925926,1.5176092434588808,1.5176092434588808,0.7266981517167395,0.4029629629629632
303,0.2527557612057256,1.456580903692085,1.7093366648978106,412.0468302659698,468.931885581852,1.615389090037743,1.615389090037743,1.7620218364756446,1.7620218364756446,0.2527557612057256,0.0
304,0.2601763075168231,1.9503764485485016,1.6902001410316785,423.8526532295114,3220.285008588227,1.849225582585365,1.849225582585365,1.3469653159380774,1.3469653159380774,0.2601763075168231,0.0
305,0.46562584180519595,1.9009945540733793,1.4353687122681833,718.84553434522,797.6977531258505,1.6422222222222222,1.3577777777777778,1.4664406204079492,1.4664406204079492,0.46562584180519595,0.2844444444444445
306,0.6897049874573757,1.0000000041573887,1.6897049916147644,19500.436936135702,15347.718009525934,1.0636543209876543,1.427111111111111,1.0102905632902381,1.0102905632902381,0.6897049874573757,0.36345679012345666
307,0.18623993508186398,1.8137600552266642,1.9999999903085282,2967.451648631025,2265.8705089394157,1.889028634569054,1.889028634569054,1.9061977807443558,1.9061977807443558,0.18623993508186398,0.0
308,0.18703305912598944,1.5154771559472773,1.7025102150732667,514.1174974662705,650.9374741787516,1.4402119633947628,1.4402119633947628,1.6771614499082688,1.6771614499082688,0.18703305912598944,0.0
309,0.5302743864706403,1.000000004195646,1.5302743906662863,2968.5410103420636,3078.907988991893,1.3454814814814815,1.4817777777777776,1.671247758400348,1.671247758400348,0.5302743864706403,0.13629629629629614
310,0.029791344618358195,1.4531988645289577,1.4234075199105996,210.89887246210426,1667.8157293042545,1.395611390484555,1.395611390484555,1.7135754881542185,1.7135754881542185,0.029791344618358195,0.0
311,0.7086997026844872,1.000000003902894,1.7086997065873812,5765.505108825003,8862.164960881402,1.0755061728395061,1.3204444444444445,1.6974268507886938,1.6974268507886938,0.7086997026844872,0.24493827160493842
312,0.0,1.0000000039698316,1.0000000039698316,2407.532558916694,2721.9873684645418,1.0423958578495178,1.0423958578495178,1.1041621688092356,1.1041621688092356,0.0,0.0
313,0.35952629188883956,1.6404737004834418,1.9999999923722813,1910.835799019981,1215.9811723429207,1.884,1.9017777777777778,1.96989430565867,1.96989430565867,0.35952629188883956,0.017777777777777892
314,0.40475957232364923,1.0000000035445062,1.4047595758681555,6141.430828069772,4567.182837718825,1.090320987654321,1.187111111111111,1.062641865155996,1.062641865155996,0.40475957232364923,0.09679012345679006
315,0.04510642488726457,1.6656962148933394,1.710802639780604,1469.3960498220283,118.33677004957427,1.480096042635727,1.480096042635727,1.64680105680582,1.64680105680582,0.04510642488726457,0.0
316,0.03913776447846873,1.0000000038144612,1.03913776829293,4810.100465656241,5505.175054272586,1.0962469135802468,1.1337777777777776,1.170445305451148,1.170445305451148,0.03913776447846873,0.03753086419753071
317,0.3547455156081831,1.936245652779561,1.581500137171378,1419.315203426047,1711.288890737344,1.5920363953921077,1.5920363953921077,1.5555912216874126,1.5555912216874126,0.3547455156081831,0.0
318,0.7999999999999998,1.0814150781974856,1.8814150781974854,2938.8627629166735,3781.450783223976,1.6253333333333333,1.7319999999999998,1.9245622447706954,1.9245622447706954,0.7999999999999998,0.10666666666666647
319,0.4635473604408826,1.0366487161528628,1.5001960765937454,622.8966242057187,250.98050672789094,1.361283950617284,1.458074074074074,1.6609436734383585,1.6609436734383585,0.4635473604408826,0.09679012345679006
320,0.0,1.999999992060336,1.999999992060336,1556.5295617291101,837.361571526154,1.880065381873508,1.880065381873508,1.929649848422513,1.929649848422513,0.0,0.0
321,0.0,1.999999992060336,1.999999992060336,2360.701700406503,2341.9967713466976,1.7706970726702562,1.7706970726702562,1.7594707018451747,1.7594707018451747,0.0,0.0
322,0.1908659337653522,1.9999999903636214,1.8091340565982692,1752.6742848049068,1588.642347753917,1.7382351620411935,1.7382351620411935,1.7305886293155186,1.7305886293155186,0.1908659337653522,0.0
323,0.5852400126603019,1.9272680460265055,1.3420280333662036,2257.960085249819,2926.1640670414954,1.845037037037037,1.6198518518518519,1.466213319657159,1.466213319657159,0.5852400126603019,0.22518518518518515
324,0.5917863509714043,1.3718840742319465,1.9636704252033508,3420.6568625523983,4315.451348128227,1.4269135802469135,1.5730864197530865,1.4578847685299436,1.4578847685299436,0.5917863509714043,0.146172839506173
325,0.42784835582378644,1.9999999931859624,1.572151637362176,4217.527037430031,3190.9203286682196,1.5997556685897782,1.5997556685897782,1.7041129062692182,1.7041129062692182,0.42784835582378644,0.0
326,0.04327308964195087,1.0701121867298233,1.0268390970878725,321.5551434123817,184.5163997433145,1.032540395299275,1.032540395299275,1.0426685284142327,1.0426685284142327,0.04327308964195087,0.0
327,0.3932641310279368,1.0090872815453746,1.4023514125733114,1198.4257761543358,1389.6205231378503,1.3801617614935109,1.3801617614935109,1.4620163115111278,1.4620163115111278,0.3932641310279368,0.0
328,0.7999999999999998,1.0000000040194545,1.8000000040194544,9331.435750992088,17036.132974851633,1.0518024691358026,1.533777777777778,1.2621650933784556,1.2621650933784556,0.7999999999999998,0.48197530864197535
329,0.09407795341628944,1.7150823735036775,1.809160326919967,675.5708658824841,159.48866265462073,1.740888888888889,1.6045925925925923,1.735105273370976,1.735105273370976,0.09407795341628944,0.13629629629629658
330,0.3717781043107644,1.550685810793804,1.9224639151045684,959.1564719590166,497.37210188680046,1.4425562527778444,1.4425562527778444,1.584916547986184,1.584916547986184,0.3717781043107644,0.0
331,0.5299232960286089,1.3744592520071404,1.9043825480357492,2228.2074394787865,2751.3218631013297,1.4767407407407407,1.682172839506173,1.7246496555499387,1.7246496555499387,0.5299232960286089,0.20543209876543234
332,0.0940842038855001,1.1521168506006179,1.246201054486118,432.8274087403841,421.59860921363156,1.259111111111111,1.3954074074074072,1.3217541053365125,1.3217541053365125,0.0940842038855001,0.13629629629629614
333,0.0,1.0000000039698316,1.0000000039698316,4401.062114846448,2239.9226107077507,1.2226666666666666,1.0863703703703704,1.0827555020135495,1.0827555020135495,0.0,0.13629629629629614
334,0.6863272579205746,1.999999991594711,1.3136727336741365,4662.673190129565,5371.524462074085,1.8805925925925926,1.4776296296296294,1.7215802646246334,1.7215802646246334,0.6863272579205746,0.4029629629629632
335,0.3666256933412728,1.5072730486632746,1.1406473553220018,1153.8725902779424,1008.594722448018,1.3746666666666665,1.268,1.2771053326196213,1.2771053326196213,0.3666256933412728,0.10666666666666647
336,0.0,1.999999992060336,1.999999992060336,1508.5653701630588,740.7203444292143,1.9021103921149,1.9021103921149,1.964359057485811,1.964359057485811,0.0,0.0
337,0.6277859178418845,1.9999999900260157,1.3722140721841312,5021.110036659376,6037.886076271012,1.8805925925925926,1.4776296296296294,1.9247032049862165,1.9247032049862165,0.6277859178418845,0.4029629629629632
338,0.7999999999999998,1.0000000040194545,1.8000000040194544,4864.488652948542,8630.347245574652,1.1194074074074074,1.5223703703703706,1.2310296410976131,1.2310296410976131,0.7999999999999998,0.4029629629629632
339,0.3199297201016176,1.3998949643197196,1.079965244218102,424.2594144534025,416.5964474444118,1.309925925925926,1.535111111111111,1.5483044040298113,1.5483044040298113,0.3199297201016176,0.22518518518518515
340,0.030310827374511184,1.9696891649264832,1.9999999923009943,1115.3813568487324,1341.9250358308457,1.9125170045836941,1.9125170045836941,1.8342298694473358,1.8342298694473358,0.030310827374511184,0.0
341,0.5590792960694868,1.4409206960537986,1.9999999921232854,6003.227220685016,4821.698773359454,1.5373333333333332,1.9402962962962964,1.9002357609634575,1.9002357609634575,0.5590792960694868,0.4029629629629632
342,0.43234507468955696,1.6724816624927783,1.2401365878032213,1575.8311440078314,1950.321593244098,1.435796076003966,1.435796076003966,1.372099243011062,1.372099243011062,0.43234507468955696,0.0
343,0.7207804729569163,1.9999999925179317,1.2792195195610154,7009.474408155331,7678.647089585729,1.820888888888889,1.4179259259259258,1.8265718985117618,1.8265718985117618,0.7207804729569163,0.4029629629629632
344,0.4504187787528706,1.512531677010129,1.0621128982572583,1698.0178320302994,2022.626611729738,1.3124444444444445,1.2946666666666666,1.4138643728849225,1.4138643728849225,0.4504187787528706,0.017777777777777892
345,0.4384116182386548,1.7050993355674249,1.26668771732877,944.3806819308513,945.2212211631538,1.732,1.625333333333333,1.5921066135057094,1.5921066135057094,0.4384116182386548,0.10666666666666691
346,0.7103693268236002,1.9630602485811115,1.2526909217575113,3045.5330366471803,2115.298210744386,1.7611851851851852,1.358222222222222,1.9133044937067756,1.9133044937067756,0.7103693268236002,0.4029629629629632
347,0.2179106385882843,1.782089352097426,1.9999999906857102,617.226955750756,417.84509022731726,1.7284061633456402,1.7284061633456402,1.7822805958563281,1.7822805958563281,0.2179106385882843,0.0
348,0.16938155571856361,1.9999999901077534,1.8306184343891898,1400.3422698066058,1175.9056404975693,1.9498728915307917,1.9498728915307917,1.932287175940793,1.932287175940793,0.16938155571856361,0.0
349,0.09322991972828731,1.0932299233280118,1.0000000035997245,1872.7628682427871,821.0169413662519,1.427111111111111,1.0636543209876543,1.1171456530354638,1.1171456530354638,0.09322991972828731,0.36345679012345666
350,0.03555791462950042,1.0355579184581731,1.0000000038286727,1335.3517634976502,590.2298068476056,1.1247334806729739,1.1247334806729739,1.0576972268216156,1.0576972268216156,0.03555791462950042,0.0
351,0.061811755951253655,1.2375039883746783,1.1756922324234247,406.08074703055814,345.79957475296675,1.2665135722637944,1.2665135722637944,1.2842555461196044,1.2842555461196044,0.061811755951253655,0.0
352,0.46687558468300416,1.466875589444936,1.0000000047619317,19401.376422997473,9052.503061716412,1.427111111111111,1.0636543209876543,1.0191755862956309,1.0191755862956309,0.46687558468300416,0.36345679012345666
353,0.11286573951913059,1.1128657430409041,1.0000000035217735,3205.541003900445,2931.262869609171,1.0068115498879235,1.0068115498879235,1.0505996136793516,1.0505996136793516,0.11286573951913059,0.0
354,0.5959331873443365,1.967567408650239,1.3716342213059025,2355.474159078917,2355.1726650705605,1.7853333333333334,1.500888888888889,1.8883270384443545,1.8883270384443545,0.5959331873443365,0.2844444444444445
355,0.45313334229576263,1.1508424873961491,1.6039758296919118,322.9663956912936,572.9388589663336,1.1194074074074074,1.5223703703703706,1.8261972664529695,1.8261972664529695,0.45313334229576263,0.4029629629629632
356,0.7924253837888213,1.0000000041716834,1.7924253879605048,3743.0680527629092,4615.670526674345,1.7112592592592593,1.673728395061728,1.4335554270021444,1.4335554270021444,0.7924253837888213,0.037530864197531155
357,0.379611987345692,1.4852886917225478,1.8649006790682399,827.8930161926673,1422.5224268988777,1.541925925925926,1.638716049382716,1.79693099289083,1.79693099289083,0.379611987345692,0.09679012345679006
358,0.28501832387830506,1.269547031913283,1.5545653557915882,1142.3991565744222,1543.1885309370493,1.2764582546734475,1.2764582546734475,1.2316329161419939,1.2316329161419939,0.28501832387830506,0.0
359,0.030532332987880828,1.5400511904303853,1.5095188574425045,263.8060949485051,477.47559492312575,1.4541387169216562,1.4541387169216562,1.407424700909555,1.407424700909555,0.030532332987880828,0.0
360,0.3401875710115778,1.340187574940594,1.0000000039290162,8650.228531823925,3451.110965460608,1.267111111111111,1.081432098765432,1.0137601867314767,1.0137601867314767,0.3401875710115778,0.18567901234567907
361,0.2524399973604048,1.1923787073820644,1.4448187047424692,219.53678703831437,336.7489228439218,1.259111111111111,1.3954074074074072,1.5850182296668207,1.5850182296668207,0.2524399973604048,0.13629629629629614
362,0.2788105255404867,1.8908020716977278,1.6119915461572412,825.9503970207816,1415.106816916357,1.8272592592592594,1.6909629629629628,1.5842194825202365,1.5842194825202365,0.2788105255404867,0.13629629629629658
363,0.4324481118450727,1.000000003379628,1.4324481152247006,7956.951910676825,6972.4933799363325,1.0784691358024692,1.293777777777778,1.0860371887091234,1.0860371887091234,0.4324481118450727,0.21530864197530875
364,0.7820156459410454,1.8861804014878367,1.1041647555467913,7888.828158187402,12117.561084579855,1.6619753086419753,1.3380246913580247,1.384685705273118,1.384685705273118,0.7820156459410454,0.3239506172839506
365,0.4312516220205751,1.9595886604298283,1.5283370384092532,1983.5733909382343,2308.3144937402944,1.8213333333333335,1.7146666666666666,1.804101561102587,1.804101561102587,0.4312516220205751,0.10666666666666691
366,0.4141290624142009,1.0000000034887133,1.4141290659029142,8882.074848396023,12275.10645335189,1.0893333333333333,1.1959999999999997,1.491427215490443,1.491427215490443,0.4141290624142009,0.10666666666666647
367,0.04654413064484375,1.046544134429903,1.0000000037850592,1776.6131749530039,3427.041598460357,1.1337777777777776,1.0962469135802468,1.3933406478308457,1.3933406478308457,0.04654413064484375,0.03753086419753071
368,0.7999999999999998,1.924107170118885,1.1241071701188852,5420.717849296812,3449.1024967869703,1.7853333333333334,1.500888888888889,1.9106545616198352,1.9106545616198352,0.7999999999999998,0.2844444444444445
369,0.7999999999999998,1.1999999919610906,1.9999999919610905,2555.72734742206,2345.2814500165955,1.6737283950617283,1.711259259259259,1.686561637521465,1.686561637521465,0.7999999999999998,0.03753086419753071
370,0.043005548624266865,1.2236171309222053,1.1806115822979384,231.37089477817315,131.28150880509114,1.224526664886886,1.224526664886886,1.195344535307723,1.195344535307723,0.043005548624266865,0.0
371,0.0,1.0000000039698316,1.0000000039698316,5216.830028431327,1815.49944055241,1.1266314259095296,1.1266314259095296,1.0222043614962912,1.0222043614962912,0.0,0.0
372,0.6485909136420682,1.0000000047082427,1.648590918350311,4707.222409632859,8125.291112387731,1.1194074074074074,1.5223703703703706,1.0282548706885661,1.0282548706885661,0.6485909136420682,0.4029629629629632
373,0.5919929406042446,1.9251223360326473,1.3331293954284027,1593.4520122501756,2306.726443389157,1.7137777777777778,1.4293333333333333,1.5015593480673992,1.5015593480673992,0.5919929406042446,0.2844444444444445
374,0.5308718782756263,1.2107262814758994,1.7415981597515258,1669.9978425023662,2380.687768006794,1.397283950617284,1.602716049382716,1.611263727973157,1.611263727973157,0.5308718782756263,0.2054320987654319
375,0.0,1.999999992060336,1.999999992060336,2498.1568200951733,1100.091231802032,1.812489475687201,1.812489475687201,1.9202363187150562,1.9202363187150562,0.0,0.0
376,0.6367429249604672,1.0364290047499534,1.6731719297104206,4677.803710100476,6647.314578077763,1.154962962962963,1.3801481481481481,1.379737737262247,1.379737737262247,0.6367429249604672,0.22518518518518515
377,0.5109191283178665,1.0936888637253774,1.604607992043244,761.3662992394239,1808.8410987643822,1.2985185185185184,1.7014814814814816,1.250128574369227,1.250128574369227,0.5109191283178665,0.4029629629629632
378,0.08317552986695453,1.2674250929197934,1.350600622786748,845.464562014765,1194.8963097005683,1.4165925925925926,1.3889382716049383,1.47687733891926,1.47687733891926,0.08317552986695453,0.0276543209876543
379,0.319106400569916,1.6356362715811987,1.9547426721511147,820.6551954617333,780.37768184639,1.5423703703703704,1.7675555555555555,1.63849818716035,1.63849818716035,0.319106400569916,0.22518518518518515
380,0.14406726138733905,1.4316463057731026,1.2875790443857635,730.3870673110258,1115.9774998650964,1.4275555555555557,1.1431111111111112,1.606879097272557,1.606879097272557,0.14406726138733905,0.2844444444444445
381,0.4109584333454479,1.0000000035075938,1.4109584368530417,2661.7947793569583,4242.107397270868,1.270962962962963,1.3677530864197531,1.7821948532056342,1.7821948532056342,0.4109584333454479,0.09679012345679006
382,0.4196514345447011,1.0000000034558292,1.4196514380005303,7312.487556069684,5730.1957243542165,1.0977075312272295,1.0977075312272295,1.0407077991070564,1.0407077991070564,0.4196514345447011,0.0
383,0.0490800572299257,1.2402839450434917,1.2893640022734174,113.59753979143878,181.0252752126935,1.2922914796357514,1.2922914796357514,1.3544808036427187,1.3544808036427187,0.0490800572299257,0.0
384,0.3317264462010021,1.6682735458401972,1.9999999920411993,2721.1956144793603,1012.3462189199029,1.7541728395061729,1.8114567901234568,1.9577542938416523,1.9577542938416523,0.3317264462010021,0.057283950617283974
385,0.7999999999999998,1.8000000040194544,1.0000000040194545,13451.263450723614,25767.78155991603,1.533777777777778,1.0518024691358026,1.460872652524062,1.460872652524062,0.7999999999999998,0.48197530864197535
386,0.29813121041573476,1.650069573676155,1.3519383632604203,703.474312064821,993.2043296745147,1.5533333333333335,1.4466666666666665,1.564238020110253,1.564238020110253,0.29813121041573476,0.10666666666666691
387,0.24082013081397236,1.978997607261931,1.7381774764479587,2247.8459361672126,908.7976758372798,1.9244938271604939,1.6795555555555555,1.7225969535911148,1.7225969535911148,0.24082013081397236,0.24493827160493842
388,0.0,1.999999992060336,1.999999992060336,4411.851448544619,1506.0995994001885,1.8919644339311557,1.8919644339311557,1.9944993881259192,1.9944993881259192,0.0,0.0
389,0.15078997179475806,1.674385114144499,1.825175085939257,478.2167601581397,685.3605112833189,1.5893333333333333,1.6071111111111112,1.5957183040055039,1.5957183040055039,0.15078997179475806,0.017777777777777892
390,0.0,1.0000000039698316,1.0000000039698316,3929.749049405577,2024.0185836357025,1.0455962274112256,1.0455962274112256,1.0152894406932151,1.0152894406932151,0.0,0.0
391,0.0,1.999999992060336,1.999999992060336,2848.423446947977,1258.3229703807435,1.9107967634584284,1.9107967634584284,1.9736466251404472,1.9736466251404472,0.0,0.0
392,0.1428886691387392,1.1428886725413268,1.0000000034025875,1775.3811826221468,1281.2574044860205,1.116,1.0982222222222222,1.0990041067751608,1.0990041067751608,0.1428886691387392,0.017777777777777892
393,0.27599185600205045,1.9455964744047403,1.6696046184026898,481.7173281883289,596.265698640596,1.7545386403270098,1.7545386403270098,1.6820883315788182,1.6820883315788182,0.27599185600205045,0.0
394,0.11901123081999199,1.561674938584795,1.442663707764803,338.26535660413634,140.06419174652967,1.6445607676313725,1.6445607676313725,1.4935690537790947,1.4935690537790947,0.11901123081999199,0.0
395,0.08825252295899677,1.9606425064888087,1.872389983529812,532.34170609414,802.9656029022184,1.8430409936352419,1.8430409936352419,1.7373373616205199,1.7373373616205199,0.08825252295899677,0.0
396,0.3449957084364934,1.6719742613544106,1.3269785529179172,1129.5522780135163,1232.240047253292,1.535111111111111,1.309925925925926,1.6330482074657136,1.6330482074657136,0.3449957084364934,0.22518518518518515
397,0.4343656412284642,1.1335954428652344,1.5679610840936986,274.55624501840083,316.5490125821595,1.4174814814814813,1.721679012345679,1.8095361335780675,1.8095361335780675,0.4343656412284642,0.30419753086419776
398,0.0,1.0000000039698316,1.0000000039698316,3329.865243059997,1225.5806381849384,1.1024266304754118,1.1024266304754118,1.0210943008894837,1.0210943008894837,0.0,0.0
399,0.4859795160625797,1.5140204747548336,1.9999999908174133,1606.62903625663,3093.2921786675784,1.6040493827160494,1.8489876543209878,1.4413381358022583,1.4413381358022583,0.4859795160625797,0.24493827160493842
400,0.0,1.999999992060336,1.999999992060336,3552.8610772010484,2387.383846118541,1.8514935413130544,1.8514935413130544,1.884982756811702,1.884982756811702,0.0,0.0
401,0.17107280751255738,1.9999999901278958,1.8289271826153384,1954.5024673784274,1379.3700284096578,1.8655796212203803,1.8655796212203803,1.9106825453797396,1.9106825453797396,0.17107280751255738,0.0
402,0.7288812880107645,1.9999999927350043,1.2711187047242398,2510.9667610045253,2154.6522522113232,1.8963950617283951,1.4144197530864198,1.8743363292824076,1.8743363292824076,0.7288812880107645,0.48197530864197535
403,0.0,1.999999992060336,1.999999992060336,3254.8556148028865,3070.6081851308873,1.8927346441380073,1.8927346441380073,1.8786036181810437,1.8786036181810437,0.0,0.0
404,0.7349330102346894,1.734933013786105,1.0000000035514156,3169.196535827949,4346.895533886798,1.3737777777777778,1.06958024691358,1.3117778844755386,1.3117778844755386,0.7349330102346894,0.30419753086419776
405,0.012118845820316082,1.8924666216626145,1.8803477758422984,1160.4541515042251,146.98745765027925,1.6448851151676078,1.6448851151676078,1.9089991239835198,1.9089991239835198,0.012118845820316082,0.0
406,0.2177960431159618,1.5654599681742474,1.3476639250582856,563.4009570261868,1735.661663122254,1.270357207044933,1.270357207044933,1.8588230025314703,1.8588230025314703,0.2177960431159618,0.0
407,0.0,1.0000000039698316,1.0000000039698316,3498.2510946580283,1028.7564004621447,1.1776849557266516,1.1776849557266516,1.0295207399035005,1.0295207399035005,0.0,0.0
408,0.49787329805647307,1.438698562720969,1.936571860777442,2837.9102148426978,3245.654199014188,1.5597037037037038,1.6268641975308642,1.6719875595484033,1.6719875595484033,0.49787329805647307,0.06716049382716038
409,0.0,1.999999992060336,1.999999992060336,2820.3797809918237,2199.2104659676843,1.9228243459453978,1.9228243459453978,1.9260699694005157,1.9260699694005157,0.0,0.0
410,0.3108959189876659,1.8666160180229523,1.5557200990352864,873.7033958026446,2392.552721843228,1.6827495925953229,1.6827495925953229,1.4377730908961799,1.4377730908961799,0.3108959189876659,0.0
411,0.0,1.999999992060336,1.999999992060336,3141.9829601514466,2745.2414605864024,1.7525576779206182,1.7525576779206182,1.7547570207060965,1.7547570207060965,0.0,0.0
412,0.22614454280827,1.2048698997195808,1.4310144425278508,992.605954683713,3307.1390808834262,1.2064050248092553,1.2064050248092553,1.6409871479188654,1.6409871479188654,0.22614454280827,0.0
413,0.3468533363381203,1.3468533402274436,1.0000000038893233,8291.233405415613,4138.298934419738,1.356,1.0715555555555556,1.0875584990790763,1.0875584990790763,0.3468533363381203,0.2844444444444445
414,0.054705822159623274,1.945294170335059,1.9999999924946823,3405.7732304999663,3648.467498194961,1.76633580298273,1.76633580298273,1.742555151436577,1.742555151436577,0.054705822159623274,0.0
415,0.5455540340535747,1.6822729056478998,1.136718871594325,4449.367389256855,7490.094957935355,1.4275555555555557,1.1431111111111112,1.4696791345196882,1.4696791345196882,0.5455540340535747,0.2844444444444445
416,0.28940380331012694,1.9573569100287393,1.6679531067186124,624.9677367311175,1022.7392276644276,1.8371358024691358,1.6514567901234567,1.5700746663809448,1.5700746663809448,0.28940380331012694,0.18567901234567907
417,0.7999999999999998,1.8000000040194544,1.0000000040194545,8984.740052062898,15674.13729211715,1.533777777777778,1.0518024691358026,1.582154714450764,1.582154714450764,0.7999999999999998,0.48197530864197535
418,0.006746275527685697,1.0000000039430499,1.0067462794707356,1561.5835287434556,1849.0754628841994,1.0982222222222222,1.116,1.2161957756397628,1.2161957756397628,0.006746275527685697,0.017777777777777892
419,0.38558510483885433,1.6144148878437745,1.9999999926826288,3620.41510220059,2672.9281201685444,1.884,1.9017777777777778,1.899593238103857,1.899593238103857,0.38558510483885433,0.017777777777777892
420,0.6334118172161154,1.2636255950939619,1.8970374123100773,609.9478816841327,825.413497935184,1.3577777777777778,1.6422222222222222,1.5740752986700348,1.5740752986700348,0.6334118172161154,0.2844444444444445
421,0.0,1.999999992060336,1.999999992060336,3525.0538315843114,2962.2740077023777,1.8154025515813363,1.8154025515813363,1.8261924667624667,1.8261924667624667,0.0,0.0
422,0.7943025981947143,1.0000000041339565,1.7943026023286708,5942.022663316494,3878.0933713309105,1.0715555555555556,1.356,1.0040911911301569,1.0040911911301569,0.7943025981947143,0.2844444444444445
423,0.09614116215036139,1.9999999928236647,1.9038588306733033,1982.5318206670138,1499.9361166700949,1.9037530864197532,1.866222222222222,1.8697901570877205,1.8697901570877205,0.09614116215036139,0.037530864197531155
424,0.7643413617337322,1.7643413664698278,1.0000000047360955,13588.80228485523,13632.447002145796,1.293777777777778,1.0784691358024692,1.1084066886301152,1.1084066886301152,0.7643413617337322,0.21530864197530875
425,0.0,1.0000000039698316,1.0000000039698316,2568.86308158424,2183.1047467517315,1.0154177466736205,1.0154177466736205,1.0274051204045362,1.0274051204045362,0.0,0.0
426,0.639876633072864,1.2522908941365698,1.8921675272094338,1535.3880195309553,1963.7588888792916,1.4767407407407407,1.682172839506173,1.3534414594797628,1.3534414594797628,0.639876633072864,0.20543209876543234
427,0.6168353487027898,1.9999999931550536,1.3831646444522638,6589.192563634627,8692.780064214381,1.721679012345679,1.4174814814814813,1.6800398636685783,1.6800398636685783,0.6168353487027898,0.30419753086419776
428,0.2557451059024962,1.6149860537586194,1.8707311596611156,923.2301538476846,408.71069176534536,1.5820059527687582,1.5820059527687582,1.8041613854473644,1.8041613854473644,0.2557451059024962,0.0
429,0.8000000000000003,1.1376719836911016,1.9376719836911018,4719.959729767346,5168.111872915993,1.597679012345679,1.743851851851852,1.6841002092654438,1.6841002092654438,0.8000000000000003,0.146172839506173
430,0.24521082906422098,1.2452108335587997,1.0000000044945787,1013.608512821949,759.5139578933278,1.3556492443158819,1.3556492443158819,1.2702293721854958,1.2702293721854958,0.24521082906422098,0.0
431,0.24800183775480544,1.5880974019461667,1.3400955641913612,1172.4389512560913,721.6800371554754,1.302792178685692,1.302792178685692,1.4735732027075223,1.4735732027075223,0.24800183775480544,0.0
432,0.5072377814322424,1.0000000044014117,1.507237785833654,3303.847679296032,2942.688075965099,1.081432098765432,1.267111111111111,1.0412266516791315,1.0412266516791315,0.5072377814322424,0.18567901234567907
433,0.5649472723653819,1.1103316599435042,1.6752789323088861,3284.346055819626,2511.546309566961,1.3889382716049383,1.4165925925925926,1.5530394944909032,1.5530394944909032,0.5649472723653819,0.0276543209876543
434,0.0,1.999999992060336,1.999999992060336,3421.2044555697257,1053.6135172662366,1.5907316325065013,1.5907316325065013,1.8210361614420183,1.8210361614420183,0.0,0.0
435,0.19526261607858375,1.1470494290229734,1.342312045101557,1913.5233951778798,372.31630477003864,1.1273086419753087,1.4907654320987653,1.1803149716687331,1.1803149716687331,0.19526261607858375,0.36345679012345666
436,0.02101068330358391,1.999999992227154,1.9789893089235702,939.4024564109878,451.55001437707955,1.8332085015246746,1.8332085015246746,1.9107773839138587,1.9107773839138587,0.02101068330358391,0.0
437,0.7478153083450807,1.18695378720549,1.9347690955505707,533.6089268782604,328.16771599332975,1.732688788573439,1.732688788573439,1.7787101718587073,1.7787101718587073,0.7478153083450807,0.0
438,0.4698965498329186,1.4156945182289558,1.8855910680618744,994.9947921619464,1615.3962846965364,1.464888888888889,1.690074074074074,1.5134900463698795,1.5134900463698795,0.4698965498329186,0.22518518518518515
439,0.009925023710246172,1.0795789937815832,1.069653970071337,798.6490885284171,608.6970516519351,1.2302469625726171,1.2302469625726171,1.2081002941603218,1.2081002941603218,0.009925023710246172,0.0
440,0.12039889268487425,1.8106318080199344,1.9310307007048086,439.59935312429127,262.23099741881947,1.9563096279643966,1.9563096279643966,1.9149377445544378,1.9149377445544378,0.12039889268487425,0.0
441,0.35735654348861967,1.6857043943981131,1.3283478509094935,872.6624076793082,2033.5945518907872,1.475851851851852,1.3494320987654322,1.2958896851441115,1.2958896851441115,0.35735654348861967,0.12641975308641973
442,0.7799720663933898,1.2200279247626873,1.999999991156077,2783.5104528131787,847.5085518543874,1.4144197530864198,1.8963950617283951,1.9815567275926287,1.9815567275926287,0.7799720663933898,0.48197530864197535
443,0.0,1.0000000039698316,1.0000000039698316,8381.930188627059,3186.255007032548,1.0518024691358026,1.533777777777778,1.0298670446835618,1.0298670446835618,0.0,0.48197530864197535
444,0.5167678253130568,1.9093658904874369,1.3925980651743801,3204.0880382668797,4192.378322388478,1.7853333333333334,1.500888888888889,1.6507598862485366,1.6507598862485366,0.5167678253130568,0.2844444444444445
445,0.7745756612234631,1.0000000045304143,1.7745756657538774,7496.312390787155,12603.260650967337,1.0518024691358026,1.533777777777778,1.661977318595276,1.661977318595276,0.7745756612234631,0.48197530864197535
446,0.28610367187422936,1.9999999914978552,1.7138963196236259,1858.2403820569623,1786.1115659489428,1.8272592592592594,1.6909629629629628,1.7885854396188645,1.7885854396188645,0.28610367187422936,0.13629629629629658
447,0.0,1.0000000039698316,1.0000000039698316,6475.94425242231,2187.5488333136727,1.4626666666666668,1.0597037037037036,1.0514967821067116,1.0514967821067116,0.0,0.4029629629629632
448,0.3539983902082211,1.355448612521287,1.001450222313066,1786.0378372698863,1343.5682023291897,1.1959999999999997,1.0893333333333333,1.1653100006961534,1.1653100006961534,0.3539983902082211,0.10666666666666647
449,0.06479623371842891,1.8880567225319744,1.8232604888135455,385.91359780564215,168.78215209284483,1.7520330216303768,1.7520330216303768,1.8087346918572225,1.8087346918572225,0.06479623371842891,0.0
450,0.5333312368152843,1.9999999916633158,1.4666687548480315,5312.991581817176,3118.684748695503,1.9225185185185185,1.6973333333333334,1.9311487193144623,1.9311487193144623,0.5333312368152843,0.22518518518518515
451,0.3702388555188443,1.0000000037500685,1.3702388592689128,14165.67183813803,5371.236094730548,1.0636543209876543,1.427111111111111,1.0368991930355151,1.0368991930355151,0.3702388555188443,0.36345679012345666
452,0.41637848912144504,1.4163784925967635,1.0000000034753185,2842.8553728035095,4566.242258435224,1.2983426028815062,1.2983426028815062,1.5587137558293647,1.5587137558293647,0.41637848912144504,0.0
453,0.5620980823245869,1.000000003911393,1.56209808623598,6290.416434949886,6168.773116148133,1.090320987654321,1.187111111111111,1.0798532915698122,1.0798532915698122,0.5620980823245869,0.09679012345679006
454,0.7675469303670379,1.2324530602896164,1.9999999906566543,3205.1832112321927,4352.42467213241,1.5373333333333332,1.9402962962962964,1.7183824904196145,1.7183824904196145,0.7675469303670379,0.4029629629629632
455,0.7999999999999998,1.8000000040194544,1.0000000040194545,8392.480673672744,16745.763448530655,1.533777777777778,1.0518024691358026,1.4660596155436898,1.4660596155436898,0.7999999999999998,0.48197530864197535
456,0.44657128960952175,1.9751202377736603,1.5285489481641386,1696.5781164891291,2365.010333326769,1.740888888888889,1.6045925925925923,1.5973788077069533,1.5973788077069533,0.44657128960952175,0.13629629629629658
457,0.08622675224124787,1.9999999927449477,1.9137732405036998,1486.3089190761375,438.5842743622981,1.669769149153923,1.669769149153923,1.854891349305094,1.854891349305094,0.08622675224124787,0.0
458,0.7343899440108337,1.0000000035586918,1.7343899475695255,2530.771156674734,2636.3635078291554,1.3626172839506172,1.8445925925925926,1.9677674589288485,1.9677674589288485,0.7343899440108337,0.48197530864197535
459,0.0,1.0000000039698316,1.0000000039698316,3222.1428336157346,1352.7477378492877,1.3737777777777778,1.06958024691358,1.054323108138693,1.054323108138693,0.0,0.30419753086419776
460,0.7999999999999998,1.8000000040194544,1.0000000040194545,8121.931751292019,8762.230317759919,1.7927901234567902,1.3108148148148149,1.8801663458734852,1.8801663458734852,0.7999999999999998,0.48197530864197535
461,0.5363007246215581,1.624660678807082,1.088359954185524,2511.8269867034946,3353.1041241053244,1.372246913580247,1.1569382716049383,1.275003495064563,1.275003495064563,0.5363007246215581,0.21530864197530875
462,0.24883360606469163,1.3110420019038806,1.062208395839189,470.19100245366855,207.03751714110342,1.3577777777777778,1.6422222222222222,1.2187168099393095,1.2187168099393095,0.24883360606469163,0.2844444444444445
463,0.2384526427746234,1.9999999909303554,1.761547348155732,2810.4127344882686,2423.84856476427,1.819358024691358,1.722567901234568,1.7859688564516756,1.7859688564516756,0.2384526427746234,0.09679012345679006
464,0.49688963714188583,1.9999999910123143,1.5031103538704285,2805.496754668547,2633.0364243637564,1.9017777777777778,1.884,1.8338514802393422,1.8338514802393422,0.49688963714188583,0.017777777777777892
465,0.0,1.999999992060336,1.999999992060336,2530.1136469625258,894.6632018126828,1.869051933682993,1.869051933682993,1.9791769950114546,1.9791769950114546,0.0,0.0
466,0.32441723814567514,1.9211178385227357,1.5967006003770605,1035.6989666850025,647.8760584716052,1.918567901234568,1.732888888888889,1.9862337091897906,1.9862337091897906,0.32441723814567514,0.18567901234567907
467,0.7349042261347516,1.000000003551801,1.7349042296865527,12022.290697645507,18185.08719467231,1.06958024691358,1.3737777777777778,1.4565878332164048,1.4565878332164048,0.7349042261347516,0.30419753086419776
468,0.296788394119599,1.8840306464263146,1.5872422523067156,998.8586998895115,789.5449925817255,1.635417481590542,1.635417481590542,1.7962943735672425,1.7962943735672425,0.296788394119599,0.0
469,0.12739918381167303,1.8726008092601698,1.9999999930718428,1384.130352500629,981.4364408472153,1.8311894696829243,1.8311894696829243,1.8463543183226445,1.8463543183226445,0.12739918381167303,0.0
470,0.0,1.999999992060336,1.999999992060336,1779.7924252820885,802.7346050237418,1.8648774070760017,1.8648774070760017,1.9506443001206164,1.9506443001206164,0.0,0.0
471,0.016442356256550106,1.999999992190883,1.983557635934333,1499.5550637915262,1933.4558891069785,1.9241031707315184,1.9241031707315184,1.8450125040806105,1.8450125040806105,0.016442356256550106,0.0
472,0.5731669203277994,1.605532532293727,1.0323656119659277,2131.26136148759,4493.111394613492,1.533777777777778,1.0518024691358026,1.300119041844344,1.300119041844344,0.5731669203277994,0.48197530864197535
473,0.09989157113206026,1.0000000035732788,1.099891574705339,1972.828823710577,599.1220249176309,1.5223703703703706,1.1194074074074074,1.18839307953042,1.18839307953042,0.09989157113206026,0.4029629629629632
474,0.0,1.0000000039698316,1.0000000039698316,2798.6930307211364,2311.7228569797176,1.0190628015151564,1.0190628015151564,1.0350264145852963,1.0350264145852963,0.0,0.0
475,0.2590052529361402,1.3701940058913638,1.629199258827504,369.83360618949655,486.48748249241345,1.5385593798411001,1.5385593798411001,1.3983190982807452,1.3983190982807452,0.2590052529361402,0.0
476,0.772500501331594,1.0000000045721193,1.7725005059037133,1753.1954249585797,1920.106885684399,1.1391604938271604,1.4433580246913582,1.7753383022850853,1.7753383022850853,0.772500501331594,0.30419753086419776
477,0.33040271984549996,1.5969974770584086,1.9274001969039085,500.0170710521293,468.7356922372667,1.5352304588716348,1.5352304588716348,1.5519539225739192,1.5519539225739192,0.33040271984549996,0.0
478,0.4632833360449693,1.000000004794018,1.4632833408389874,4377.404913214997,5167.601398001389,1.1589135802469137,1.3643456790123456,1.1367846357004607,1.1367846357004607,0.4632833360449693,0.2054320987654319
479,0.41043826483615753,1.8964839406057363,1.4860456757695788,1966.8485849022643,2002.1627957448973,1.7090476715801144,1.7090476715801144,1.6024291970150886,1.6024291970150886,0.41043826483615753,0.0
480,0.3473131790283519,1.9999999922268294,1.6526868131984775,847.2881204633201,987.4502232705362,1.7128458304396121,1.7128458304396121,1.6693299833606017,1.6693299833606017,0.3473131790283519,0.0
481,0.21528218882141648,1.7847178018329906,1.999999990654407,1264.7052055042147,1836.3088941296394,1.8116355922321206,1.8116355922321206,1.6919678981243496,1.6919678981243496,0.21528218882141648,0.0
482,0.02848542652620889,1.028485430382958,1.0000000038567491,1337.8917195407835,186.2321157095962,1.2072098765432098,1.6891851851851851,1.0633206896086551,1.0633206896086551,0.02848542652620889,0.48197530864197535
483,0.30455365727462524,1.3045536614158324,1.0000000041412072,1088.2786455196458,1036.3723486543686,1.3097635546407556,1.3097635546407556,1.2943419276747559,1.2943419276747559,0.30455365727462524,0.0
484,0.1314943088388869,1.2073565100332435,1.3388508188721304,590.4756613282905,926.6760162146851,1.3263220254036554,1.3263220254036554,1.3952631525016084,1.3952631525016084,0.1314943088388869,0.0
485,0.10974576270072411,1.0000000035341592,1.1097457662348833,2451.900626434555,2877.924470687533,1.073320041761321,1.073320041761321,1.132538199191934,1.132538199191934,0.10974576270072411,0.0
486,0.37869473398488207,1.6007437327292806,1.9794384667141627,1427.934416329612,1516.5458762912517,1.6562576113988006,1.6562576113988006,1.6155965160287702,1.6155965160287702,0.37869473398488207,0.0
487,0.5360829518622765,1.4639170398501964,1.999999991712473,1300.5399318274413,3248.743482279958,1.6973333333333334,1.9225185185185185,1.4298097463979476,1.4298097463979476,0.5360829518622765,0.22518518518518515
488,0.47877883268085863,1.630138049572952,1.1513592168920934,1759.2722737950412,3113.518261662706,1.4161481481481482,1.2502222222222223,1.5489166712297149,1.5489166712297149,0.47877883268085863,0.1659259259259258
489,0.0,1.0000000039698316,1.0000000039698316,5275.342063584196,1994.1319234157527,1.0596334698420726,1.0596334698420726,1.0020372159439328,1.0020372159439328,0.0,0.0
490,0.694869554036456,1.6948695581246491,1.0000000040881931,5476.532188087599,4430.618184403222,1.3737777777777778,1.06958024691358,1.1193391020375498,1.1193391020375498,0.694869554036456,0.30419753086419776
491,0.5892866668475003,1.2890280840648627,1.878314750912363,1948.0670614118383,1777.1159376570351,1.6198518518518519,1.845037037037037,1.358770459173924,1.358770459173924,0.5892866668475003,0.22518518518518515
492,0.1334275655886099,1.9999999931197063,1.8665724275310964,1500.6096567979926,1867.0425489490326,1.812888888888889,1.909679012345679,1.6805777111163251,1.6805777111163251,0.1334275655886099,0.09679012345679006
493,0.04289768571448871,1.9999999924009293,1.9571023066864406,3836.084472089112,1167.8015107741346,1.6563685048956924,1.6563685048956924,1.8716169896887946,1.8716169896887946,0.04289768571448871,0.0
494,0.1946853822688439,1.2215704588842722,1.416255841153116,597.3580695010663,1681.214434851632,1.2798518518518518,1.3470123456790126,1.1543285762855993,1.1543285762855993,0.1946853822688439,0.06716049382716083
495,0.0,1.999999992060336,1.999999992060336,1648.356509452323,1207.8526699895729,1.888606620552741,1.888606620552741,1.9049760194762406,1.9049760194762406,0.0,0.0
496,0.0,1.999999992060336,1.999999992060336,2743.5623944179474,2386.4197050419903,1.8990746065056774,1.8990746065056774,1.8820740814331016,1.8820740814331016,0.0,0.0
497,0.7999999999999998,1.0000000040194545,1.8000000040194544,7381.198874795614,12536.07456131225,1.081432098765432,1.267111111111111,1.5591831480108485,1.5591831480108485,0.7999999999999998,0.18567901234567907
498,0.2536384655805106,1.7463615255307001,1.9999999911112107,3192.191797189394,2654.787381723066,1.7898120724998137,1.7898120724998137,1.8222570852443722,1.8222570852443722,0.2536384655805106,0.0
499,0.02379659382228727,1.976203398426986,1.9999999922492733,1079.5956780031015,1489.1046868634653,1.8718185392852151,1.8718185392852151,1.7813591961111916,1.7813591961111916,0.02379659382228727,0.0
