1,0.4215557336808291,1.5297303332566774,1.1081745995758483,256.16841688355214,190.27841929974193,1.5182222222222221,1.6545185185185187,1.5858663261433685,1.5858663261433685,0.4215557336808291,0.13629629629629658
2,0.1409482964053188,1.1685436163734437,1.027595319968125,1047.411428192028,251.60410492878987,1.4071604938271605,1.5928395061728395,1.2786618701600452,1.2786618701600452,0.1409482964053188,0.18567901234567907
3,0.7999999999999998,1.0339693724214745,1.8339693724214743,5263.986069315225,5295.941966098173,1.5182222222222224,1.6545185185185185,1.674671605681394,1.674671605681394,0.7999999999999998,0.13629629629629614
4,0.0,1.999999992060336,1.999999992060336,2793.0049193024943,3102.2616533827754,1.8998252419476005,1.8998252419476005,1.8596630053557792,1.8596630053557792,0.0,0.0
5,0.34495331928298434,1.0000000039006374,1.3449533231836217,1597.5960710333998,3320.148627380083,1.081432098765432,1.267111111111111,1.5733551862656399,1.5733551862656399,0.34495331928298434,0.18567901234567907
6,0.552057058883344,1.6440359137746994,1.0919788548913554,2020.8463331661353,3317.366367030627,1.7611851851851852,1.358222222222222,1.613544937382656,1.613544937382656,0.552057058883344,0.4029629629629632
7,0.2257987002088071,1.774201290570846,1.999999990779653,2136.7814724529417,1827.6949158841473,1.884,1.9017777777777778,1.8615692198876121,1.8615692198876121,0.2257987002088071,0.017777777777777892
8,0.2600148177203683,1.3111302918316652,1.051115474111297,1335.7971883408497,1038.8055819406388,1.285755190595804,1.285755190595804,1.1198574566815802,1.1198574566815802,0.2600148177203683,0.0
9,0.4069114879348481,1.7016649423570458,1.2947534544221977,2390.288921941967,3242.5639087636555,1.6426666666666665,1.536,1.6155226176736501,1.6155226176736501,0.4069114879348481,0.10666666666666647
10,0.0,1.999999992060336,1.999999992060336,2393.2068544967933,1592.0347339585007,1.729037037037037,1.6322469135802469,1.7735006319788031,1.7735006319788031,0.0,0.09679012345679006
11,0.0,1.999999992060336,1.999999992060336,3923.354035292362,1193.1183642903145,1.7634352100428807,1.7634352100428807,1.9436930853769165,1.9436930853769165,0.0,0.0
12,0.5239829856463283,1.916951808074541,1.3929688224282126,1006.7880944123167,1735.847647914499,1.535111111111111,1.309925925925926,1.890337228465484,1.890337228465484,0.5239829856463283,0.22518518518518515
13,0.47197112745759373,1.1179927749247511,1.5899639023823449,269.07426970191256,46.81992038694061,1.921530864197531,1.7062222222222223,1.615298350482341,1.615298350482341,0.47197112745759373,0.21530864197530875
14,0.44583644199136696,1.9999999901002876,1.5541635481089207,2978.4906087724667,2047.5930199488007,1.9146172839506175,1.7684444444444445,1.9402636219006784,1.9402636219006784,0.44583644199136696,0.146172839506173
15,0.7999999999999998,1.0000000040194545,1.8000000040194544,9253.729626919361,13045.823859436237,1.0636543209876543,1.427111111111111,1.6929665106629557,1.6929665106629557,0.7999999999999998,0.36345679012345666
16,0.2351600218206955,1.9146098639212668,1.6794498421005712,1104.4431412216504,421.68362402695783,1.5532017805839837,1.5532017805839837,1.723126470680621,1.723126470680621,0.2351600218206955,0.0
17,0.7321080136240137,1.7321080172132792,1.0000000035892656,34119.18035214447,17434.49870402061,1.356,1.0715555555555556,1.0059336025664367,1.0059336025664367,0.7321080136240137,0.2844444444444445
18,0.0,1.999999992060336,1.999999992060336,1225.4760570259757,951.1456284442586,1.8039999999999998,1.9106666666666667,1.8213165015629404,1.8213165015629404,0.0,0.10666666666666691
19,0.7359955443549868,1.9199944288156114,1.1839988844606246,45.552360471667214,44.631103638993025,1.8833162157517236,1.8833162157517236,1.8360210186310237,1.8360210186310237,0.7359955443549868,0.0
20,0.6602627875484179,1.9337325727158572,1.2734697851674392,2346.8066291550135,3773.4009786402853,1.7137777777777778,1.4293333333333333,1.5023262367755565,1.5023262367755565,0.6602627875484179,0.2844444444444445
21,0.33210328083480123,1.7787631550976908,1.4466598742628896,407.9735003244527,281.736666701074,1.5757541145669505,1.5757541145669505,1.6302493864166392,1.6302493864166392,0.33210328083480123,0.0
22,0.7736515247290807,1.965594806247403,1.1919432815183222,574.6588712558649,673.1519997217523,1.884,1.9017777777777778,1.786564492105471,1.786564492105471,0.7736515247290807,0.017777777777777892
23,0.17635628435416573,1.8236437058366533,1.999999990190819,1090.5221349642707,1401.750069956215,1.7571857507953714,1.7571857507953714,1.7125576422660962,1.7125576422660962,0.17635628435416573,0.0
24,0.0,1.999999992060336,1.999999992060336,2558.7088826024806,2592.192444433064,1.8288123090666661,1.8288123090666661,1.8118608523828426,1.8118608523828426,0.0,0.0
25,0.42877658126706386,1.5712234119299535,1.9999999931970174,2217.8177200774453,2161.4622083901572,1.7062222222222223,1.921530864197531,1.9486444055264054,1.9486444055264054,0.42877658126706386,0.21530864197530875
26,0.0,1.0000000039698316,1.0000000039698316,4928.747263760536,4094.754250963035,1.0068096757666543,1.0068096757666543,1.0091742066720024,1.0091742066720024,0.0,0.0
27,0.0,1.0000000039698316,1.0000000039698316,4405.100059391725,1920.9729398777863,1.0518024691358026,1.533777777777778,1.0185129154545134,1.0185129154545134,0.0,0.48197530864197535
28,0.03474055186162772,1.9226839211718834,1.957424473033511,2632.941514949883,231.37089553312623,1.565664031563423,1.565664031563423,1.883317666945179,1.883317666945179,0.03474055186162772,0.0
29,0.30039026620652765,1.8781313133995343,1.5777410471930067,1263.9445604242815,1131.2237611434807,1.6098446471937975,1.6098446471937975,1.7989962620451152,1.7989962620451152,0.30039026620652765,0.0
30,0.48493662151933936,1.0000000046006083,1.4849366261199477,6189.1873116713905,4658.4818945441675,1.0893333333333333,1.1959999999999997,1.0656967450075345,1.0656967450075345,0.48493662151933936,0.10666666666666647
31,0.6035356009228416,1.3475437379851436,1.9510793389079852,1807.1154342282387,1760.146022619424,1.4861728395061728,1.5138271604938272,1.462291453831722,1.462291453831722,0.6035356009228416,0.0276543209876543
32,0.5603023575615804,1.0000000039274326,1.560302361489013,418.22085378529016,381.01258058716854,1.740888888888889,1.6045925925925923,1.8017971923981988,1.8017971923981988,0.5603023575615804,0.13629629629629658
33,0.0,1.999999992060336,1.999999992060336,4311.431228955497,1351.063231427355,1.7857777777777777,1.8035555555555556,1.952428959840929,1.952428959840929,0.0,0.017777777777777892
34,0.5709403115348772,1.4290596808002962,1.9999999923351734,1814.367455317584,1654.317134543963,1.5373333333333332,1.9402962962962964,1.8367291951603018,1.8367291951603018,0.5709403115348772,0.4029629629629632
35,0.1743055806856204,1.669820957147991,1.8441265378336114,494.45812690918143,1218.425916261002,1.7325800879354945,1.7325800879354945,1.9221279719896398,1.9221279719896398,0.1743055806856204,0.0
36,0.1541350592483095,1.0000000033579413,1.1541350626062508,5074.458405660706,7194.66779747276,1.0962469135802468,1.1337777777777776,1.2040318657243179,1.2040318657243179,0.1541350592483095,0.03753086419753071
37,0.7999999999999998,1.9999999919610905,1.1999999919610906,314.913315314593,392.34562193949034,1.9241221539345175,1.9241221539345175,1.8523296076284983,1.8523296076284983,0.7999999999999998,0.0
38,0.4097479953417791,1.589001787291558,1.9987497826333371,1599.6113820541557,2255.719054951563,1.5724444444444443,1.8568888888888888,1.6926931408179589,1.6926931408179589,0.4097479953417791,0.2844444444444445
39,0.12521832088627027,1.8747816721682573,1.9999999930545276,1713.9298817020947,2370.5647324687166,1.8522481108816953,1.8522481108816953,1.7845322597775795,1.7845322597775795,0.12521832088627027,0.0
40,0.164349238506019,1.6826573055581342,1.5183080670521152,615.9634735898012,749.5103493875063,1.7319999999999998,1.6253333333333333,1.4841592016153697,1.4841592016153697,0.164349238506019,0.10666666666666647
41,0.7999999999999998,1.9999999919610905,1.1999999919610906,4364.8813917311945,2845.819297624547,1.8963950617283951,1.4144197530864198,1.9774252686376141,1.9774252686376141,0.7999999999999998,0.48197530864197535
42,0.5512234980107311,1.769913491800536,1.2186899937898048,2875.574940826764,2979.084625060317,1.6189629629629632,1.5715555555555556,1.378456886785995,1.378456886785995,0.5512234980107311,0.047407407407407565
43,0.16684627297128252,1.9949311992461527,1.8280849262748702,1239.2182836298512,1847.6360868455868,1.726074074074074,1.6391604938271604,1.546131736266598,1.546131736266598,0.16684627297128252,0.08691358024691365
44,0.040242614000848054,1.0402426178109232,1.0000000038100751,1208.1592365617462,912.4955226222891,1.0877680139723012,1.0877680139723012,1.0626035678442827,1.0626035678442827,0.040242614000848054,0.0
45,0.28215662951048603,1.2821566337850618,1.0000000042745758,14408.323336472025,4900.441667900074,1.2226666666666666,1.0863703703703704,1.005773277690431,1.005773277690431,0.28215662951048603,0.13629629629629614
46,0.0,1.999999992060336,1.999999992060336,1916.9779289651135,366.3441195142843,1.7857777777777777,1.8035555555555556,1.9918219886769029,1.9918219886769029,0.0,0.017777777777777892
47,0.0,1.999999992060336,1.999999992060336,1875.8914562533084,1749.5030438456208,1.969480491291902,1.969480491291902,1.9405160132367971,1.9405160132367971,0.0,0.0
48,0.7999999999999998,1.0000000040194545,1.8000000040194544,9226.953003693257,11586.910019838973,1.5092345679012347,1.8726913580246913,1.8561938928394783,1.8561938928394783,0.7999999999999998,0.36345679012345666
49,0.4064511623357068,1.7091912963893938,1.302740134053687,1453.6344865573135,1328.9724385176844,1.6031604938271604,1.595259259259259,1.6582036469161128,1.6582036469161128,0.4064511623357068,0.007901234567901483
50,0.18866464683570827,1.898458795247741,1.7097941484120327,264.7105699444505,191.88062881228993,1.7053333333333334,1.6875555555555555,1.8353737340738843,1.8353737340738843,0.18866464683570827,0.017777777777777892
51,0.5727374959764071,1.3285571432985013,1.9012946392749084,2601.4053768819535,3021.3672007562154,1.5152386888029694,1.5152386888029694,1.714964938930587,1.714964938930587,0.5727374959764071,0.0
52,0.48510151055201023,1.0000000045991355,1.4851015151511457,4408.009456512621,4500.200692641078,1.0794567901234569,1.2848888888888887,1.0531157143735494,1.0531157143735494,0.48510151055201023,0.2054320987654319
53,0.43634914384340906,1.4983797109361976,1.9347288547796067,1639.4188229517492,2493.9109300676746,1.6973333333333334,1.9225185185185185,1.4263114348536259,1.4263114348536259,0.43634914384340906,0.22518518518518515
54,0.333550790054312,1.4169384802412457,1.0833876901869337,336.1480750479703,121.5044312396774,1.8516191430081872,1.8516191430081872,1.6474848441477281,1.6474848441477281,0.333550790054312,0.0
55,0.013303770448430008,1.9866962217175335,1.9999999921659635,2640.547982557482,1704.334517245206,1.8950129355080252,1.8950129355080252,1.922594544104908,1.922594544104908,0.013303770448430008,0.0
56,0.7999999999999998,1.0000000040194545,1.8000000040194544,5261.308057789456,7192.6732416591285,1.06958024691358,1.3737777777777778,1.1169961356918563,1.1169961356918563,0.7999999999999998,0.30419753086419776
57,0.7999999999999998,1.8315660377913572,1.0315660377913574,5078.504616863499,9573.268440269088,1.641777777777778,1.2388148148148148,1.4906745686870067,1.4906745686870067,0.7999999999999998,0.4029629629629632
58,0.6070220590036417,1.9288106277433683,1.3217885687397266,1973.3497499858079,4892.590802883748,1.8805925925925926,1.4776296296296294,1.8362437418735185,1.8362437418735185,0.6070220590036417,0.4029629629629632
59,0.08349142285359701,1.9165085698696331,1.9999999927232301,2645.991809873926,741.9422345216459,1.7977759525982513,1.7977759525982513,1.9666064721571583,1.9666064721571583,0.08349142285359701,0.0
60,0.2970931691609797,1.380798836009287,1.0837056668483074,2423.45430606335,2191.7420010498836,1.2221234567901234,1.194469135802469,1.1021585465059232,1.1021585465059232,0.2970931691609797,0.0276543209876543
61,0.7113836108218399,1.752736895389198,1.041353284567358,3697.3094094325397,5839.095253222904,1.4433580246913578,1.1391604938271604,1.4867467069494116,1.4867467069494116,0.7113836108218399,0.3041975308641973
62,0.07463905241591284,1.857026334313625,1.7823872818977122,1567.3203211188998,490.17468351375794,1.5844750875176468,1.5844750875176468,1.9407234832390854,1.9407234832390854,0.07463905241591284,0.0
63,0.19816931107693048,1.9999999904506012,1.8018306793736707,4463.211095843059,1082.7726278415405,1.6861234567901235,1.4708148148148148,1.9588369691571312,1.9588369691571312,0.19816931107693048,0.21530864197530875
64,0.2328841442160008,1.5182391765799101,1.2853550323639094,714.4252948244833,579.1487280630192,1.4077307510938568,1.4077307510938568,1.410400400419232,1.410400400419232,0.2328841442160008,0.0
65,0.6386163374778011,1.3613836528384307,1.9999999903162318,4080.5471354618744,3865.737149997692,1.4455802469135801,1.8090370370370372,1.8197639514607806,1.8197639514607806,0.6386163374778011,0.3634567901234571
66,0.7872697941536404,1.7872697984289372,1.0000000042752968,21637.474621285215,17667.88813829391,1.1959999999999997,1.0893333333333333,1.0286033849293914,1.0286033849293914,0.7872697941536404,0.10666666666666647
67,0.058846251959148166,1.1439922669099494,1.2028385188690975,768.0067851422473,387.5496842881743,1.090320987654321,1.187111111111111,1.192957998323165,1.192957998323165,0.058846251959148166,0.09679012345679006
68,0.4735750886844552,1.4735750933865461,1.000000004702091,3405.034694238233,3292.969835953616,1.5533333333333332,1.4466666666666668,1.522681252788967,1.522681252788967,0.4735750886844552,0.10666666666666647
69,0.5323001807099375,1.9695790030511067,1.4372788223411692,1621.7423190563068,1900.5941684184309,1.7023703703703705,1.694469135802469,1.608852366452947,1.608852366452947,0.5323001807099375,0.007901234567901483
70,0.0,1.0000000039698316,1.0000000039698316,1762.3740191495483,2105.369946963771,1.0258922679839497,1.0258922679839497,1.0561511662544905,1.0561511662544905,0.0,0.0
71,0.0,1.0000000039698316,1.0000000039698316,726.3360685767062,584.2197690887323,1.0484371183833174,1.0484371183833174,1.0470853734070182,1.0470853734070182,0.0,0.0
72,0.03140531435503169,1.278654199339866,1.3100595136948976,1219.5558814067012,865.0056753645842,1.4621694873755948,1.4621694873755948,1.4546750884473942,1.4546750884473942,0.03140531435503169,0.0
73,0.5346566864317839,1.1331278520811947,1.6677845385129786,45.54855567423489,86.62139925008398,1.9136296296296296,1.777333333333333,1.8588900524506013,1.8588900524506013,0.5346566864317839,0.13629629629629658
74,0.01205379760604064,1.6775950686147714,1.6655412710087307,263.39867091072955,89.0796070232287,1.750434621965057,1.750434621965057,1.660948559851553,1.660948559851553,0.01205379760604064,0.0
75,0.0,1.999999992060336,1.999999992060336,2933.15218152251,485.8813257466304,1.6193494005350226,1.6193494005350226,1.9301797172443185,1.9301797172443185,0.0,0.0
76,0.23206893657518846,1.3685650258718625,1.600633962447051,471.9399420258289,473.8012362406823,1.453037037037037,1.6979753086419753,1.5088438903200787,1.5088438903200787,0.23206893657518846,0.24493827160493842
77,0.0,1.0000000039698316,1.0000000039698316,3833.1830396916694,2478.289914918638,1.0550570793248044,1.0550570793248044,1.031455070037634,1.031455070037634,0.0,0.0
78,0.3437403652949138,1.9999999921842788,1.656259626889365,1506.1181504511273,1049.2961805032853,1.6005893947498842,1.6005893947498842,1.7921220126766864,1.7921220126766864,0.3437403652949138,0.0
79,0.7999999999999998,1.8000000040194544,1.0000000040194545,7010.931052331152,6864.136647050168,1.3026666666666666,1.0774814814814815,1.0530091069798533,1.0530091069798533,0.7999999999999998,0.22518518518518515
80,0.3404856290039229,1.3404856329311643,1.0000000039272414,6114.202357327353,5905.617245970234,1.4433580246913578,1.1391604938271604,1.1347586482686358,1.1347586482686358,0.3404856290039229,0.3041975308641973
81,0.0,1.999999992060336,1.999999992060336,1336.213993225242,1097.3537225331272,1.9697163537414597,1.9697163537414597,1.9557529843020969,1.9557529843020969,0.0,0.0
82,0.33283365401031384,1.4441536541422144,1.7769873081525283,1005.4073045633468,1018.623542200997,1.4771488813079947,1.4771488813079947,1.8250006656110829,1.8250006656110829,0.33283365401031384,0.0
83,0.7999999999999998,1.0000000040194545,1.8000000040194544,3940.2417661709155,6397.101975196249,1.3626172839506172,1.8445925925925926,1.556796824345034,1.556796824345034,0.7999999999999998,0.48197530864197535
84,0.11974625654520965,1.0000000034944592,1.1197462600396688,2522.5615401236296,1188.1056176834445,1.1461095534965282,1.1461095534965282,1.043721803589753,1.043721803589753,0.11974625654520965,0.0
85,0.0,1.0000000039698316,1.0000000039698316,3813.0975938209012,4080.308172932381,1.0041109463159614,1.0041109463159614,1.0272686569794731,1.0272686569794731,0.0,0.0
86,0.6248527612125256,1.6932026932617221,1.0683499320491965,3901.1463086924937,4100.367618028152,1.5138271604938272,1.4861728395061728,1.5186193390725475,1.5186193390725475,0.6248527612125256,0.0276543209876543
87,0.19983548085507952,1.0303366220442198,1.2301721028992993,817.1938567738923,729.2150900533954,1.0764074015033298,1.0764074015033298,1.0912435073039957,1.0912435073039957,0.19983548085507952,0.0
88,0.29361981767006995,1.2936198218763855,1.0000000042063155,1959.9533785557094,1923.954493048323,1.2216450239471652,1.2216450239471652,1.2074426643697351,1.2074426643697351,0.29361981767006995,0.0
89,0.48525769998503243,1.3433815130840934,1.8286392130691258,1245.691610340154,2625.239530938836,1.4767407407407407,1.682172839506173,1.4228705234527688,1.4228705234527688,0.48525769998503243,0.20543209876543234
90,0.7446776788208092,1.000000003420855,1.744677682241664,3932.2823103744076,4119.647726095993,1.0982222222222222,1.116,1.1459854392137268,1.1459854392137268,0.7446776788208092,0.017777777777777892
91,0.4875483853011642,1.487548389878444,1.0000000045772799,79.03776610492359,74.03935590598842,1.6973333333333334,1.9225185185185185,1.4916156335962842,1.4916156335962842,0.4875483853011642,0.22518518518518515
92,0.30116012562425265,1.7464526536857776,1.445292528061525,909.9247204781669,1982.690343648585,1.5088010438430386,1.5088010438430386,1.873968252282366,1.873968252282366,0.30116012562425265,0.0
93,0.5456333767689907,1.8846491536535603,1.3390157768845696,1012.106267041474,903.6130541518016,1.3435656670546776,1.3435656670546776,1.4492851380401746,1.4492851380401746,0.5456333767689907,0.0
94,0.027646484658382153,1.743178460062479,1.7155319754040967,264.4976982784644,217.2814908149624,1.6355904544468611,1.6355904544468611,1.8248382171570396,1.8248382171570396,0.027646484658382153,0.0
95,0.23669723295586476,1.000000004545275,1.2366972375011398,10360.407002172467,3612.2384374261337,1.0636543209876543,1.427111111111111,1.0032644484482822,1.0032644484482822,0.23669723295586476,0.36345679012345666
96,0.0,1.999999992060336,1.999999992060336,1757.0182615998738,1851.5270950347747,1.9359095434432934,1.9359095434432934,1.9041281236120133,1.9041281236120133,0.0,0.0
97,0.0,1.999999992060336,1.999999992060336,2023.8540632730248,435.3080082292805,1.7252646261068927,1.7252646261068927,1.962881139355627,1.962881139355627,0.0,0.0
98,0.6870535947754517,1.6870535989683644,1.0000000041929127,1755.7989374566168,2057.0609210570574,1.7137777777777778,1.4293333333333333,1.6687971184577546,1.6687971184577546,0.6870535947754517,0.2844444444444445
99,0.790855834104073,1.1187953058550841,1.9096511399591571,5348.816894906601,6522.320101418052,1.4776296296296294,1.8805925925925926,1.9627736200204808,1.9627736200204808,0.790855834104073,0.4029629629629632
100,0.14911317899990761,1.0000000033778773,1.149113182377785,4204.290432088108,4350.912837687281,1.0178459314369825,1.0178459314369825,1.0403484734444055,1.0403484734444055,0.14911317899990761,0.0
101,0.0,1.999999992060336,1.999999992060336,1541.7447137663837,2123.476165224636,1.866222222222222,1.9037530864197532,1.7799330588648716,1.7799330588648716,0.0,0.037530864197531155
102,0.06269118324271084,1.4979878892690626,1.5606790725117734,203.94174777913807,1698.0431564016906,1.5414682504945425,1.5414682504945425,1.3342003425383218,1.3342003425383218,0.06269118324271084,0.0
103,0.3936906038241088,1.798467754846513,1.404777151022404,464.38017999244795,461.52749157844795,1.7377432540444886,1.7377432540444886,1.8365111699442942,1.8365111699442942,0.3936906038241088,0.0
104,0.005056540093313799,1.846068894803477,1.8410123547101631,692.7868320106394,118.56522524224806,1.7675555555555555,1.5423703703703704,1.800020251025471,1.800020251025471,0.005056540093313799,0.22518518518518515
105,0.0,1.999999992060336,1.999999992060336,885.0626379128452,2572.5679689913186,1.9057283950617283,1.8484444444444443,1.5415571330352833,1.5415571330352833,0.0,0.057283950617283974
106,0.3763853303307214,1.6124736366243326,1.2360883062936112,1207.4653961593208,907.2926340833463,1.3915555555555554,1.0676049382716049,1.2429764059798938,1.2429764059798938,0.3763853303307214,0.3239506172839506
107,0.0,1.0000000039698316,1.0000000039698316,7362.990930239232,4472.394684972786,1.0364762506006557,1.0364762506006557,1.0160713447269405,1.0160713447269405,0.0,0.0
108,0.0,1.0000000039698316,1.0000000039698316,4453.053979894191,1273.084827944773,1.0982222222222222,1.116,1.0077245175560319,1.0077245175560319,0.0,0.017777777777777892
109,0.27030370454047326,1.939786100058893,1.6694823955184197,865.8121761962595,2259.499375998892,1.9017777777777778,1.884,1.5068590034825755,1.5068590034825755,0.27030370454047326,0.017777777777777892
110,0.10528841117318288,1.8947115817231082,1.999999992896291,1215.966445946217,478.52235829902037,1.756840829321885,1.756840829321885,1.8259617659922194,1.8259617659922194,0.10528841117318288,0.0
111,0.0,1.0000000039698316,1.0000000039698316,2472.948777554749,2621.716921235834,1.0194316142492743,1.0194316142492743,1.033978885075181,1.033978885075181,0.0,0.0
112,0.2658562611841937,1.0000000043716404,1.265856265555834,1167.4908913667218,2038.5985508933034,1.0354656749630888,1.0354656749630888,1.2442617775744504,1.2442617775744504,0.2658562611841937,0.0
113,0.0,1.999999992060336,1.999999992060336,1712.4236975675092,3184.8573508509435,1.8834857425814597,1.8834857425814597,1.7350126979458265,1.7350126979458265,0.0,0.0
114,0.5197052901253678,1.3268148232798043,1.846520113405172,1343.066269219471,2911.1629523275146,1.4885925925925925,1.6742716049382715,1.2888717865553572,1.2888717865553572,0.5197052901253678,0.18567901234567907
115,0.4862565929040974,1.4985698733040773,1.01231328039998,3146.2474874523223,4053.49121594867,1.3485432098765433,1.1628641975308642,1.1615929896314243,1.1615929896314243,0.4862565929040974,0.18567901234567907
116,0.7857856290915604,1.7857856333966846,1.0000000043051243,8286.312458486607,12549.01912474044,1.427111111111111,1.0636543209876543,1.187909538453354,1.187909538453354,0.7857856290915604,0.36345679012345666
117,0.11650396057617796,1.9999999929853385,1.8834960324091605,4605.392166195784,1020.5187282704821,1.6894187298343213,1.6894187298343213,1.9476843327808575,1.9476843327808575,0.11650396057617796,0.0
118,0.0,1.999999992060336,1.999999992060336,2483.744404903824,2605.71141804219,1.894047846938215,1.894047846938215,1.8526017769485912,1.8526017769485912,0.0,0.0
119,0.019897106093772265,1.5821511219044084,1.6020482279981807,52.76773299160706,15.734512049778246,1.5597037037037038,1.6268641975308642,1.613048545612308,1.613048545612308,0.019897106093772265,0.06716049382716038
120,0.0,1.999999992060336,1.999999992060336,2676.8885257304373,2353.588102863501,1.9017777777777778,1.884,1.8616296888151713,1.8616296888151713,0.0,0.017777777777777892
121,0.29295632739033284,1.9999999915794666,1.7070436641891338,3209.119513598396,1937.5900007313946,1.6359278234907033,1.6359278234907033,1.7700041793639216,1.7700041793639216,0.29295632739033284,0.0
122,0.1222602572774365,1.2152370836059034,1.33749734088334,503.31913870929924,341.51604737546603,1.1964444444444444,1.2142222222222223,1.2374410734415895,1.2374410734415895,0.1222602572774365,0.017777777777777892
123,0.0,1.999999992060336,1.999999992060336,1481.4264160300972,1752.045330985554,1.9647582513697508,1.9647582513697508,1.9165010337866395,1.9165010337866395,0.0,0.0
124,0.7269493873632205,1.1921592212491376,1.919108608612358,2234.343977318537,2373.254378548871,1.6084444444444446,1.9323950617283951,1.7410066197505778,1.7410066197505778,0.7269493873632205,0.3239506172839506
125,0.03729518425990097,1.3007219342870493,1.3380171185469503,397.2281648949353,159.43362889253913,1.3928888888888888,1.4106666666666667,1.2936135203549306,1.2936135203549306,0.03729518425990097,0.017777777777777892
126,0.08402033733146963,1.0840203409677545,1.0000000036362848,2116.83695439511,1383.6041515927977,1.0849306920088626,1.0849306920088626,1.0476903634864634,1.0476903634864634,0.08402033733146963,0.0
127,0.29592268936268784,1.6744495361358172,1.3785268467731293,1013.3490283938806,1444.20771060187,1.8805925925925926,1.4776296296296294,1.4374928531846771,1.4374928531846771,0.29592268936268784,0.4029629629629632
128,0.5261001670727907,1.8596964385703894,1.3335962714975986,1867.9303122273077,2250.229950991618,1.6031604938271604,1.595259259259259,1.3906959204356235,1.3906959204356235,0.5261001670727907,0.007901234567901483
129,0.47629241617879003,1.327709486270615,1.804001902449405,1641.9544147586196,2296.2070689752263,1.673451278720854,1.673451278720854,1.7938604387861785,1.7938604387861785,0.47629241617879003,0.0
130,0.10651083076662626,1.774346504799808,1.6678356740331817,121.04763335058722,111.40299045268092,1.7316521410477552,1.7316521410477552,1.6850992346565472,1.6850992346565472,0.10651083076662626,0.0
131,0.3146247441274794,1.635917297639541,1.9505420417670205,1465.3253392707963,1103.9687894052977,1.6875555555555555,1.7053333333333334,1.818918550799467,1.818918550799467,0.3146247441274794,0.017777777777777892
132,0.1698277356582354,1.0979304177250586,1.267758153383294,968.551132790508,950.9589580683586,1.198972138865348,1.198972138865348,1.25144030880684,1.25144030880684,0.1698277356582354,0.0
133,0.31627366130100354,1.0000000040714176,1.3162736653724212,4349.8313386523105,4477.5040619319425,1.081432098765432,1.267111111111111,1.1323042238159196,1.1323042238159196,0.31627366130100354,0.18567901234567907
134,0.34404316049745987,1.8950816014201848,1.551038440922725,1328.101744598306,1526.8704032885423,1.672944107829225,1.672944107829225,1.6051115804117435,1.6051115804117435,0.34404316049745987,0.0
135,0.0,1.999999992060336,1.999999992060336,2787.851195137205,1503.7878650214607,1.88769560739936,1.88769560739936,1.9495949861794657,1.9495949861794657,0.0,0.0
136,0.16831410887482168,1.0000000049524793,1.168314113827301,3172.62534118219,2566.50514485145,1.1053602323871576,1.1053602323871576,1.067596416062791,1.067596416062791,0.16831410887482168,0.0
137,0.5186166933786227,1.921355579649262,1.4027388862706394,2185.8002151654064,2323.6398185775565,1.3583880533760655,1.3583880533760655,1.66489830081514,1.66489830081514,0.5186166933786227,0.0
138,0.0,1.999999992060336,1.999999992060336,1918.4515833616292,2859.7817996628446,1.8729047900107756,1.8729047900107756,1.786664450267339,1.786664450267339,0.0,0.0
139,0.2428881030634713,1.757111887919708,1.9999999909831794,2309.2831802097216,2096.780512855146,1.7370740731834395,1.7370740731834395,1.7458002226815572,1.7458002226815572,0.2428881030634713,0.0
140,0.635016576984289,1.000000004890114,1.6350165818744031,4769.009866295622,10037.935880733294,1.1036049382716049,1.5855802469135802,1.3264494756922276,1.3264494756922276,0.635016576984289,0.48197530864197535
141,0.0,1.0000000039698316,1.0000000039698316,4601.8919337975985,1858.4046103862581,1.0751790486859847,1.0751790486859847,1.0106413439591142,1.0106413439591142,0.0,0.0
142,0.6656197196803935,1.9999999910398243,1.3343802713594308,2813.436521686811,1919.4879420705952,1.8378129606258233,1.8378129606258233,1.921927762090132,1.921927762090132,0.6656197196803935,0.0
143,0.42346584366330253,1.9999999931337693,1.5765341494704668,2634.374793986984,2183.8497224531147,1.845037037037037,1.6198518518518519,1.9628965828213243,1.9628965828213243,0.42346584366330253,0.22518518518518515
144,0.1476301391927386,1.198920199556603,1.3465503387493416,647.7223556363524,570.8757643132908,1.2497018940303937,1.2497018940303937,1.242591753285679,1.242591753285679,0.1476301391927386,0.0
145,0.11912850035015765,1.0000000034969114,1.119128503847069,8942.380367211783,6657.974511361921,1.015589893924374,1.015589893924374,1.0152903759050955,1.0152903759050955,0.11912850035015765,0.0
146,0.7999999999999998,1.9999999919610905,1.1999999919610906,256.8655126138446,506.0250970982044,1.935565875867575,1.935565875867575,1.8094952868675094,1.8094952868675094,0.7999999999999998,0.0
147,0.37851559565302173,1.3785155993538043,1.0000000037007826,1939.6839700651185,3159.318210551717,1.3737777777777778,1.06958024691358,1.4446719288348087,1.4446719288348087,0.37851559565302173,0.30419753086419776
148,0.0,1.0000000039698316,1.0000000039698316,3629.6645645196704,2234.8679515801227,1.044669745405376,1.044669745405376,1.0196002849238366,1.0196002849238366,0.0,0.0
149,0.48866279668104884,1.4886628012483745,1.0000000045673256,1800.371874815718,3245.8254578434326,1.5223703703703706,1.1194074074074074,1.3467297129840605,1.3467297129840605,0.48866279668104884,0.4029629629629632
150,0.1075002906372573,1.9999999929138526,1.8924997022765953,809.0270373710001,2117.419927265209,1.9806588773699094,1.9806588773699094,1.7490248454243853,1.7490248454243853,0.1075002906372573,0.0
151,0.41441968959955533,1.000000003486983,1.4144196930865383,2789.178226249792,4181.5303092468985,1.0597037037037036,1.4626666666666668,1.2375090027596267,1.2375090027596267,0.41441968959955533,0.4029629629629632
152,0.1144658905391287,1.000000003515421,1.1144658940545498,3190.9789746778447,1184.9477673886504,1.182704849966616,1.182704849966616,1.034170479604577,1.034170479604577,0.1144658905391287,0.0
153,0.43475074820474413,1.5739378857799793,1.1391871375752352,596.0136242780957,1107.4464881656959,1.499111111111111,1.2146666666666666,1.3248738148458619,1.3248738148458619,0.43475074820474413,0.2844444444444445
154,0.22522890158573805,1.056306546990179,1.281535448575917,1140.881010483258,109.22097515205431,1.6150123456790124,1.5774814814814813,1.205764248390596,1.205764248390596,0.22522890158573805,0.037530864197531155
155,0.7999999999999998,1.1999999919610906,1.9999999919610905,3510.3805793001297,2993.3780725315182,1.5373333333333332,1.9402962962962964,1.9483431191173692,1.9483431191173692,0.7999999999999998,0.4029629629629632
156,0.17869694288906102,1.3971869752594168,1.2184900323703558,1323.9260781993328,1539.6532180354525,1.4855901453871247,1.4855901453871247,1.144962431821833,1.144962431821833,0.17869694288906102,0.0
157,0.7910280599692583,1.0000000041997659,1.7910280641690242,7290.828064094746,12498.209494746208,1.06958024691358,1.3737777777777778,1.430172835818177,1.430172835818177,0.7910280599692583,0.30419753086419776
158,0.7999999999999998,1.9999999919610905,1.1999999919610906,803.0350302123954,1733.55201486264,1.9748041956810263,1.9748041956810263,1.8359711167498132,1.8359711167498132,0.7999999999999998,0.0
159,0.08186772821097676,1.9999999927103387,1.918132264499362,3447.316845208864,870.6106990122441,1.6941547467127025,1.6941547467127025,1.9422850451292868,1.9422850451292868,0.08186772821097676,0.0
160,0.37870028864473326,1.0000000036996828,1.378700292344416,3044.47843097625,5243.375956586798,1.081432098765432,1.267111111111111,1.2854400373878252,1.2854400373878252,0.37870028864473326,0.18567901234567907
161,0.2948650278462073,1.8126688308192516,1.5178038029730443,1418.023173451197,1326.608969196496,1.6979753086419753,1.453037037037037,1.848085301074744,1.848085301074744,0.2948650278462073,0.24493827160493842
162,0.43932352760222537,1.0000000033386867,1.439323530940912,3008.1858822328636,3730.912804958297,1.0853827160493827,1.2315555555555557,1.2494371438094876,1.2494371438094876,0.43932352760222537,0.146172839506173
163,0.035771641144745736,1.9642283511996055,1.9999999923443512,1176.8677755845158,552.705566505308,1.8178901457327128,1.8178901457327128,1.9002305632591499,1.9002305632591499,0.035771641144745736,0.0
164,0.7999999999999998,1.0000000040194545,1.8000000040194544,2258.2085025844362,938.5467727914562,1.4179259259259258,1.820888888888889,1.974087625707193,1.974087625707193,0.7999999999999998,0.4029629629629632
165,0.37571086471214166,1.3966168861446246,1.020906021432483,2008.800507127117,2859.4328557669273,1.4576296296296296,1.2324444444444445,1.3776238254383664,1.3776238254383664,0.37571086471214166,0.22518518518518515
166,0.008117867478814045,1.7704147047863168,1.7785325722651308,570.5408059802069,85.42848787438521,1.918567901234568,1.732888888888889,1.7616631617379466,1.7616631617379466,0.008117867478814045,0.18567901234567907
167,0.7999999999999998,1.8000000040194544,1.0000000040194545,9660.21469522527,14698.325744542068,1.3737777777777778,1.06958024691358,1.2078183705853378,1.2078183705853378,0.7999999999999998,0.30419753086419776
168,0.24240801092704878,1.3810571942845313,1.62346520521158,1198.848117561517,923.8252680296837,1.607914148926809,1.607914148926809,1.5644718178052108,1.5644718178052108,0.24240801092704878,0.0
169,0.45141418461002303,1.0000000049000348,1.4514141895100579,4133.32419859145,3899.392387615576,1.0962469135802468,1.1337777777777776,1.11169393886276,1.11169393886276,0.45141418461002303,0.03753086419753071
170,0.0,1.0000000039698316,1.0000000039698316,1849.9631236002535,1076.8060032420276,1.057004852655149,1.057004852655149,1.0214107806770318,1.0214107806770318,0.0,0.0
171,0.18963930010185992,1.8103606902471532,1.999999990349013,887.5433484417986,1569.0900923891938,1.884,1.9017777777777778,1.7376606167947086,1.7376606167947086,0.18963930010185992,0.017777777777777892
172,0.0,1.999999992060336,1.999999992060336,3643.214814426995,2038.8116089178948,1.7849906866437857,1.7849906866437857,1.8776122071283043,1.8776122071283043,0.0,0.0
173,0.0,1.999999992060336,1.999999992060336,3259.8925469830697,2152.0378222127565,1.8827692846881745,1.8827692846881745,1.9107149836573214,1.9107149836573214,0.0,0.0
174,0.27550884859810987,1.7792857016222012,1.5037768530240914,1471.0460086682513,519.2359686792252,1.4550440007828134,1.4550440007828134,1.7848564292637479,1.7848564292637479,0.27550884859810987,0.0
175,0.5950493435718722,1.892774635195789,1.2977252916239168,1472.2812252165452,4712.05780240322,1.9363456790123457,1.572888888888889,1.1999523863854418,1.1999523863854418,0.5950493435718722,0.36345679012345666
176,0.17694988232118947,1.9999999901978887,1.8230501078766992,2100.9387045073686,1133.9246444591568,1.819358024691358,1.722567901234568,1.8983469913825968,1.8983469913825968,0.17694988232118947,0.09679012345679006
177,0.7320797318358729,1.7320797354255173,1.0000000035896444,3776.508633364558,6079.3581009263435,1.7286257443930353,1.7286257443930353,1.4764127107574043,1.4764127107574043,0.7320797318358729,0.0
178,0.02202280990088834,1.0000000038824046,1.022022813783293,3945.1884288821198,1220.04833352707,1.0863703703703704,1.2226666666666666,1.0360456752417804,1.0360456752417804,0.02202280990088834,0.13629629629629614
179,0.6424205904612048,1.8022813420496964,1.1598607515884916,76.3789905360204,129.16095640499734,1.7857777777777777,1.8035555555555556,1.9423612796736225,1.9423612796736225,0.6424205904612048,0.017777777777777892
180,0.7324236445214893,1.2675763483084368,1.9999999928299261,3682.5113459433564,3368.4429774285277,1.466222222222222,1.9481975308641974,1.906204976847044,1.906204976847044,0.7324236445214893,0.48197530864197535
181,0.3767635903779869,1.136883220200958,1.513646810578945,375.29568309894375,297.3940528490078,1.268,1.3746666666666665,1.5978601005455024,1.5978601005455024,0.3767635903779869,0.10666666666666647
182,0.0,1.999999992060336,1.999999992060336,4323.415357337316,1999.568770825538,1.7053333333333334,1.6875555555555555,1.845615231799259,1.845615231799259,0.0,0.017777777777777892
183,0.24556993216786216,1.6244359918160851,1.378866059648223,534.2905046210078,301.195759700721,1.7082962962962962,1.680641975308642,1.529868266475305,1.529868266475305,0.24556993216786216,0.0276543209876543
184,0.7798990322191552,1.9999999911531414,1.2201009589339862,4900.700610572542,4358.621535861622,1.8963950617283951,1.4144197530864198,1.8691817785960052,1.8691817785960052,0.7798990322191552,0.48197530864197535
185,0.7999999999999998,1.0000000040194545,1.8000000040194544,1890.131203943419,2472.897498845072,1.309925925925926,1.535111111111111,1.3567921455217617,1.3567921455217617,0.7999999999999998,0.22518518518518515
186,0.7999999999999998,1.8000000040194544,1.0000000040194545,4426.205073235621,5799.9942970588245,1.116,1.0982222222222222,1.2770898131973225,1.2770898131973225,0.7999999999999998,0.017777777777777892
187,0.0,1.999999992060336,1.999999992060336,2541.0494793120984,6793.38149319743,1.9549867452247764,1.9549867452247764,1.7523049862966709,1.7523049862966709,0.0,0.0
188,0.6051332998887822,1.967332551573033,1.362199251684251,1052.5899998098291,1467.9866096460519,1.8489876543209878,1.6040493827160494,1.7045819622564087,1.7045819622564087,0.6051332998887822,0.24493827160493842
189,0.5052502585920227,1.4947497325696477,1.9999999911616704,2900.7908833399674,3392.375744109078,1.464888888888889,1.690074074074074,1.7524302415376456,1.7524302415376456,0.5052502585920227,0.22518518518518515
190,0.40613677613379995,1.1437731347263451,1.549909910860145,354.9470200269765,252.144286596115,1.5004805689406673,1.5004805689406673,1.5688084373660338,1.5688084373660338,0.40613677613379995,0.0
191,0.020404369089656704,1.5020886039353745,1.5224929730250312,449.202536440246,416.17832304916755,1.626289236350258,1.626289236350258,1.6282469446223322,1.6282469446223322,0.020404369089656704,0.0
192,0.03072420808238885,1.4616825543524674,1.4309583462700786,241.7046744556687,114.2739528604708,1.5603180227286544,1.5603180227286544,1.421774095383841,1.421774095383841,0.03072420808238885,0.0
193,0.5011949000393519,1.5011949044947395,1.0000000044553876,1405.9291815314052,2619.8433195348675,1.372246913580247,1.1569382716049383,1.5913216121633447,1.5913216121633447,0.5011949000393519,0.21530864197530875
194,0.03524280321424733,1.9999999923401526,1.9647571891259052,1460.8328221459906,2509.5052684922807,1.927353746608341,1.927353746608341,1.8157468855364853,1.8157468855364853,0.03524280321424733,0.0
195,0.6310253016638239,1.00000000494359,1.6310253066074138,2765.312688346449,2448.43924148468,1.3573333333333335,1.464,1.6208820024040436,1.6208820024040436,0.6310253016638239,0.10666666666666647
196,0.5806799015626063,1.2961584376623296,1.876838339224936,2259.678432874892,3971.444770035727,1.549283950617284,1.7645925925925927,1.514545804012661,1.514545804012661,0.5806799015626063,0.21530864197530875
197,0.4075860134183644,1.5419493752569626,1.949535388675327,2009.9548292918503,1754.8891302051109,1.8035555555555556,1.7857777777777777,1.7857980848056725,1.7857980848056725,0.4075860134183644,0.017777777777777892
198,0.05401488810114774,1.0000000037554013,1.054014891856549,1548.7311869741595,539.4282379349269,1.5855802469135802,1.1036049382716049,1.086447535894229,1.086447535894229,0.05401488810114774,0.48197530864197535
199,0.1706340424314532,1.9999999901226702,1.829365947691217,1109.0574923759004,1271.2106275264775,1.8500892107933775,1.8500892107933775,1.8032470103083444,1.8032470103083444,0.1706340424314532,0.0
200,0.0,1.0000000039698316,1.0000000039698316,2214.995535376443,875.2785335479546,1.0518024691358026,1.533777777777778,1.0313027079174204,1.0313027079174204,0.0,0.48197530864197535
201,0.7999999999999998,1.8000000040194544,1.0000000040194545,3488.324866464791,4395.594506171487,1.5706666666666667,1.2862222222222222,1.7266117756642578,1.7266117756642578,0.7999999999999998,0.2844444444444445
202,0.14995033722030993,1.8500496560305815,1.9999999932508914,1682.5419805238744,2434.631920657179,1.886502109084605,1.886502109084605,1.7829772725475403,1.7829772725475403,0.14995033722030993,0.0
203,0.10771625153235309,1.9348423632194005,1.8271261116870474,346.03721247940706,302.1352213538997,1.7112592592592593,1.673728395061728,1.7212731877471845,1.7212731877471845,0.10771625153235309,0.037530864197531155
204,0.017769400752496,1.0222114462699547,1.0044420455174587,658.0319608535534,145.60266789149253,1.1554074074074074,1.6373827160493828,1.0696634850582623,1.0696634850582623,0.017769400752496,0.48197530864197535
205,0.35415713528770976,1.6877744214937782,1.3336172862060685,1213.1554501668702,1353.3636413526367,1.523259259259259,1.3178271604938272,1.5143740865213031,1.5143740865213031,0.35415713528770976,0.2054320987654319
206,0.041385110849880835,1.9586148815390394,1.9999999923889202,2455.8889330662882,2272.815196885225,1.732,1.625333333333333,1.6693741510550968,1.6693741510550968,0.041385110849880835,0.10666666666666691
207,0.04987147514745027,1.9501285173088487,1.999999992456299,2215.840016935155,967.1410527459448,1.7857777777777777,1.8035555555555556,1.9145985448592029,1.9145985448592029,0.04987147514745027,0.017777777777777892
208,0.23216020258613757,1.803063688809615,1.5709034862234774,598.2811332221596,528.3687501590159,1.731007096131885,1.731007096131885,1.7279184535031926,1.7279184535031926,0.23216020258613757,0.0
209,0.5677249521801588,1.1378165613425213,1.7055415135226801,215.09628534496133,1181.8830547062566,1.9136296296296296,1.777333333333333,1.4443782146333528,1.4443782146333528,0.5677249521801588,0.13629629629629658
210,0.7742113360786931,1.0000000045377362,1.7742113406164293,5714.813467138804,9272.134977807476,1.0715555555555556,1.356,1.495484267011463,1.495484267011463,0.7742113360786931,0.2844444444444445
211,0.5081082657519009,1.5081082701455373,1.0000000043936363,2010.405919822556,2765.316234191484,1.535111111111111,1.309925925925926,1.8859247650831272,1.8859247650831272,0.5081082657519009,0.22518518518518515
212,0.2651747184291371,1.0266716196826526,1.2918463381117897,1834.300312004093,1948.2735991465595,1.192493827160494,1.2300246913580246,1.2031789721809114,1.2031789721809114,0.2651747184291371,0.03753086419753071
213,0.0,1.999999992060336,1.999999992060336,1914.4025720615252,1566.3330269938033,1.8017036333876786,1.8017036333876786,1.8308420028922678,1.8308420028922678,0.0,0.0
214,0.24057244874239014,1.6177247761976679,1.858297224940058,612.1307648647204,373.05817274382554,1.7881602139651254,1.7881602139651254,1.6286851005898544,1.6286851005898544,0.24057244874239014,0.0
215,0.7999999999999998,1.1999999919610906,1.9999999919610905,1343.553178450867,1238.849878295337,1.909679012345679,1.812888888888889,1.7774566833626717,1.7774566833626717,0.7999999999999998,0.09679012345679006
216,0.0,1.0000000039698316,1.0000000039698316,3575.6538598426405,2628.984469092078,1.0109424007010492,1.0109424007010492,1.0101957038542182,1.0101957038542182,0.0,0.0
217,0.0,1.999999992060336,1.999999992060336,4205.95455801792,1797.5312031772155,1.7232935638293392,1.7232935638293392,1.877724667473416,1.877724667473416,0.0,0.0
218,0.7999999999999998,1.8000000040194544,1.0000000040194545,4167.911758920801,6392.503606069484,1.4576296296296296,1.2324444444444445,1.5517630311264408,1.5517630311264408,0.7999999999999998,0.22518518518518515
219,0.15960431041166157,1.3890885332154117,1.5486928436270733,624.3657911616241,366.82152284932573,1.3210955113994034,1.3210955113994034,1.484448812150261,1.484448812150261,0.15960431041166157,0.0
220,0.5663317732912927,1.000000003873577,1.5663317771648697,5134.243732972976,5795.930464227717,1.597679012345679,1.743851851851852,1.3453873862259478,1.3453873862259478,0.5663317732912927,0.146172839506173
221,0.0,1.999999992060336,1.999999992060336,1547.8652340715046,2262.4969388348186,1.8246507484037877,1.8246507484037877,1.7367557838474055,1.7367557838474055,0.0,0.0
222,0.17386813393370026,1.2075564260255873,1.3814245599592876,1293.5942777680762,675.4800654816398,1.457354488566279,1.457354488566279,1.364415608493345,1.364415608493345,0.17386813393370026,0.0
223,0.22610949995582175,1.0000000046083224,1.2261095045641441,1106.793762407937,1093.6677242679116,1.0982222222222222,1.116,1.1426056468531964,1.1426056468531964,0.22610949995582175,0.017777777777777892
224,0.28096234975977596,1.2809623540414634,1.0000000042816874,4293.165300742512,3140.1172439427405,1.2142222222222223,1.1964444444444444,1.084008323776517,1.084008323776517,0.28096234975977596,0.017777777777777892
225,0.6724401634789006,1.9619173718737233,1.2894772083948227,3441.1539601366408,7178.06580106484,1.820888888888889,1.4179259259259258,1.5089468597142304,1.5089468597142304,0.6724401634789006,0.4029629629629632
226,0.21307586001084777,1.2573448427375362,1.0442689827266884,906.1915266442652,636.3134963506609,1.3577777777777778,1.6422222222222222,1.2785567540769887,1.2785567540769887,0.21307586001084777,0.2844444444444445
227,0.0,1.0000000039698316,1.0000000039698316,3344.394623096809,1813.7626824669264,1.0493013112356915,1.0493013112356915,1.0138912648772267,1.0138912648772267,0.0,0.0
228,0.623279518335341,1.0000000033649128,1.6232795217002538,16467.73235739525,10206.060458435886,1.090320987654321,1.187111111111111,1.0298202276482347,1.0298202276482347,0.623279518335341,0.09679012345679006
229,0.18180835590915034,1.3829116811638027,1.2011033252546524,3565.2394097912606,407.8739534203236,1.729037037037037,1.6322469135802469,1.1922542015033768,1.1922542015033768,0.18180835590915034,0.09679012345679006
230,0.30727669377739186,1.1164312426457217,1.4237079364231136,487.6043292977216,891.8743095948864,1.0784691358024692,1.293777777777778,1.2788230023907818,1.2788230023907818,0.30727669377739186,0.21530864197530875
231,0.590881308239652,1.9227842895296656,1.3319029812900136,2743.01503933202,3740.427271506818,1.6663703703703703,1.5004444444444445,1.4890466664968223,1.4890466664968223,0.590881308239652,0.1659259259259258
232,0.24227539386020158,1.5685965712499501,1.8108719651101517,1705.2507490621347,421.5252081745232,1.4762962962962962,1.5237037037037038,1.6750232227408357,1.6750232227408357,0.24227539386020158,0.047407407407407565
233,0.0,1.999999992060336,1.999999992060336,1740.5128648884831,3414.4277053708365,1.9441783693994246,1.9441783693994246,1.81205920143599,1.81205920143599,0.0,0.0
234,0.7999999999999998,1.1999999919610906,1.9999999919610905,1424.3519540756868,4129.691103046089,1.9284661840824362,1.9284661840824362,1.7102100513530534,1.7102100513530534,0.7999999999999998,0.0
235,0.20855768838351896,1.759378160272529,1.9679358486560479,1431.9492091840452,457.4893998748343,1.7053333333333334,1.6875555555555555,1.8545966851010054,1.8545966851010054,0.20855768838351896,0.017777777777777892
236,0.3273751876286237,1.0000000040053107,1.3273751916339345,4590.020889105408,7159.923506459067,1.0962469135802468,1.1337777777777776,1.3225745387164647,1.3225745387164647,0.3273751876286237,0.03753086419753071
237,0.7999999999999998,1.9999999919610905,1.1999999919610906,422.77986028862546,1780.2584296041207,1.8900458917260103,1.8900458917260103,1.6273634818202447,1.6273634818202447,0.7999999999999998,0.0
238,0.0,1.0000000039698316,1.0000000039698316,8655.258077978202,5212.792808362041,1.0201144291124478,1.0201144291124478,1.004267452733496,1.004267452733496,0.0,0.0
239,0.4072774296340951,1.0000000035295131,1.4072774331636082,1504.3811952585677,1792.0983350737868,1.090320987654321,1.187111111111111,1.2879874012507617,1.2879874012507617,0.4072774296340951,0.09679012345679006
240,0.560905746569881,1.0301181035728715,1.5910238501427525,830.369317069517,331.0925266731852,1.309925925925926,1.535111111111111,1.7718028081393251,1.7718028081393251,0.560905746569881,0.22518518518518515
241,0.5263924048966682,1.0248752102402898,1.551267615136958,1916.9456504763734,1402.181902571885,1.2388148148148148,1.641777777777778,1.1111228544973442,1.1111228544973442,0.5263924048966682,0.4029629629629632
242,0.07577427995823394,1.3108394844603815,1.3866137644186154,965.1844440010478,211.30906242288845,1.2388148148148148,1.641777777777778,1.2768118749283983,1.2768118749283983,0.07577427995823394,0.4029629629629632
243,0.1816822516694625,1.1388482967779614,1.320530548447424,391.0663847096233,335.66056406849134,1.268,1.3746666666666665,1.3052785436988898,1.3052785436988898,0.1816822516694625,0.10666666666666647
244,0.342973288409266,1.6570267037658772,1.9999999921751432,4915.26366614873,1748.2463423347263,1.5223129444849093,1.5223129444849093,1.7900902000767227,1.7900902000767227,0.342973288409266,0.0
245,0.01032569287130869,1.9999999921423188,1.9896742992710101,1795.774843947292,346.4692650638381,1.6322469135802469,1.729037037037037,1.9080224855509353,1.9080224855509353,0.01032569287130869,0.09679012345679006
246,0.643233946609783,1.0000000047800164,1.6432339513897993,2825.589770581003,4976.437866644462,1.3626172839506172,1.8445925925925926,1.3592629012324102,1.3592629012324102,0.643233946609783,0.48197530864197535
247,0.22570082271343228,1.0000000046107558,1.225700827324188,9424.227887834151,4242.30147255055,1.0784691358024692,1.293777777777778,1.0260172956892137,1.0260172956892137,0.22570082271343228,0.21530864197530875
248,0.0,1.999999992060336,1.999999992060336,567.211699137723,1171.4588519631423,1.9389033554747948,1.9389033554747948,1.7916831574935885,1.7916831574935885,0.0,0.0
249,0.0,1.999999992060336,1.999999992060336,2238.6592176307736,2228.522149794181,1.9474863210676125,1.9474863210676125,1.9223281965667494,1.9223281965667494,0.0,0.0
250,0.17003575489257328,1.0000000049422273,1.1700357598348006,998.6484836868674,941.3596240377665,1.1195682319882052,1.1195682319882052,1.0799177158403834,1.0799177158403834,0.17003575489257328,0.0
251,0.7999999999999998,1.1999999919610906,1.9999999919610905,1185.1644856510839,863.4235951729072,1.4144197530864198,1.8963950617283951,1.9016871008221679,1.9016871008221679,0.7999999999999998,0.48197530864197535
252,0.23973270115802148,1.239732705685221,1.0000000045271995,3630.465628069554,4883.778240529712,1.293777777777778,1.0784691358024692,1.224336845173881,1.224336845173881,0.23973270115802148,0.21530864197530875
253,0.6807524287165352,1.2083844729389697,1.8891369016555049,4668.495453034072,5947.668060778926,1.417037037037037,1.582962962962963,1.51475233693981,1.51475233693981,0.6807524287165352,0.1659259259259258
254,0.7999999999999998,1.0000000040194545,1.8000000040194544,3691.78925228095,5817.016485476772,1.0597037037037036,1.4626666666666668,1.7510144711396147,1.7510144711396147,0.7999999999999998,0.4029629629629632
255,0.7331214581195495,1.1931757264161356,1.926297184535685,2922.4000963515778,5341.074343378004,1.179111111111111,1.5820740740740742,1.5741192099157542,1.5741192099157542,0.7331214581195495,0.4029629629629632
256,0.2819167131898017,1.8513315658147598,1.569414852624958,674.9054144617618,958.2763210703772,1.6561365028202855,1.6561365028202855,1.7862279103822403,1.7862279103822403,0.2819167131898017,0.0
257,0.6871450043965108,1.1704709137805196,1.8576159181770304,591.1361269217064,127.41151849772868,1.7053333333333334,1.6875555555555555,1.822343996685079,1.822343996685079,0.6871450043965108,0.017777777777777892
258,0.12751594934470045,1.7652621141602294,1.8927780635049298,2367.2961363869085,120.23885461483874,1.3882326788292418,1.3882326788292418,1.8100133559551526,1.8100133559551526,0.12751594934470045,0.0
259,0.7444701868550068,1.7444701902786415,1.0000000034236347,7065.47153738267,12012.933176016526,1.641777777777778,1.2388148148148148,1.337180696297612,1.337180696297612,0.7444701868550068,0.4029629629629632
260,0.0,1.0000000039698316,1.0000000039698316,1161.7457560525395,470.3014221089783,1.533777777777778,1.0518024691358026,1.0325444125495067,1.0325444125495067,0.0,0.48197530864197535
261,0.5095112569840743,1.4904887342537156,1.99999999123779,4179.714183593253,4037.119646013342,1.4455802469135801,1.8090370370370372,1.8304632120515185,1.8304632120515185,0.5095112569840743,0.3634567901234571
262,0.24210786120931616,1.94369492866632,1.701587067457004,762.505400760463,632.219481293846,1.7828972506048733,1.7828972506048733,1.7962201234334894,1.7962201234334894,0.24210786120931616,0.0
263,0.3747483782334653,1.719228712083914,1.3444803338504487,740.7246218757185,1023.6473620490824,1.582962962962963,1.417037037037037,1.4880440804645976,1.4880440804645976,0.3747483782334653,0.1659259259259258
264,0.3934726312841934,1.999999992776565,1.6065273614923716,704.2571713013929,1155.7607489908753,1.7853333333333334,1.500888888888889,1.4938294888357204,1.4938294888357204,0.3934726312841934,0.2844444444444445
265,0.18255117149138522,1.7191344218734492,1.536583250382064,469.49190525724157,760.3352000756696,1.8608395061728396,1.5566419753086418,1.8400553645084194,1.8400553645084194,0.18255117149138522,0.30419753086419776
266,0.23914997339944621,1.8373536655060658,1.5982036921066196,318.1396052536664,259.55234353890023,1.9037530864197532,1.866222222222222,1.6768383366968949,1.6768383366968949,0.23914997339944621,0.037530864197531155
267,0.4438784256824788,1.3251180096871968,1.7689964353696757,1370.1810930985812,1893.5355651053849,1.4762962962962962,1.5237037037037038,1.669727143522903,1.669727143522903,0.4438784256824788,0.047407407407407565
268,0.0,1.0000000039698316,1.0000000039698316,3221.162159589083,3133.685703334643,1.0963249655327698,1.0963249655327698,1.110594368807141,1.110594368807141,0.0,0.0
269,0.0,1.999999992060336,1.999999992060336,1781.416107142382,2074.516075822548,1.7734678671572155,1.7734678671572155,1.7369821898211824,1.7369821898211824,0.0,0.0
270,0.0,1.999999992060336,1.999999992060336,3627.5899699491715,1323.096417453075,1.8487824332020846,1.8487824332020846,1.9704325878218287,1.9704325878218287,0.0,0.0
271,0.7775955668829049,1.9999999910605544,1.2224044241776495,1351.5232461971223,2032.3200191523451,1.9513409867946443,1.9513409867946443,1.8678228742411522,1.8678228742411522,0.7775955668829049,0.0
272,0.0,1.0000000039698316,1.0000000039698316,1334.001707674593,559.0204743728151,1.0518024691358026,1.533777777777778,1.0167409035514543,1.0167409035514543,0.0,0.48197530864197535
273,0.23828848686411153,1.238288491399911,1.0000000045357995,1971.0922088428508,3716.648238278164,1.1248888888888888,1.0972345679012345,1.307811989364988,1.307811989364988,0.23828848686411153,0.0276543209876543
274,0.0,1.0000000039698316,1.0000000039698316,13607.412693988661,3802.7669119716825,1.0518024691358026,1.533777777777778,1.00343300831135,1.00343300831135,0.0,0.48197530864197535
275,0.0,1.999999992060336,1.999999992060336,2696.200474039597,2148.7554460032597,1.6322469135802469,1.729037037037037,1.733425085662879,1.733425085662879,0.0,0.09679012345679006
276,0.0,1.0000000039698316,1.0000000039698316,1204.4955234063668,592.004127203071,1.5855802469135802,1.1036049382716049,1.0904367963078296,1.0904367963078296,0.0,0.48197530864197535
277,0.18991228497215618,1.4722356062571005,1.6621478912292567,399.56095639056247,396.5223652606934,1.5961585976716295,1.5961585976716295,1.6628753041578048,1.6628753041578048,0.18991228497215618,0.0
278,0.6348149098848324,1.8836541030111094,1.248839193126277,4825.865102748006,4867.361580172362,1.554347798832314,1.554347798832314,1.4086699291377862,1.4086699291377862,0.6348149098848324,0.0
279,0.1147446738829836,1.114744677397298,1.0000000035143144,1435.6728476476794,1056.8979540984935,1.0530029128216634,1.0530029128216634,1.0359182501689759,1.0359182501689759,0.1147446738829836,0.0
280,0.11291750920239796,1.9999999929568633,1.8870824837544653,1240.127812680543,613.1535441475843,1.7682157877298812,1.7682157877298812,1.888305816134689,1.888305816134689,0.11291750920239796,0.0
281,0.08636846523207975,1.414059099427357,1.3276906341952772,914.2531895698579,137.83183996053032,1.2177116093065845,1.2177116093065845,1.3963585215106222,1.3963585215106222,0.08636846523207975,0.0
282,0.07721778326638384,1.5210300412294409,1.5982478244958247,243.73396581807648,473.50478723906343,1.566865149470778,1.566865149470778,1.455625713703189,1.455625713703189,0.07721778326638384,0.0
283,0.5082817075966655,1.5082817119887528,1.0000000043920874,9107.364775288033,13512.083787600399,1.187111111111111,1.090320987654321,1.4398528327872504,1.4398528327872504,0.5082817075966655,0.09679012345679006
284,0.17553452527867375,1.5806347270735466,1.7561692523522203,754.307657937931,319.6633428224726,1.8105205435182445,1.8105205435182445,1.6470788725254977,1.6470788725254977,0.17553452527867375,0.0
285,0.19505814795888288,1.2438226779346688,1.048764529975786,273.0894472075038,302.2680222909971,1.2862222222222222,1.5706666666666667,1.4064577415141726,1.4064577415141726,0.19505814795888288,0.2844444444444445
286,0.050579000095701154,1.6738084418843164,1.7243874419800176,677.1289832315501,129.01836946565663,1.528641975308642,1.471358024691358,1.6326741794950053,1.6326741794950053,0.050579000095701154,0.057283950617283974
287,0.05818220605651536,1.9418177864657682,1.9999999925222836,987.372012470283,1168.5068397571404,1.8075061728395063,1.7699753086419752,1.7403658063026994,1.7403658063026994,0.05818220605651536,0.037530864197531155
288,0.13431426429314897,1.0000000034366265,1.1343142677297755,1679.24947433246,1482.3301138576144,1.535111111111111,1.309925925925926,1.3465815590066055,1.3465815590066055,0.13431426429314897,0.22518518518518515
289,0.19758732048825545,1.1975873252664202,1.0000000047781648,2214.6163396191328,1065.0401525644843,1.3485432098765433,1.1628641975308642,1.1045982266527483,1.1045982266527483,0.19758732048825545,0.18567901234567907
290,0.6266476032987418,1.0000000033348289,1.6266476066335707,4751.808851703376,4636.03945776444,1.2976296296296295,1.305530864197531,1.353491258894546,1.353491258894546,0.6266476032987418,0.007901234567901483
291,0.7999999999999998,1.0000000040194545,1.8000000040194544,1349.4863303266459,1501.9196008246915,1.3454814814814815,1.4817777777777776,1.4279465880849678,1.4279465880849678,0.7999999999999998,0.13629629629629614
292,0.7999999999999998,1.1999999919610906,1.9999999919610905,441.9114982769859,485.32545162247936,1.9136296296296296,1.777333333333333,1.709994394534752,1.709994394534752,0.7999999999999998,0.13629629629629658
293,0.0,1.0000000039698316,1.0000000039698316,7677.502934909173,5982.713836369552,1.0022986339267765,1.0022986339267765,1.0023974327514225,1.0023974327514225,0.0,0.0
294,0.7999999999999998,1.1999999919610906,1.9999999919610905,3553.500933718907,4121.051610928936,1.4776296296296294,1.8805925925925926,1.746427428747731,1.746427428747731,0.7999999999999998,0.4029629629629632
295,0.036299807362344616,1.0000000038257273,1.036299811188072,3132.268639430358,1047.5156518962913,1.29103446600287,1.29103446600287,1.116858183862441,1.116858183862441,0.036299807362344616,0.0
296,0.11180224455935983,1.1118022480853553,1.0000000035259955,7609.403042780478,4456.101806663961,1.0480250532474988,1.0480250532474988,1.012632029136207,1.012632029136207,0.11180224455935983,0.0
297,0.7999999999999998,1.1999999919610906,1.9999999919610905,1291.802105378411,867.4744497144254,1.8927139770241737,1.8927139770241737,1.930182767416269,1.930182767416269,0.7999999999999998,0.0
298,0.26079747847558643,1.0520921436302364,1.3128896221058228,466.5063505788005,640.569010182906,1.268,1.3746666666666665,1.4234715855809472,1.4234715855809472,0.26079747847558643,0.10666666666666647
299,0.29130014533823223,1.3108642693487098,1.0195641240104776,987.4674786365917,790.8806392448291,1.4466666666666665,1.5533333333333335,1.416920589114159,1.416920589114159,0.29130014533823223,0.10666666666666691
300,0.455287472296396,1.4552874771618343,1.0000000048654383,3331.2600390051866,3858.182812928836,1.277432098765432,1.180641975308642,1.5489946242732415,1.5489946242732415,0.455287472296396,0.09679012345679006
301,0.7260141553055517,1.000000003670912,1.7260141589764637,1487.7200663285828,2358.4153583718316,1.6198518518518519,1.845037037037037,1.0856532582548517,1.0856532582548517,0.7260141553055517,0.22518518518518515
302,0.14346694169060203,1.7164111866426806,1.5729442449520785,656.7903513962094,329.8228034538655,1.921530864197531,1.7062222222222223,1.6074885479029042,1.6074885479029042,0.14346694169060203,0.21530864197530875
303,0.22909725106890066,1.75942619407663,1.9885234451455307,1243.6736724566497,683.5957993522163,1.73045125002508,1.73045125002508,1.8311112073064073,1.8311112073064073,0.22909725106890066,0.0
304,0.015600030274105947,1.9843999619100894,1.9999999921841953,2455.3370293499725,5723.207671962507,1.8762720549296787,1.8762720549296787,1.692955217351912,1.692955217351912,0.015600030274105947,0.0
305,0.6545646916653562,1.6545646962935612,1.000000004628205,7111.039761145657,9269.65142926598,1.5825185185185187,1.278320987654321,1.5678313533263115,1.5678313533263115,0.6545646916653562,0.30419753086419776
306,0.38716578620212116,1.9999999927014536,1.6128342064993324,3495.7914914669027,2065.7087176676964,1.9106666666666667,1.8039999999999998,1.9231847405279199,1.9231847405279199,0.38716578620212116,0.10666666666666691
307,0.2294709565877997,1.0329020923687018,1.2623730489565015,319.4553082755497,266.3063069153438,1.327210348513941,1.327210348513941,1.2741229109423808,1.2741229109423808,0.2294709565877997,0.0
308,0.11498640077037248,1.7855372914632557,1.6705508906928832,479.46197056512347,629.8294212329087,1.6189629629629632,1.5715555555555556,1.530323801218932,1.530323801218932,0.11498640077037248,0.047407407407407565
309,0.0,1.999999992060336,1.999999992060336,3274.8985627107345,1829.8122408419867,1.709904455669798,1.709904455669798,1.8130217266020074,1.8130217266020074,0.0,0.0
310,0.0672299039355515,1.6184190949600388,1.6856489988955903,574.3838880813867,56.0675374806943,1.4406118859955541,1.4406118859955541,1.6285968515074267,1.6285968515074267,0.0672299039355515,0.0
311,0.7498425748710731,1.0567985399689686,1.8066411148400416,6299.3907882149915,8530.846362412149,1.309925925925926,1.535111111111111,1.247556056902728,1.247556056902728,0.7498425748710731,0.22518518518518515
312,0.26715490142558096,1.7002171735138898,1.9673720749394707,1001.0821871017562,1166.9928138582056,1.8484444444444443,1.9057283950617283,1.739629916826689,1.739629916826689,0.26715490142558096,0.057283950617283974
313,0.5442574118773722,1.2805863100640746,1.8248437219414468,1396.394388635698,1213.0134662793305,1.8511131923630115,1.8511131923630115,1.7224121684420775,1.7224121684420775,0.5442574118773722,0.0
314,0.1663618885041771,1.0000000049641042,1.1663618934682813,1286.911347637451,1216.602209897095,1.0529570041511576,1.0529570041511576,1.162239352597549,1.162239352597549,0.1663618885041771,0.0
315,0.7999999999999998,1.0000000040194545,1.8000000040194544,3744.945683728866,7025.796702553893,1.0715555555555556,1.356,1.582594517515922,1.582594517515922,0.7999999999999998,0.2844444444444445
316,0.0,1.0000000039698316,1.0000000039698316,4661.025235347536,2866.4786604094984,1.016181764783895,1.016181764783895,1.00384109869505,1.00384109869505,0.0,0.0
317,0.7999999999999998,1.0000000040194545,1.8000000040194544,2684.692524528346,1959.9896281611846,1.4144197530864198,1.8963950617283951,1.8306042126778537,1.8306042126778537,0.7999999999999998,0.48197530864197535
318,0.0013379554462309429,1.001337959410751,1.00000000396452,758.7136079533144,841.8442779331251,1.0962469135802468,1.1337777777777776,1.174078577982785,1.174078577982785,0.0013379554462309429,0.03753086419753071
319,0.6249386001459234,1.8642781839815816,1.2393395838356582,1914.5668367042006,4014.7784783459288,1.6180740740740742,1.2546172839506171,1.4565621524475396,1.4565621524475396,0.6249386001459234,0.3634567901234571
320,0.23939422927419862,1.4613414158016007,1.7007356450757993,445.6077480946891,381.8987747559666,1.6826757611062477,1.6826757611062477,1.6645995950637702,1.6645995950637702,0.23939422927419862,0.0
321,0.0,1.0000000039698316,1.0000000039698316,4170.47375554726,1605.5894293093927,1.116,1.0982222222222222,1.026223504908915,1.026223504908915,0.0,0.017777777777777892
322,0.7999999999999998,1.1999999919610906,1.9999999919610905,3927.614229807904,1599.631978725724,1.6262222222222222,1.93041975308642,1.939230559590905,1.939230559590905,0.7999999999999998,0.30419753086419776
323,0.6803320634416177,1.8129148908612251,1.1325828274196075,1000.492985729736,809.1047943794914,1.658469135802469,1.512296296296296,1.6415267502514248,1.6415267502514248,0.6803320634416177,0.146172839506173
324,0.788712935065512,1.8095266631888047,1.0208137281232927,3021.1639178383953,4431.991220852527,1.4626666666666668,1.0597037037037036,1.1806846374693643,1.1806846374693643,0.788712935065512,0.4029629629629632
325,0.4986146682297732,1.9999999910431308,1.5013853228133576,2502.1212239089937,2240.494806946338,1.721679012345679,1.4174814814814813,1.9192756519441438,1.9192756519441438,0.4986146682297732,0.30419753086419776
326,0.12302358542171499,1.6340926227192847,1.7571162081409997,532.2383046822207,551.8429629804152,1.7062222222222223,1.921530864197531,1.8465479632378634,1.8465479632378634,0.12302358542171499,0.21530864197530875
327,0.13667935320622693,1.8633206399392974,1.9999999931455243,1040.5878260187674,1973.537248143485,1.9870413624317926,1.9870413624317926,1.8243049499339608,1.8243049499339608,0.13667935320622693,0.0
328,0.47869978908352895,1.5178693976440805,1.9965691867276094,1871.987838162909,1294.9722835389282,1.6391604938271604,1.726074074074074,1.7671988844639324,1.7671988844639324,0.47869978908352895,0.08691358024691365
329,0.004782782349814774,1.9999999920983103,1.9952172097484955,3278.1453256557875,1500.0991993223186,1.3819259259259258,1.7453827160493829,1.612108865233834,1.612108865233834,0.004782782349814774,0.3634567901234571
330,0.38148811322280674,1.9999999926338357,1.618511879411029,4253.649485565371,4556.718063001283,1.8075061728395063,1.7699753086419752,1.7718109870439138,1.7718109870439138,0.38148811322280674,0.037530864197531155
331,0.27384426232527126,1.2738442666493452,1.000000004324074,5215.759752622488,4252.914829931205,1.533777777777778,1.0518024691358026,1.0716509104282568,1.0716509104282568,0.27384426232527126,0.48197530864197535
332,0.4776610476552525,1.0000000046655946,1.477661052320847,4910.856668796891,5514.854506003046,1.268,1.3746666666666665,1.3443353568855017,1.3443353568855017,0.4776610476552525,0.10666666666666647
333,0.0,1.0000000039698316,1.0000000039698316,11930.619813914947,6527.942069672033,1.0082732436037896,1.0082732436037896,1.0003805731229025,1.0003805731229025,0.0,0.0
334,0.412946224161185,1.0000000034957568,1.4129462276569418,4885.367823646329,4762.867868006196,1.0597037037037036,1.4626666666666668,1.042182369693809,1.042182369693809,0.412946224161185,0.4029629629629632
335,0.3359543173522628,1.5530296156420644,1.2170752982898017,613.5120354598116,537.5921492125074,1.1337777777777776,1.0962469135802468,1.5606103180229427,1.5606103180229427,0.3359543173522628,0.03753086419753071
336,0.7999999999999998,1.0000000040194545,1.8000000040194544,1677.9489318067142,1530.270655674784,1.918567901234568,1.732888888888889,1.7265333714454592,1.7265333714454592,0.7999999999999998,0.18567901234567907
337,0.6160685064965365,1.6160685099258592,1.0000000034293226,2308.658532251055,2115.0655547852866,1.4626666666666668,1.0597037037037036,1.6785519907863469,1.6785519907863469,0.6160685064965365,0.4029629629629632
338,0.7999999999999998,1.0000000040194545,1.8000000040194544,13234.221577551467,23765.10426528344,1.0597037037037036,1.4626666666666668,1.0041766222939654,1.0041766222939654,0.7999999999999998,0.4029629629629632
339,0.09839117235548889,1.2394640493187437,1.3378552216742325,147.11422205660938,883.6925347519181,1.3037117408401326,1.3037117408401326,1.5114276381032923,1.5114276381032923,0.09839117235548889,0.0
340,0.46374394093508187,1.000000004789904,1.463743945724986,8103.521220363702,8110.119834018438,1.0774814814814815,1.3026666666666666,1.0664923315289916,1.0664923315289916,0.46374394093508187,0.22518518518518515
341,0.1808748704880916,1.0000000048776831,1.1808748753657747,2277.501117289093,2294.6636122652217,1.0962469135802468,1.1337777777777776,1.1237860165722648,1.1237860165722648,0.1808748704880916,0.03753086419753071
342,0.6354583467081012,1.7943229340379463,1.158864587329845,267.57656296077744,112.50310891123286,1.7057223488610642,1.7057223488610642,1.7734677864648343,1.7734677864648343,0.6354583467081012,0.0
343,0.7999999999999998,1.8846449504374898,1.08464495043749,6940.483213212236,5239.873807363777,1.4165925925925926,1.3889382716049383,1.9397482295002662,1.9397482295002662,0.7999999999999998,0.0276543209876543
344,0.7633631510287189,1.9082678871424883,1.1449047361137694,2132.896998480771,4216.60137784756,1.7014814814814816,1.2985185185185184,1.5368908931656662,1.5368908931656662,0.7633631510287189,0.4029629629629632
345,0.3059653789706589,1.610129978112615,1.3041645991419561,744.0696022649757,838.4003653555793,1.5533333333333335,1.4466666666666665,1.5421036786557438,1.5421036786557438,0.3059653789706589,0.10666666666666691
346,0.7482614871544349,1.1494676219907574,1.8977291091451922,6022.101364000071,11071.995502967868,1.3182716049382717,1.6817283950617283,1.3712169196062185,1.3712169196062185,0.7482614871544349,0.36345679012345666
347,0.17858424852076293,1.999999990217353,1.8214157416965902,1766.975176911526,1279.2330108775477,1.7371118934758043,1.7371118934758043,1.798149235635589,1.798149235635589,0.17858424852076293,0.0
348,0.7999999999999998,1.9999999919610905,1.1999999919610906,1376.145116254461,1095.2902120112822,1.7453827160493829,1.3819259259259258,1.7708675475895883,1.7708675475895883,0.7999999999999998,0.3634567901234571
349,0.5057175150422628,1.3437805547669768,1.8494980698092396,1369.56299114223,3346.853621659049,1.4776296296296294,1.8805925925925926,1.4839353954353656,1.4839353954353656,0.5057175150422628,0.4029629629629632
350,0.7796676783776215,1.7796676828057,1.0000000044280786,6507.30015662628,7420.734094614695,1.4433580246913578,1.1391604938271604,1.113287234116461,1.113287234116461,0.7796676783776215,0.3041975308641973
351,0.636870320445309,1.6368703253105863,1.0000000048652773,2833.9549083593374,4057.192597692542,1.6422222222222222,1.3577777777777778,1.6073488923715278,1.6073488923715278,0.636870320445309,0.2844444444444445
352,0.7433890188298684,1.2566109742938902,1.9999999931237586,2543.509849844813,2223.7683078956857,1.7677583858809467,1.7677583858809467,1.8619476328734976,1.8619476328734976,0.7433890188298684,0.0
353,0.3653712382225618,1.6201779117385855,1.9855491499611473,675.2681507629339,1523.1329936494153,1.627753086419753,1.8430617283950617,1.5461084325029666,1.5461084325029666,0.3653712382225618,0.21530864197530875
354,0.0566801957306069,1.8909539103059094,1.9476341060365163,433.0569405663795,775.713111273407,1.845592749790797,1.845592749790797,1.7557476396113731,1.7557476396113731,0.0566801957306069,0.0
355,0.7330526667411474,1.0287907685594448,1.7618434353005923,5270.842101793943,8362.33738631705,1.2442962962962962,1.4299753086419753,1.7221931161062412,1.7221931161062412,0.7330526667411474,0.18567901234567907
356,0.0,1.0000000039698316,1.0000000039698316,4670.451113270932,3880.6087443814786,1.0361916914916613,1.0361916914916613,1.0338585805847988,1.0338585805847988,0.0,0.0
357,0.5154424042501797,1.8643293754932564,1.3488869712430767,1972.7702029231075,2545.972362855994,1.6347654320987655,1.5478518518518518,1.5260026056293299,1.5260026056293299,0.5154424042501797,0.08691358024691365
358,0.7999999999999998,1.0000000040194545,1.8000000040194544,8281.260789402368,9747.8318537651,1.0597037037037036,1.4626666666666668,1.717378958835205,1.717378958835205,0.7999999999999998,0.4029629629629632
359,0.582503695488227,1.5825036992173545,1.0000000037291275,8942.204021820404,14488.579951848405,1.3737777777777778,1.06958024691358,1.7267349389007116,1.7267349389007116,0.582503695488227,0.30419753086419776
360,0.7999999999999998,1.9999999919610905,1.1999999919610906,927.8346124103311,2870.036040568345,1.866222222222222,1.9037530864197532,1.5942096205793836,1.5942096205793836,0.7999999999999998,0.037530864197531155
361,0.37316402292239115,1.373164026655041,1.0000000037326497,10038.40312380321,5270.75613777586,1.267111111111111,1.081432098765432,1.010534467598075,1.010534467598075,0.37316402292239115,0.18567901234567907
362,0.7199662640102442,1.719966267762187,1.0000000037519428,4770.402790240928,8567.125434965243,1.4275555555555557,1.1431111111111112,1.9276871499252057,1.9276871499252057,0.7199662640102442,0.2844444444444445
363,0.4692586280228639,1.9999999905187071,1.5307413624958432,1578.1711218882933,1297.6097529103636,1.86479012345679,1.5408395061728395,1.7921906369826899,1.7921906369826899,0.4692586280228639,0.3239506172839506
364,0.3502055393045773,1.4465450803932518,1.0963395410886745,1110.3044857605432,1272.9990677597018,1.2375166898970758,1.2375166898970758,1.1021162218791716,1.1021162218791716,0.3502055393045773,0.0
365,0.18988226311782963,1.8101177272340772,1.9999999903519068,2827.2872085965105,1990.6233422450875,1.777333333333333,1.9136296296296296,1.9149050613636929,1.9149050613636929,0.18988226311782963,0.13629629629629658
366,0.37825978283096884,1.6217402097644191,1.999999992595388,2055.9372091847213,1188.809865735888,1.667230689480697,1.667230689480697,1.863265106302586,1.863265106302586,0.37825978283096884,0.0
367,0.3250142908898557,1.0000000040193693,1.325014294909225,4454.917344768977,3713.6987653999945,1.06958024691358,1.3737777777777778,1.0576424594491496,1.0576424594491496,0.3250142908898557,0.30419753086419776
368,0.0,1.0000000039698316,1.0000000039698316,7815.237544233013,7804.8872957389485,1.0027420280858008,1.0027420280858008,1.0211980577660473,1.0211980577660473,0.0,0.0
369,0.7549268754769023,1.1730966868122104,1.9280235622891126,6438.006456630716,16661.045520041174,1.3626172839506172,1.8445925925925926,1.8261797891978038,1.8261797891978038,0.7549268754769023,0.48197530864197535
370,0.4272502180745734,1.4272502214851537,1.0000000034105803,1876.0660090612782,2461.161720218959,1.2226666666666666,1.0863703703703704,1.077299019653878,1.077299019653878,0.4272502180745734,0.13629629629629614
371,0.7103243568317299,1.0000000038811268,1.7103243607128567,1483.80228535814,1497.8426008579936,1.5533463131478538,1.5533463131478538,1.5399345067920682,1.5399345067920682,0.7103243568317299,0.0
372,0.3613277218129807,1.000000003803132,1.3613277256161127,2761.2977301904825,2814.1587022916165,1.0774814814814815,1.3026666666666666,1.0765172498224398,1.0765172498224398,0.3613277218129807,0.22518518518518515
373,0.561934766871214,1.168334908948952,1.730269675820166,1653.5380411574813,1933.2098308274155,1.8035555555555556,1.7857777777777777,1.8536619223230018,1.8536619223230018,0.561934766871214,0.017777777777777892
374,0.7449355130330786,1.8516134926371,1.1066779796040214,4113.008524867276,4469.173316531188,1.5335802469135802,1.4664197530864198,1.520319180487067,1.520319180487067,0.7449355130330786,0.06716049382716038
375,0.04447072874163105,1.3709537214260643,1.4154244501676954,305.027789660189,343.43065689074365,1.5335802469135804,1.4664197530864196,1.5430387344550802,1.5430387344550802,0.04447072874163105,0.06716049382716083
376,0.685215376414765,1.2299395891842524,1.9151549655990174,4569.573653164409,5483.569716707073,1.431851851851852,1.568148148148148,1.5421817350736797,1.5421817350736797,0.685215376414765,0.13629629629629614
377,0.19561753679133576,1.640665250280347,1.8362827870716827,808.0113028599154,548.513667767243,1.6429598420710216,1.6429598420710216,1.7026229171966885,1.7026229171966885,0.19561753679133576,0.0
378,0.18803967890975803,1.9259159644546993,1.7378762855449412,1166.7608612787988,444.0562134694185,1.6071111111111112,1.5893333333333333,1.9458886232173211,1.9458886232173211,0.18803967890975803,0.017777777777777892
379,0.466767921330677,1.3314739420456476,1.7982418633763246,2638.8077301790345,1967.6519249672915,1.356992020806762,1.356992020806762,1.47890593616103,1.47890593616103,0.466767921330677,0.0
380,0.012891256548495544,1.8258095428248928,1.8387007993733884,1040.2171023571873,277.48502026571316,1.6050261706287017,1.6050261706287017,1.942350658193211,1.942350658193211,0.012891256548495544,0.0
381,0.07263577910240437,1.0000000036814798,1.0726357827838842,1105.5915326789498,225.38292459596875,1.6891851851851851,1.2072098765432098,1.1147920850310404,1.1147920850310404,0.07263577910240437,0.48197530864197535
382,0.7903442044554359,1.7903442086689454,1.0000000042135095,12624.59394037191,17396.369911458645,1.356,1.0715555555555556,1.173839352558815,1.173839352558815,0.7903442044554359,0.2844444444444445
383,0.29693585296712,1.999999991626861,1.703064138659741,1518.724588984874,842.8456150474376,1.6035524812943402,1.6035524812943402,1.8738207011521835,1.8738207011521835,0.29693585296712,0.0
384,0.0,1.0000000039698316,1.0000000039698316,3107.115203569171,3124.2445670698485,1.0614014057935448,1.0614014057935448,1.0808278309912096,1.0808278309912096,0.0,0.0
385,0.0,1.999999992060336,1.999999992060336,1011.1450988862916,742.7665032257912,1.8493936971356386,1.8493936971356386,1.8835923911613888,1.8835923911613888,0.0,0.0
386,0.0,1.0000000039698316,1.0000000039698316,3533.7281242013605,2410.2376664164817,1.0330786911888055,1.0330786911888055,1.0204840142326994,1.0204840142326994,0.0,0.0
387,0.3325282949839936,1.332528298958619,1.0000000039746253,5363.743664956585,5839.637014948963,1.116,1.0982222222222222,1.1710113841576146,1.1710113841576146,0.3325282949839936,0.017777777777777892
388,0.552551459079389,1.0149720642090836,1.5675235232884726,2787.882978329964,4236.867554309391,1.2324444444444445,1.4576296296296296,1.4192777936239291,1.4192777936239291,0.552551459079389,0.22518518518518515
389,0.11228530813954052,1.2716488957135568,1.3839342038530973,77.293007036917,278.3694623405162,1.3480689118616183,1.3480689118616183,1.4862718224601235,1.4862718224601235,0.11228530813954052,0.0
390,0.15060713368536138,1.938373200763134,1.7877660670777726,654.8128647359342,317.2374026594086,1.7529265320590501,1.7529265320590501,1.8608088247770658,1.8608088247770658,0.15060713368536138,0.0
391,0.7262463360646225,1.9076102588044783,1.1813639227398558,623.1723701115076,216.9157100962743,1.4179259259259258,1.820888888888889,1.5789369510156979,1.5789369510156979,0.7262463360646225,0.4029629629629632
392,0.2727567241674116,1.5884183959423694,1.861175120109781,587.6145155948941,797.0409293671296,1.6150123456790124,1.5774814814814813,1.5441197833208449,1.5441197833208449,0.2727567241674116,0.037530864197531155
393,0.6849596226038117,1.000000004220968,1.6849596268247797,7444.305726949843,10276.226896688928,1.4293333333333333,1.7137777777777778,1.5867789185048606,1.5867789185048606,0.6849596226038117,0.2844444444444445
394,0.4239333452863874,1.6333999966833739,1.2094666513969865,866.3209423627841,886.586044690599,1.588378976095198,1.588378976095198,1.6005847967947011,1.6005847967947011,0.4239333452863874,0.0
395,0.7999999999999998,1.0000000040194545,1.8000000040194544,8939.121087347192,12014.450129217545,1.0784691358024692,1.293777777777778,1.1352150588917982,1.1352150588917982,0.7999999999999998,0.21530864197530875
396,0.6020439002722644,1.6020439038268564,1.000000003554592,1859.1983160259995,1877.4589635611355,1.777333333333333,1.9136296296296296,1.6308336441987175,1.6308336441987175,0.6020439002722644,0.13629629629629658
397,0.177207038456058,1.1772070433555821,1.0000000048995241,10472.75275527282,3375.686495787562,1.1959999999999997,1.0893333333333333,1.0106328136767315,1.0106328136767315,0.177207038456058,0.10666666666666647
398,0.5314670454857193,1.0343310280735938,1.565798073559313,704.5915328383162,666.3800288386979,1.7112592592592593,1.673728395061728,1.6963725829441636,1.6963725829441636,0.5314670454857193,0.037530864197531155
399,0.1065510590479457,1.1139429680494377,1.2204940270973834,428.76156555393476,395.07556732049517,1.1649979209075705,1.1649979209075705,1.2191932244162784,1.2191932244162784,0.1065510590479457,0.0
400,0.4224195371730408,1.5328005028422527,1.9552200400152935,818.8009045877345,562.9529429849617,1.694469135802469,1.7023703703703705,1.741879609958624,1.741879609958624,0.4224195371730408,0.007901234567901483
401,0.3109261741105618,1.3163129415644002,1.0053867674538384,2283.6905678580392,1538.90024697956,1.356,1.0715555555555556,1.1168974152942774,1.1168974152942774,0.3109261741105618,0.2844444444444445
402,0.04793379609195414,1.9999999924409144,1.9520661963489603,1549.1287084171997,350.33878072489694,1.7427706148213584,1.7427706148213584,1.9379802559874195,1.9379802559874195,0.04793379609195414,0.0
403,0.0,1.999999992060336,1.999999992060336,1260.6508179110658,596.3946584184191,1.9289185274982805,1.9289185274982805,1.984409626709099,1.984409626709099,0.0,0.0
404,0.31458389194486713,1.685416099892173,1.9999999918370401,2042.7971555318811,1624.717156381964,1.8145458053384316,1.8145458053384316,1.8459853874265515,1.8459853874265515,0.31458389194486713,0.0
405,0.0,1.999999992060336,1.999999992060336,2858.016174573013,4027.3576368365734,1.9239207226502786,1.9239207226502786,1.8498546645661809,1.8498546645661809,0.0,0.0
406,0.12368286005053353,1.123682863529365,1.0000000034788314,2413.836208209763,914.3241078943012,1.309037037037037,1.1727407407407409,1.0660693542434512,1.0660693542434512,0.12368286005053353,0.13629629629629614
407,0.2323691481592549,1.0000000045710478,1.2323691527303027,799.8055893844946,2131.67915393805,1.0863703703703704,1.2226666666666666,1.4401814116783584,1.4401814116783584,0.2323691481592549,0.13629629629629614
408,0.7650054333581022,1.0000000047227497,1.765005438080852,10288.658000883188,14837.086501855421,1.0784691358024692,1.293777777777778,1.1739063218972827,1.1739063218972827,0.7650054333581022,0.21530864197530875
409,0.29107480576789824,1.7089251857891605,1.9999999915570588,2840.7018009693447,2790.2613238231784,1.812888888888889,1.909679012345679,1.868589431969128,1.868589431969128,0.29107480576789824,0.09679012345679006
410,0.5458962433200796,1.4541037485677006,1.9999999918877802,3054.612716543467,2567.1403025055756,1.6198518518518519,1.845037037037037,1.8220957099066248,1.8220957099066248,0.5458962433200796,0.22518518518518515
411,0.4232833734114698,1.4280473701371261,1.851330743548596,2413.480936288988,2114.9267468268454,1.7669618460116678,1.7669618460116678,1.62148459111127,1.62148459111127,0.4232833734114698,0.0
412,0.1545475043653064,1.9999999932873915,1.8454524889220851,1012.0254718603384,1096.857798225758,1.9146883474556025,1.9146883474556025,1.8666873939694097,1.8666873939694097,0.1545475043653064,0.0
413,0.0,1.0000000039698316,1.0000000039698316,1412.3275599431277,1005.5762881439942,1.533777777777778,1.0518024691358026,1.0965313310808433,1.0965313310808433,0.0,0.48197530864197535
414,0.7999999999999998,1.1999999919610906,1.9999999919610905,867.1644581152362,161.884591132007,1.9225185185185185,1.6973333333333334,1.9136401180385034,1.9136401180385034,0.7999999999999998,0.22518518518518515
415,0.42948297055820595,1.4294829739554906,1.0000000033972847,1660.528348407251,3068.4840788994925,1.293777777777778,1.0784691358024692,1.4307595117186713,1.4307595117186713,0.42948297055820595,0.21530864197530875
416,0.47096589363140273,1.5848266388702374,1.1138607452388347,385.4378757052623,405.0755170089163,1.866222222222222,1.9037530864197532,1.85463095992738,1.85463095992738,0.47096589363140273,0.037530864197531155
417,0.7999999999999998,1.8000000040194544,1.0000000040194545,1802.8552215487089,3106.436535539083,1.9402962962962964,1.5373333333333332,1.6391596098066339,1.6391596098066339,0.7999999999999998,0.4029629629629632
418,0.0,1.999999992060336,1.999999992060336,1122.3804081368226,1540.7734690392458,1.862404855629731,1.862404855629731,1.7833234322753189,1.7833234322753189,0.0,0.0
419,0.0,1.0000000039698316,1.0000000039698316,1371.073977767443,1508.829034344111,1.0037377647630628,1.0037377647630628,1.0391387382388413,1.0391387382388413,0.0,0.0
420,0.35089238771533404,1.0000000038652719,1.350892391580606,16399.760801171116,9567.31535451657,1.06958024691358,1.3737777777777778,1.0585807546543613,1.0585807546543613,0.35089238771533404,0.30419753086419776
421,0.13891514484134992,1.0000000034183618,1.1389151482597117,4584.651529909547,2685.7706718617137,1.1964444444444444,1.2142222222222223,1.117308315331265,1.117308315331265,0.13891514484134992,0.017777777777777892
422,0.7999999999999998,1.8000000040194544,1.0000000040194545,7557.165967720952,11494.859599110683,1.427111111111111,1.0636543209876543,1.0867578757572482,1.0867578757572482,0.7999999999999998,0.36345679012345666
423,0.7999999999999998,1.0000000040194545,1.8000000040194544,4685.594172091902,2904.4976422098757,1.4174814814814813,1.721679012345679,1.8827002544064946,1.8827002544064946,0.7999999999999998,0.30419753086419776
424,0.0,1.0000000039698316,1.0000000039698316,6060.381322955675,2391.288707024925,1.0634981345598145,1.0634981345598145,1.0030689270076105,1.0030689270076105,0.0,0.0
425,0.5257018659120334,1.0000000042364883,1.5257018701485217,4341.724509977509,6007.404878763166,1.154962962962963,1.3801481481481481,1.080673299361783,1.080673299361783,0.5257018659120334,0.22518518518518515
426,0.13382418972445942,1.9999999931228551,1.8661758033983957,1084.8864840605397,573.6096252885662,1.712989076793825,1.712989076793825,1.7818005650211612,1.7818005650211612,0.13382418972445942,0.0
427,0.4336193397187693,1.5012358157459766,1.0676164760272073,1149.397051681361,1836.3413032407445,1.3485432098765433,1.1628641975308642,1.5020697077626468,1.5020697077626468,0.4336193397187693,0.18567901234567907
428,0.38223094747959374,1.2124297637358363,1.59466071121543,2019.1822000349591,1820.4383491427498,1.3587884383343236,1.3587884383343236,1.5560941404378168,1.5560941404378168,0.38223094747959374,0.0
429,0.7999999999999998,1.0000000040194545,1.8000000040194544,9960.818467804287,13429.424979028874,1.0518024691358026,1.533777777777778,1.033029867619256,1.033029867619256,0.7999999999999998,0.48197530864197535
430,0.4300986907141846,1.3763964341313204,1.806495124845505,619.1454739108029,538.2817893338854,1.6811569440995076,1.6811569440995076,1.6517521243042461,1.6517521243042461,0.4300986907141846,0.0
431,0.26609832418562096,1.4205678509237027,1.6866661751093237,414.70374503483185,854.1858177853466,1.309925925925926,1.535111111111111,1.3490708383210503,1.3490708383210503,0.26609832418562096,0.22518518518518515
432,0.06417383994246917,1.3262962956490603,1.262122455706591,1643.4336759141797,614.9351781608027,1.528674549540149,1.528674549540149,1.1925031929691068,1.1925031929691068,0.06417383994246917,0.0
433,0.36999069493116243,1.452709465368839,1.8227001603000015,538.7342137925859,808.4753305611316,1.6045925925925923,1.740888888888889,1.6169676093366452,1.6169676093366452,0.36999069493116243,0.13629629629629658
434,0.3987436314738808,1.2233362906658074,1.6220799221396882,1684.839525671733,1773.4726784103648,1.548395061728395,1.451604938271605,1.3747851929240644,1.3747851929240644,0.3987436314738808,0.09679012345679006
435,0.6460803144264844,1.3539196760897547,1.9999999905162391,4823.22955829372,3409.1177994418285,1.694469135802469,1.7023703703703705,1.9115022036048466,1.9115022036048466,0.6460803144264844,0.007901234567901483
436,0.29360922047386184,1.3299179127297642,1.623527133203626,902.8956987414047,495.27894936403936,1.5510435034612666,1.5510435034612666,1.4226124296418614,1.4226124296418614,0.29360922047386184,0.0
437,0.4674918811161537,1.000000004756427,1.4674918858725807,10309.826538925368,11769.926654956218,1.081432098765432,1.267111111111111,1.5406493238500638,1.5406493238500638,0.4674918811161537,0.18567901234567907
438,0.2160722186315378,1.2160722232996297,1.000000004668092,2730.236014013546,2592.564199746319,1.4106666666666667,1.3928888888888888,1.3313371383753845,1.3313371383753845,0.2160722186315378,0.017777777777777892
439,0.055257674273959445,1.9447423182251045,1.999999992499064,1724.1694093355031,948.4684605849422,1.8362911672993183,1.8362911672993183,1.9011463227611887,1.9011463227611887,0.055257674273959445,0.0
440,0.28380913058388035,1.020449734855576,1.3042588654394565,1699.5534715025942,4485.857437652718,1.0893333333333333,1.1959999999999997,1.4176461666564517,1.4176461666564517,0.28380913058388035,0.10666666666666647
441,0.0,1.0000000039698316,1.0000000039698316,817.2525643638583,619.2027067528667,1.041260580896326,1.041260580896326,1.0370189387471975,1.0370189387471975,0.0,0.0
442,0.762150819429189,1.9813803151725535,1.2192294957433645,4694.695890988459,6513.627631914126,1.8608395061728396,1.5566419753086422,1.6624736162733762,1.6624736162733762,0.762150819429189,0.3041975308641973
443,0.5012194023043111,1.498780588785351,1.999999991089662,3325.985100385878,2872.6649894605825,1.4762962962962962,1.5237037037037038,1.5824755995950737,1.5824755995950737,0.5012194023043111,0.047407407407407565
444,0.7999999999999998,1.0000000040194545,1.8000000040194544,2222.90166807248,2291.80216898297,1.5561975308641978,1.7616296296296297,1.7536048533334077,1.7536048533334077,0.7999999999999998,0.2054320987654319
445,0.3030681314687902,1.5457103632755917,1.2426422318068016,2116.207606234526,349.54214644864675,1.8041261618408002,1.8041261618408002,1.3611082142320778,1.3611082142320778,0.3030681314687902,0.0
446,0.32930480910749127,1.0000000039938204,1.3293048131013117,2041.236495116399,2842.200160576271,1.1540332092327865,1.1540332092327865,1.3070385617365705,1.3070385617365705,0.32930480910749127,0.0
447,0.25954099741134495,1.7404589937701618,1.9999999911815067,2577.7817204516377,1521.410217645071,1.6809097716624282,1.6809097716624282,1.8308847524274556,1.8308847524274556,0.25954099741134495,0.0
448,0.48921502099098735,1.9999999908752133,1.510784969884226,3123.9929680411046,4339.908008933128,1.9284444444444446,1.6440000000000001,1.6918541459759786,1.6918541459759786,0.48921502099098735,0.2844444444444445
449,0.4678930323668795,1.1112668498448874,1.579159882211767,69.39577173262207,181.11440795109607,1.6150123456790124,1.5774814814814813,1.4556829025657565,1.4556829025657565,0.4678930323668795,0.037530864197531155
450,0.7999999999999998,1.0000000040194545,1.8000000040194544,4472.247116448543,3175.5280666610665,1.4144197530864198,1.8963950617283951,1.8892698125309966,1.8892698125309966,0.7999999999999998,0.48197530864197535
451,0.7295066501282612,1.72950665375238,1.0000000036241188,4959.967145964942,8655.680166638267,1.4626666666666668,1.0597037037037036,1.62755460311553,1.62755460311553,0.7295066501282612,0.4029629629629632
452,0.0,1.999999992060336,1.999999992060336,4100.652158346579,918.7344257917579,1.7862284872619518,1.7862284872619518,1.9815423896024784,1.9815423896024784,0.0,0.0
453,0.7824172505802687,1.7824172549530883,1.0000000043728197,5659.8080618530785,5947.419462371768,1.5434567901234568,1.4565432098765432,1.6045715450027425,1.6045715450027425,0.7824172505802687,0.08691358024691365
454,0.27226995846904956,1.3416524455921746,1.069382487123125,343.12834345753095,460.3102506442603,1.267111111111111,1.081432098765432,1.3951236616150555,1.3951236616150555,0.27226995846904956,0.18567901234567907
455,0.02577429608063131,1.9742256961843443,1.9999999922649756,1305.4020057029074,1627.6604352062036,1.9309345150014963,1.9309345150014963,1.865438239622701,1.865438239622701,0.02577429608063131,0.0
456,0.7999999999999998,1.8000000040194544,1.0000000040194545,5246.693703849173,6888.4648522949765,1.6891851851851851,1.2072098765432098,1.171286938859045,1.171286938859045,0.7999999999999998,0.48197530864197535
457,0.0,1.999999992060336,1.999999992060336,3678.919090929921,4708.0212505900845,1.878922437716379,1.878922437716379,1.8024242286788805,1.8024242286788805,0.0,0.0
458,0.6524522909131845,1.9351506556387044,1.28269836472552,4950.832184103563,4747.432693923162,1.7697777130596166,1.7697777130596166,1.749189544724389,1.749189544724389,0.6524522909131845,0.0
459,0.7999999999999998,1.1999999919610906,1.9999999919610905,864.2633756014508,487.95140049184823,1.8967639863155932,1.8967639863155932,1.9527360037981927,1.9527360037981927,0.7999999999999998,0.0
460,0.7940851909874058,1.0000000041383257,1.7940851951257315,5947.153119047332,12550.93233013032,1.1554074074074074,1.6373827160493828,1.9427515019876505,1.9427515019876505,0.7940851909874058,0.48197530864197535
461,0.7911791445721406,1.7966294590522067,1.0054503144800662,2822.461936953054,3113.5494592831806,1.6422222222222222,1.3577777777777778,1.624267440019757,1.624267440019757,0.7911791445721406,0.2844444444444445
462,0.030865014955197,1.4954621190111377,1.4645971040559407,1927.901998173469,623.110254995862,1.7663210375324025,1.7663210375324025,1.3541996451817786,1.3541996451817786,0.030865014955197,0.0
463,0.19745593045547816,1.072157490797887,1.2696134212533652,1215.9528303447196,456.6901014952504,1.2365849308758161,1.2365849308758161,1.049405126886607,1.049405126886607,0.19745593045547816,0.0
464,0.0993604908475536,1.9006395020016718,1.9999999928492254,1332.8041438995754,358.57214420274954,1.6909629629629628,1.8272592592592594,1.915180812493634,1.915180812493634,0.0993604908475536,0.13629629629629658
465,0.0,1.0000000039698316,1.0000000039698316,7236.113701367637,4400.48686976143,1.0159252102771854,1.0159252102771854,1.0030795983611558,1.0030795983611558,0.0,0.0
466,0.09188293265238068,1.6213197550297125,1.5294368223773318,920.9355050993197,458.1031363445289,1.4284444444444446,1.381037037037037,1.4752355049538217,1.4752355049538217,0.09188293265238068,0.047407407407407565
467,0.0,1.999999992060336,1.999999992060336,4472.44242090741,2531.1525741602295,1.8298343734411793,1.8298343734411793,1.8934171144241208,1.8934171144241208,0.0,0.0
468,0.2086942843945665,1.3981431517964804,1.189448867401914,486.3152869020809,378.59371637607023,1.4402962962962964,1.3731358024691356,1.2673027007321778,1.2673027007321778,0.2086942843945665,0.06716049382716083
469,0.7506107033742326,1.1383476006867512,1.8889583040609839,4667.884602861404,9501.07761078713,1.4144197530864198,1.8963950617283951,1.5984514251056918,1.5984514251056918,0.7506107033742326,0.48197530864197535
470,0.0,1.999999992060336,1.999999992060336,2713.6168836640804,1470.212634522333,1.9301393296747757,1.9301393296747757,1.9744505175605642,1.9744505175605642,0.0,0.0
471,0.06520848828983716,1.9347915042882327,1.9999999925780698,1342.6767992096559,795.2829718659749,1.8076997323462982,1.8076997323462982,1.8647273862957983,1.8647273862957983,0.06520848828983716,0.0
472,0.25047067913155985,1.2504706835948176,1.0000000044632578,2794.8776642526122,1881.4757809318342,1.2571356047121514,1.2571356047121514,1.172786272358906,1.172786272358906,0.25047067913155985,0.0
473,0.08206556659352948,1.9179344261183795,1.999999992711909,2551.214090550928,1734.740183366946,1.6569388732079053,1.6569388732079053,1.7211092140272155,1.7211092140272155,0.08206556659352948,0.0
474,0.0,1.999999992060336,1.999999992060336,3402.0319907487096,3550.158507198507,1.7814665322456085,1.7814665322456085,1.752145112006183,1.752145112006183,0.0,0.0
475,0.08196342812731983,1.0732823058485939,1.1552457339759137,1443.1578110890105,374.01201038996646,1.291529423340259,1.291529423340259,1.1475855295661563,1.1475855295661563,0.08196342812731983,0.0
476,0.0,1.999999992060336,1.999999992060336,2300.1850464328686,2508.4200396064903,1.9354793739472764,1.9354793739472764,1.906366733210566,1.906366733210566,0.0,0.0
477,0.0,1.0000000039698316,1.0000000039698316,4506.142840270355,1348.503257590937,1.533777777777778,1.0518024691358026,1.0167969355480357,1.0167969355480357,0.0,0.48197530864197535
478,0.13942481060076295,1.5940484239039998,1.7334732345047628,816.9156360757983,192.24990450586446,1.3972839506172838,1.6027160493827162,1.7104402802826666,1.7104402802826666,0.13942481060076295,0.20543209876543234
479,0.09852376766196524,1.098523771240674,1.0000000035787087,3321.533070000246,4833.86790422825,1.0753217624758422,1.0753217624758422,1.1602178928126428,1.1602178928126428,0.09852376766196524,0.0
480,0.0,1.0000000039698316,1.0000000039698316,5646.9788679333205,4665.158562334689,1.057629770988993,1.057629770988993,1.0553273939469043,1.0553273939469043,0.0,0.0
481,0.12499907180963765,1.636746818662043,1.7617458904716807,435.0832888232797,5101.510115777439,1.8035555555555556,1.7857777777777777,1.1836320096787096,1.1836320096787096,0.12499907180963765,0.017777777777777892
482,0.48694441027475577,1.0000000045826745,1.4869444148574302,3669.127638082747,4650.028337804872,1.270962962962963,1.3677530864197531,1.4262019485189223,1.4262019485189223,0.48694441027475577,0.09679012345679006
483,0.3215332737019647,1.263863219723918,1.5853964934258826,824.6167755231337,844.824816799849,1.3573333333333335,1.464,1.5845720153617315,1.5845720153617315,0.3215332737019647,0.10666666666666647
484,0.7999999999999998,1.9318553962618972,1.1318553962618974,3529.473201950213,3967.02083765729,1.8568888888888888,1.5724444444444443,1.905774042488169,1.905774042488169,0.7999999999999998,0.2844444444444445
485,0.5916202496424505,1.0000000036476973,1.5916202532901478,2432.6351308333046,3895.35935552575,1.3849876543209878,1.4225185185185185,1.156775834285804,1.156775834285804,0.5916202496424505,0.03753086419753071
486,0.22506232758330968,1.7527374491990837,1.527675121615774,804.3980015417324,294.3679175103046,1.5823233636531095,1.5823233636531095,1.632729707439366,1.632729707439366,0.22506232758330968,0.0
487,0.482084160141385,1.1378642157317285,1.6199483758731135,994.994079307579,1378.0999791815282,1.5728888888888888,1.9363456790123459,1.7978422552324922,1.7978422552324922,0.482084160141385,0.3634567901234571
488,0.2874955584628527,1.7125044330515788,1.9999999915144315,1927.563204932114,3250.531052957209,1.7684444444444445,1.9146172839506175,1.6585551325685204,1.6585551325685204,0.2874955584628527,0.146172839506173
489,0.0061943437711184934,1.5015483959552745,1.495354052184156,761.4756846647488,219.54708366130572,1.6633334822432593,1.6633334822432593,1.4342766528259152,1.4342766528259152,0.0061943437711184934,0.0
490,0.35325821974306715,1.979452322108228,1.626194102365161,845.918315580095,930.209995382729,1.8075061728395063,1.7699753086419752,1.739440834051085,1.739440834051085,0.35325821974306715,0.037530864197531155
491,0.39270365392141393,1.6560221982131067,1.2633185442916928,2853.2170706185802,1250.8343587568063,1.187111111111111,1.090320987654321,1.4632307975491388,1.4632307975491388,0.39270365392141393,0.09679012345679006
492,0.09995264015141192,1.9999999928539267,1.9000473527025148,670.6870592926368,694.065101227788,1.9323138437933878,1.9323138437933878,1.8855827661046303,1.8855827661046303,0.09995264015141192,0.0
493,0.7999999999999998,1.0000000040194545,1.8000000040194544,11235.571634597634,15225.57503681117,1.0676049382716049,1.3915555555555554,1.1639821966975807,1.1639821966975807,0.7999999999999998,0.3239506172839506
494,0.07761900622255347,1.1927764840746697,1.1151574778521163,1033.9815295088808,791.3915782328485,1.2798937825197614,1.2798937825197614,1.2528077525151342,1.2528077525151342,0.07761900622255347,0.0
495,0.0,1.999999992060336,1.999999992060336,2248.9379554254083,2303.6424198227087,1.866222222222222,1.9037530864197532,1.858835697907269,1.858835697907269,0.0,0.037530864197531155
496,0.6575847248042126,1.6575847293919546,1.000000004587742,4274.644852931544,8584.244834426701,1.533777777777778,1.0518024691358026,1.6891197643785474,1.6891197643785474,0.6575847248042126,0.48197530864197535
497,0.0,1.999999992060336,1.999999992060336,3149.7866880793426,3201.2294119615585,1.9017777777777778,1.884,1.8398388721973693,1.8398388721973693,0.0,0.017777777777777892
498,0.2868778387967401,1.7131221527103349,1.999999991507075,1846.6062470533202,2821.2968387674114,1.6909629629629628,1.8272592592592594,1.678455364848447,1.678455364848447,0.2868778387967401,0.13629629629629658
499,0.0,1.0000000039698316,1.0000000039698316,5135.505534280154,3875.3088190175094,1.0171853630548409,1.0171853630548409,1.0143418111268734,1.0143418111268734,0.0,0.0
