1,0.0,1.999999992060336,1.999999992060336,8625.49335808197,1697.56218865459,1.866222222222222,1.9037530864197532,1.8897153060123226,1.8897153060123226,0.0,0.037530864197531155
2,0.05359030783597474,1.4634392947780934,1.5170296026140682,922.72736798855,291.6964184816444,1.450617283950617,1.450617283950617,1.5744717042576495,1.5744717042576495,0.05359030783597474,0.0
3,0.7704883680858097,1.7704883726983671,1.0000000046125574,12387.593332414594,8112.045953287895,1.5223703703703706,1.1194074074074074,1.4102344807842524,1.4102344807842524,0.7704883680858097,0.4029629629629632
4,0.13947157696520618,1.8605284162024878,1.999999993167694,2673.232863241259,1221.5207572440333,1.673728395061728,1.7112592592592593,1.7167576799130733,1.7167576799130733,0.13947157696520618,0.037530864197531155
5,0.7061223715989655,1.7592379930316857,1.0531156214327202,7493.754718306442,2854.4002822994835,1.4591604938271605,1.13520987654321,1.2447588110237318,1.2447588110237318,0.7061223715989655,0.3239506172839506
6,0.07417533327639969,1.1883152866661424,1.1141399533897427,1428.4391777249698,283.32758344460746,1.1487654320987655,1.1487654320987655,1.1195480932355588,1.1195480932355588,0.07417533327639969,0.0
7,0.616511521586296,1.6165115250116613,1.0000000034253653,6368.178962099825,2231.0915311406047,1.356,1.0715555555555556,1.0672663674550564,1.0672663674550564,0.616511521586296,0.2844444444444445
8,0.7999999999999998,1.0000000040194545,1.8000000040194544,28927.742584465585,15936.945879329322,1.0636543209876543,1.427111111111111,1.1188589005053622,1.1188589005053622,0.7999999999999998,0.36345679012345666
9,0.11105959934618559,1.4366403164040333,1.3255807170578477,563.1207324749241,110.00073649257327,1.5114074074074075,1.3257283950617285,1.277566497453178,1.277566497453178,0.11105959934618559,0.18567901234567907
10,0.30749513826406183,1.692504853488555,1.9999999917526168,1315.8658605167413,695.2365491107579,1.7699753086419752,1.8075061728395063,1.753927255853826,1.753927255853826,0.30749513826406183,0.037530864197531155
11,0.12211945743568453,1.5896272845949508,1.7117467420306354,897.8130433984954,1830.8280937554512,1.722567901234568,1.819358024691358,1.38013606336829,1.38013606336829,0.12211945743568453,0.09679012345679006
12,0.7506487530297075,1.8210068572826268,1.0703581042529193,10147.360063711818,7478.960697644422,1.9481975308641974,1.466222222222222,1.3112667393931168,1.3112667393931168,0.7506487530297075,0.48197530864197535
13,0.35238226664729844,1.511158012906781,1.8635402795540794,4320.274574752434,1314.247190442705,1.6830617283950615,1.8292345679012345,1.7252610794083674,1.7252610794083674,0.35238226664729844,0.146172839506173
14,0.0,1.999999992060336,1.999999992060336,11574.573071108942,5176.410896275968,1.9006172839506172,1.9006172839506172,1.7985144329907887,1.7985144329907887,0.0,0.0
15,0.6150751511619896,1.0519192196811158,1.6669943708431054,7365.871420174071,2770.990816238203,1.2388148148148148,1.641777777777778,1.2766190706753393,1.2766190706753393,0.6150751511619896,0.4029629629629632
16,0.7085205780082231,1.0531367372533813,1.7616573152616044,3337.605521312668,2768.267441762425,1.4767407407407407,1.682172839506173,1.6949719283246498,1.6949719283246498,0.7085205780082231,0.20543209876543234
17,0.5463545226411175,1.0000000040520163,1.5463545266931338,15892.277549073584,9600.787690007175,1.0715555555555556,1.356,1.1691164795762454,1.1691164795762454,0.5463545226411175,0.2844444444444445
18,0.5638525435168082,1.0000000038957217,1.56385254741253,2533.672764050674,1170.8504884056042,1.2985185185185184,1.7014814814814816,1.912907986023049,1.912907986023049,0.5638525435168082,0.4029629629629632
19,0.06452354649061665,1.9819981543800063,1.9174746078893896,3052.6779345938307,2495.239145023611,1.5617283950617282,1.5617283950617282,1.487558194141434,1.487558194141434,0.06452354649061665,0.0
20,0.12114508131643742,1.8290418742965797,1.9501869556130171,613.2590895120812,79.77467876377125,1.7407407407407407,1.7407407407407407,1.8271033878605825,1.8271033878605825,0.12114508131643742,0.0
21,0.2148851493714079,1.3533570948304685,1.5682422442018764,1208.009498211706,321.0490869288202,1.5724444444444443,1.8568888888888888,1.5303927466456708,1.5303927466456708,0.2148851493714079,0.2844444444444445
22,0.09898888953134843,1.8892214462630217,1.9882103357943701,2679.6054051586116,611.6558758783734,1.826543209876543,1.826543209876543,1.7961168262188798,1.7961168262188798,0.09898888953134843,0.0
23,0.18206237868875164,1.2143013835658512,1.0322390048770995,206.58103378545695,79.5308352649504,1.2300246913580246,1.192493827160494,1.309473155168261,1.309473155168261,0.18206237868875164,0.03753086419753071
24,0.7999999999999998,1.9999999919610905,1.1999999919610906,9803.611734176762,1901.3409643544942,1.9006172839506172,1.9006172839506172,1.930789052847739,1.930789052847739,0.7999999999999998,0.0
25,0.5570998413676622,1.6065836686625283,1.0494838272948661,4856.309742034817,2668.6086578228983,1.356,1.0715555555555556,1.4681115265767117,1.4681115265767117,0.5570998413676622,0.2844444444444445
26,0.29572787727614935,1.429017543264025,1.1332896659878757,2007.5387263301968,737.7552639057724,1.458074074074074,1.361283950617284,1.3447315443386136,1.3447315443386136,0.29572787727614935,0.09679012345679006
27,0.0,1.0000000039698316,1.0000000039698316,13105.219688626168,4674.754538350542,1.0993827160493828,1.0993827160493828,1.1070224147571117,1.1070224147571117,0.0,0.0
28,0.6837062749787575,1.2547839500094273,1.9384902249881848,5925.401231067586,2305.185087250406,1.5724444444444443,1.8568888888888888,1.774978354291076,1.774978354291076,0.6837062749787575,0.2844444444444445
29,0.061645983164763773,1.0000000037251073,1.061645986889871,11342.203171168836,2169.111497598416,1.0993827160493828,1.0993827160493828,1.0566468876543258,1.0566468876543258,0.061645983164763773,0.0
30,0.7923962019120356,1.00000000417227,1.7923962060843057,14645.622894900307,6063.819269065481,1.466222222222222,1.9481975308641974,1.7625064788538747,1.7625064788538747,0.7923962019120356,0.48197530864197535
31,0.17191624365047264,1.1719162485815022,1.0000000049310296,3167.936228882297,1079.0385811115352,1.0993827160493828,1.0993827160493828,1.0843395580178918,1.0843395580178918,0.17191624365047264,0.0
32,0.2848029022739538,1.3560036264240747,1.071200724150121,791.5806949103469,127.05847812385558,1.2324444444444445,1.4576296296296296,1.2519916420842812,1.2519916420842812,0.2848029022739538,0.22518518518518515
33,0.47698708821974334,1.9999999906567703,1.523012902437027,4332.253068841227,2135.6447220901323,1.721679012345679,1.4174814814814813,1.6177964323528555,1.6177964323528555,0.47698708821974334,0.30419753086419776
34,0.009835399314486626,1.9999999921384262,1.9901645928239395,3171.7556539063876,695.1799831811243,1.9006172839506172,1.9006172839506172,1.9074610812375823,1.9074610812375823,0.009835399314486626,0.0
35,0.0,1.0000000039698316,1.0000000039698316,22374.185052564408,2903.1843552835167,1.0993827160493828,1.0993827160493828,1.0104602377751433,1.0104602377751433,0.0,0.0
36,0.7999999999999998,1.0000000040194545,1.8000000040194544,15129.823654641641,11599.940368915852,1.1036049382716049,1.5855802469135802,1.3274984924822357,1.3274984924822357,0.7999999999999998,0.48197530864197535
37,0.11275505036762024,1.9999999929555736,1.8872449425879534,2961.221458013207,2947.1617661149007,1.8512345679012345,1.8512345679012345,1.5903152261377502,1.5903152261377502,0.11275505036762024,0.0
38,0.17580161349794654,1.9999999901842132,1.8241983766862666,6162.237934302722,3272.2288928754647,1.8512345679012345,1.8512345679012345,1.7240920528968715,1.7240920528968715,0.17580161349794654,0.0
39,0.7745098495203622,1.9999999909365258,1.2254901414161636,9469.45967283418,5226.346019052128,1.7611851851851852,1.358222222222222,1.5317505644356109,1.5317505644356109,0.7745098495203622,0.4029629629629632
40,0.0,1.999999992060336,1.999999992060336,8613.869029037649,2198.15674287586,1.8512345679012345,1.8512345679012345,1.8775487173366676,1.8775487173366676,0.0,0.0
41,0.4521609793116026,1.0962860475422795,1.5484470268538821,2787.144606024794,1391.4349452289262,1.3731358024691356,1.4402962962962964,1.5258732308100584,1.5258732308100584,0.4521609793116026,0.06716049382716083
42,0.7999999999999998,1.0000000040194545,1.8000000040194544,13210.217970751246,4446.601674361259,1.1554074074074074,1.6373827160493828,1.921436390540352,1.921436390540352,0.7999999999999998,0.48197530864197535
43,0.5383303531489312,1.4430669652774042,1.9813973184263354,8259.276446744101,4280.379144557453,1.4174814814814813,1.721679012345679,1.5848472268898752,1.5848472268898752,0.5383303531489312,0.30419753086419776
44,0.0,1.0000000039698316,1.0000000039698316,2915.318824715889,761.024343547943,1.0993827160493828,1.0993827160493828,1.059392783968981,1.059392783968981,0.0,0.0
45,0.06232819560787961,1.7671992176935662,1.7048710220856866,943.4824428311529,121.45914314810517,1.7160493827160492,1.7160493827160492,1.6906089943806613,1.6906089943806613,0.06232819560787961,0.0
46,0.04442532783347408,1.9555746645795844,1.9999999924130585,5465.698829526317,1748.1598563229763,1.8512345679012345,1.8512345679012345,1.8479602327172164,1.8479602327172164,0.04442532783347408,0.0
47,0.7313589392043864,1.0000000035993017,1.7313589428036882,2309.0375034453746,1003.1907954886262,1.4455802469135803,1.809037037037037,1.7260064758901503,1.7260064758901503,0.7313589392043864,0.36345679012345666
48,0.22190688434678218,1.2219068889801301,1.000000004633348,19343.05368601034,4660.5465283251515,1.1337777777777776,1.0962469135802468,1.0284656184535632,1.0284656184535632,0.22190688434678218,0.03753086419753071
49,0.7638483077784666,1.9999999905079902,1.2361516827295236,13895.673168529056,5449.695051657045,1.9481975308641974,1.466222222222222,1.7842647784660979,1.7842647784660979,0.7638483077784666,0.48197530864197535
50,0.0,1.999999992060336,1.999999992060336,5991.664226324688,758.1466289548243,1.8512345679012345,1.8512345679012345,1.9600040899288884,1.9600040899288884,0.0,0.0
51,0.48094709072381825,1.5190529000036945,1.9999999907275128,11986.612386410821,3146.5323874855053,1.6198518518518519,1.845037037037037,1.8968042645664491,1.8968042645664491,0.48094709072381825,0.22518518518518515
52,0.06312481558366345,1.0631248193029001,1.0000000037192367,12060.133050448874,1508.9542850810265,1.0993827160493828,1.0993827160493828,1.0168037184378282,1.0168037184378282,0.06312481558366345,0.0
53,0.0,1.999999992060336,1.999999992060336,5061.650860934821,755.4440947289482,1.8512345679012345,1.8512345679012345,1.9439243853615749,1.9439243853615749,0.0,0.0
54,0.5405656008828785,1.0000000041037236,1.540565604986602,1388.311137786008,542.8724404472136,1.8272592592592594,1.6909629629629628,1.5912783695401467,1.5912783695401467,0.5405656008828785,0.13629629629629658
55,0.16122301557278274,1.579575103469144,1.4183520878963614,347.1721454643827,425.5295406577384,1.5555555555555554,1.5555555555555554,1.721664507949782,1.721664507949782,0.16122301557278274,0.0
56,0.0,1.999999992060336,1.999999992060336,5775.907983096461,2470.7700638990004,1.8024691358024691,1.8024691358024691,1.7695678796160992,1.7695678796160992,0.0,0.0
57,0.0,1.999999992060336,1.999999992060336,2741.3440715115753,1080.8116538426802,1.8024691358024691,1.8024691358024691,1.7867461209270674,1.7867461209270674,0.0,0.0
58,0.029099628776058317,1.6485604712373767,1.6194608424613184,594.9816160532644,718.5290318934598,1.6172839506172838,1.6172839506172838,1.4620785545076123,1.4620785545076123,0.029099628776058317,0.0
59,0.0067501082538323764,1.5404239264264592,1.5471740346802916,1076.4013345435856,184.09027914494163,1.6172839506172838,1.6172839506172838,1.4789593597379864,1.4789593597379864,0.0067501082538323764,0.0
60,0.4661342736913556,1.2556561655583838,1.7217904392497394,3967.5770680714318,2144.8561941352814,1.536,1.6426666666666665,1.6833457671894303,1.6833457671894303,0.4661342736913556,0.10666666666666647
61,0.09133702774052965,1.01680033698095,1.1081373647214796,2625.3803747296693,306.0938181532205,1.1487654320987655,1.1487654320987655,1.118823302199456,1.118823302199456,0.09133702774052965,0.0
62,0.09015787718819279,1.7341793323969013,1.6440214552087085,1411.667625150109,633.7239272828356,1.7407407407407407,1.7407407407407407,1.5617127577102572,1.5617127577102572,0.09015787718819279,0.0
63,0.011132386980833964,1.4678831409757447,1.4567507539949107,321.9229436799552,36.52594757588513,1.5185185185185184,1.5185185185185184,1.4712339740221771,1.4712339740221771,0.011132386980833964,0.0
64,0.03613052186542909,1.0361305256918285,1.0000000038263994,8513.405172334364,1529.767690520411,1.1487654320987655,1.1487654320987655,1.0649881072592335,1.0649881072592335,0.03613052186542909,0.0
65,0.12725154117680404,1.1272515446414684,1.0000000034646643,4388.359667790927,675.82145423687,1.179111111111111,1.5820740740740742,1.1706300481518939,1.1706300481518939,0.12725154117680404,0.4029629629629632
66,0.22421670579782527,1.0000000046195934,1.2242167104174186,9819.488223605285,1747.0737871625943,1.1487654320987655,1.1487654320987655,1.0060483886820557,1.0060483886820557,0.22421670579782527,0.0
67,0.618731915698131,1.8241590558749183,1.2054271401767873,6060.214669805334,3142.5631102706384,1.7611851851851852,1.358222222222222,1.391472379951784,1.391472379951784,0.618731915698131,0.4029629629629632
68,0.0647828491800242,1.7484343485721532,1.8132171977521774,684.8918668899402,1102.6012398987925,1.722567901234568,1.819358024691358,1.4610663184528303,1.4610663184528303,0.0647828491800242,0.09679012345679006
69,0.5397357392448692,1.0463051462725947,1.586040885517464,9330.7046015914,2487.990347950394,1.1431111111111112,1.4275555555555557,1.1103505253377381,1.1103505253377381,0.5397357392448692,0.2844444444444445
70,0.0,1.999999992060336,1.999999992060336,12801.905164908152,1933.6713764275312,1.9006172839506172,1.9006172839506172,1.9572509804010771,1.9572509804010771,0.0,0.0
71,0.04741034691953372,1.5581556428621257,1.510745295942592,513.3966957283399,979.5184985872511,1.5185185185185184,1.5185185185185184,1.2829988681414655,1.2829988681414655,0.04741034691953372,0.0
72,0.0,1.999999992060336,1.999999992060336,3003.798869268888,636.922264358088,1.9006172839506172,1.9006172839506172,1.8804432119471994,1.8804432119471994,0.0,0.0
73,0.1810866414987835,1.0000000048764222,1.1810866463752057,18848.184592292546,4371.864989158634,1.1487654320987655,1.1487654320987655,1.043343306890979,1.043343306890979,0.1810866414987835,0.0
74,0.5883313515731454,1.0000000036770742,1.5883313552502196,15356.771418101387,4148.541677658372,1.090320987654321,1.187111111111111,1.0843756430689537,1.0843756430689537,0.5883313515731454,0.09679012345679006
75,0.04338266734431073,1.4501632211963598,1.4935458885406705,636.0567690711778,281.737780001533,1.419753086419753,1.419753086419753,1.5767225121843782,1.5767225121843782,0.04338266734431073,0.0
76,0.3378619684401647,1.0000000039428647,1.3378619723830294,23810.82464299116,2765.1876170531964,1.0893333333333333,1.1959999999999997,1.0089505175133917,1.0089505175133917,0.3378619684401647,0.10666666666666647
77,0.603854448787819,1.6038544523262388,1.0000000035384198,14472.355315004419,7455.360253248691,1.535111111111111,1.309925925925926,1.310141752427248,1.310141752427248,0.603854448787819,0.22518518518518515
78,0.29036068516805624,1.3436185121748365,1.0532578270067803,808.0274188580142,207.45748938404415,1.3182716049382714,1.6817283950617286,1.232042702745602,1.232042702745602,0.29036068516805624,0.3634567901234571
79,0.5923555721286267,1.0000000036411292,1.5923555757697558,10939.65698465336,5045.547408983189,1.179111111111111,1.5820740740740742,1.136298345178754,1.136298345178754,0.5923555721286267,0.4029629629629632
80,0.021917721755008834,1.0000000038828218,1.0219177256378307,15576.590222355775,3392.8581329313947,1.0993827160493828,1.0993827160493828,1.0299317076329175,1.0299317076329175,0.021917721755008834,0.0
81,0.6787252206630634,1.6787252249675613,1.0000000043044979,38869.128596583745,5804.278242855206,1.533777777777778,1.0518024691358026,1.001521242339773,1.001521242339773,0.6787252206630634,0.48197530864197535
82,0.0,1.999999992060336,1.999999992060336,10560.068616892735,2688.1530743218327,1.9006172839506172,1.9006172839506172,1.8969862055795061,1.8969862055795061,0.0,0.0
83,0.4711431397760224,1.1177857822786552,1.5889289220546776,109.03985067153938,27.80183451366254,1.5114074074074075,1.3257283950617285,1.709659102029909,1.709659102029909,0.4711431397760224,0.18567901234567907
84,0.012834889495213275,1.4406210183785293,1.4534559078737426,816.324450206645,122.18467700977564,1.3209876543209875,1.3209876543209875,1.4889576204887043,1.4889576204887043,0.012834889495213275,0.0
85,0.3098787095401261,1.309878713649624,1.0000000041094979,5918.635278068548,3209.7632237655407,1.1734567901234567,1.1734567901234567,1.1088551171385472,1.1088551171385472,0.3098787095401261,0.0
86,0.08987522625000688,1.9101247665239087,1.9999999927739156,3058.999527295596,413.7784202365768,1.8512345679012345,1.8512345679012345,1.953888462825499,1.953888462825499,0.08987522625000688,0.0
87,0.0,1.0000000039698316,1.0000000039698316,11424.492085532087,1914.4087225484263,1.0993827160493828,1.0993827160493828,1.0497569671759528,1.0497569671759528,0.0,0.0
88,0.620901016514054,1.000000003386158,1.620901019900212,17355.87300668034,7978.700553374724,1.0636543209876543,1.427111111111111,1.2368855805188146,1.2368855805188146,0.620901016514054,0.36345679012345666
89,0.4016490231674492,1.5504033048195733,1.9520523279870226,4150.198695752862,1215.0571834063708,1.6909629629629628,1.8272592592592594,1.8808058742651899,1.8808058742651899,0.4016490231674492,0.13629629629629658
90,0.7556250147237349,1.0000000049112705,1.7556250196350054,6985.147323903676,4461.982815218239,1.0518024691358026,1.533777777777778,1.5377993399708536,1.5377993399708536,0.7556250147237349,0.48197530864197535
91,0.7999999999999998,1.0000000040194545,1.8000000040194544,20470.943605157223,13436.06372023999,1.1431111111111112,1.4275555555555557,1.4668282959676244,1.4668282959676244,0.7999999999999998,0.2844444444444445
92,0.7999999999999998,1.0000000040194545,1.8000000040194544,7734.7702516295385,5585.239848652242,1.0518024691358026,1.533777777777778,1.595455046192121,1.595455046192121,0.7999999999999998,0.48197530864197535
93,0.14214671248910982,1.5997376711600064,1.4575909586708966,1608.3599051779668,348.9003490460462,1.6268641975308642,1.5597037037037038,1.470209678902155,1.470209678902155,0.14214671248910982,0.06716049382716038
94,0.0,1.999999992060336,1.999999992060336,11569.0694605254,3032.851112578882,1.9006172839506172,1.9006172839506172,1.899032521387931,1.899032521387931,0.0,0.0
95,0.2941131995680677,1.2941132037714453,1.0000000042033776,2645.370131509515,1703.5893443284508,1.6861234567901235,1.4708148148148148,1.4377192690321383,1.4377192690321383,0.2941131995680677,0.21530864197530875
96,0.3993440341241832,1.9999999928464907,1.6006559587223075,4370.084109058984,1607.92765522867,1.8371358024691358,1.6514567901234567,1.773096864187571,1.773096864187571,0.3993440341241832,0.18567901234567907
97,0.6695443747589782,1.6695443791864824,1.0000000044275041,7134.869123748693,4125.489826935294,1.4433580246913578,1.1391604938271604,1.0321714860159474,1.0321714860159474,0.6695443747589782,0.3041975308641973
98,0.649415635488575,1.9266524254675144,1.2772367899789394,7687.446395318139,3041.3892332881705,1.5943703703703704,1.2704197530864199,1.7178497286610908,1.7178497286610908,0.649415635488575,0.3239506172839506
99,0.7999999999999998,1.0000000040194545,1.8000000040194544,16128.693934693374,6545.592864011439,1.0597037037037036,1.4626666666666668,1.1036512227269653,1.1036512227269653,0.7999999999999998,0.4029629629629632
100,0.7999999999999998,1.0000000040194545,1.8000000040194544,3466.031960034068,1437.7796733976973,1.8512345679012345,1.8512345679012345,1.848885229277025,1.848885229277025,0.7999999999999998,0.0
101,0.0,1.0000000039698316,1.0000000039698316,14106.697452430242,4178.024949840301,1.0993827160493828,1.0993827160493828,1.0770085888915142,1.0770085888915142,0.0,0.0
102,0.16196340313526347,1.8303518277252597,1.9923152308605232,1276.5367347221684,274.9437994807929,1.8512345679012345,1.8512345679012345,1.7987826840044656,1.7987826840044656,0.16196340313526347,0.0
103,0.7984785813951829,1.051850983920751,1.850329565315934,19909.841776097313,12697.490854416003,1.1036049382716049,1.5855802469135802,1.5048916593582544,1.5048916593582544,0.7984785813951829,0.48197530864197535
104,0.4672575174588318,1.963688999413501,1.4964314819546691,8070.199462764121,2705.7131192268293,1.9225185185185185,1.6973333333333334,1.854462312408364,1.854462312408364,0.4672575174588318,0.22518518518518515
105,0.3774827970241512,1.4291575369513936,1.0516747399272424,2393.363915599949,920.3932857853722,1.372246913580247,1.1569382716049383,1.3631189405324289,1.3631189405324289,0.3774827970241512,0.21530864197530875
106,0.6608234261256789,1.2364178605331573,1.8972412866588362,12216.127566819516,5642.053254636113,1.4732345679012346,1.7971851851851852,1.6023695819645944,1.6023695819645944,0.6608234261256789,0.3239506172839506
107,0.06416899617001182,1.1910489969168978,1.2552179930869096,1070.5583331469159,368.59046516687135,1.222222222222222,1.222222222222222,1.3471074193048294,1.3471074193048294,0.06416899617001182,0.0
108,0.005899265863450243,1.0058992698098626,1.0000000039464123,15680.311774077096,2370.971968860095,1.0993827160493828,1.0993827160493828,1.052542215914604,1.052542215914604,0.005899265863450243,0.0
109,0.0726563038676078,1.0000000036813983,1.072656307549006,3244.704561153265,894.7586707643236,1.0993827160493828,1.0993827160493828,1.1129286308354596,1.1129286308354596,0.0726563038676078,0.0
110,0.2957584762128316,1.0000000041935804,1.295758480406412,6543.406357580688,3925.247947469624,1.1734567901234567,1.1734567901234567,1.2431152497942286,1.2431152497942286,0.2957584762128316,0.0
111,0.3195355937072879,1.7658642135060765,1.4463286197987886,3047.7202758962826,2159.7801178020986,1.5632098765432099,1.4367901234567901,1.916027218613204,1.916027218613204,0.3195355937072879,0.12641975308641973
112,0.5717063038216597,1.0486607377220827,1.6203670415437423,7534.157866407139,4658.699312980276,1.1194074074074074,1.5223703703703706,1.300014913865501,1.300014913865501,0.5717063038216597,0.4029629629629632
113,0.5415554925856365,1.3443979278918825,1.885953420477519,5093.767952099826,2984.1117692823696,1.5724444444444443,1.8568888888888888,1.6351869940167163,1.6351869940167163,0.5415554925856365,0.2844444444444445
114,0.3379666514103592,1.999999992115517,1.6620333407051577,5998.717195191349,2457.7910675408402,1.8035555555555556,1.7857777777777777,1.824829206982822,1.824829206982822,0.3379666514103592,0.017777777777777892
115,0.34912686959928374,1.3491268734750688,1.000000003875785,4099.464926104178,2619.9570918756644,1.3677530864197531,1.270962962962963,1.4853151140157481,1.4853151140157481,0.34912686959928374,0.09679012345679006
116,0.0,1.999999992060336,1.999999992060336,10084.410034760396,2022.613763465257,1.9006172839506172,1.9006172839506172,1.9220643135681026,1.9220643135681026,0.0,0.0
117,0.7545140275892948,1.0000000049335984,1.7545140325228932,19392.30323526387,6995.591853379762,1.1431111111111112,1.4275555555555557,1.0155949953256804,1.0155949953256804,0.7545140275892948,0.2844444444444445
118,0.0,1.0000000039698316,1.0000000039698316,10629.33816679909,1433.0410179406388,1.0993827160493828,1.0993827160493828,1.004287373605624,1.004287373605624,0.0,0.0
119,0.2133453093238269,1.213345314008157,1.00000000468433,10959.450213632144,4703.339362174328,1.1487654320987655,1.1487654320987655,1.1269823438257391,1.1269823438257391,0.2133453093238269,0.0
120,0.18120930267024038,1.4223851627949513,1.6035944654651917,840.5490339769012,1045.993792668345,1.6172839506172838,1.6172839506172838,1.2534633577442826,1.2534633577442826,0.18120930267024038,0.0
121,0.19049929378605945,1.7825729610776158,1.9730722548636752,3097.849374647442,499.25170195994536,1.7857777777777777,1.8035555555555556,1.8344535122837544,1.8344535122837544,0.19049929378605945,0.017777777777777892
122,0.5691895111744385,1.4308104811294582,1.9999999923038967,14317.759741419313,6269.777333476494,1.6440000000000001,1.9284444444444446,1.8035340324428404,1.8035340324428404,0.5691895111744385,0.2844444444444445
123,0.25277167084568886,1.602079980444717,1.8548516512904059,1954.580367681256,731.9918190374751,1.7699753086419752,1.8075061728395063,1.6962459168776736,1.6962459168776736,0.25277167084568886,0.037530864197531155
124,0.45441245605173197,1.445618645498211,1.900031101549943,3371.3648096769202,1700.098898814648,1.6045925925925923,1.740888888888889,1.6537453285410715,1.6537453285410715,0.45441245605173197,0.13629629629629658
125,0.4215663644528673,1.5784336286582796,1.999999993111147,11881.202362282562,4178.449941286589,1.5700246913580245,1.7557037037037035,1.8258847155911506,1.8258847155911506,0.4215663644528673,0.18567901234567907
126,0.5066036071454469,1.4933963840403999,1.9999999911858468,7550.77328697685,3107.589078926592,1.6514567901234567,1.8371358024691358,1.7338536586846134,1.7338536586846134,0.5066036071454469,0.18567901234567907
127,0.11873784340596583,1.1187378469044282,1.0000000034984624,5050.944971916766,1059.6877617362175,1.1734567901234567,1.1734567901234567,1.096995248976408,1.096995248976408,0.11873784340596583,0.0
128,0.0,1.999999992060336,1.999999992060336,12282.120249754164,2195.7640818088776,1.8512345679012345,1.8512345679012345,1.934165348038893,1.934165348038893,0.0,0.0
129,0.29275012631458885,1.731459414796182,1.438709288481593,2577.9370833215703,896.5620842779241,1.6426666666666667,1.5359999999999998,1.6257393144762988,1.6257393144762988,0.29275012631458885,0.10666666666666691
130,0.0,1.0000000039698316,1.0000000039698316,1516.8729995667888,301.86472918005745,1.0993827160493828,1.0993827160493828,1.0365223870427691,1.0365223870427691,0.0,0.0
131,0.3113033087038821,1.5635639568567763,1.8748672655606584,2082.174746231378,441.96233712033415,1.812888888888889,1.909679012345679,1.8458894974683742,1.8458894974683742,0.3113033087038821,0.09679012345679006
132,0.2759578668483833,1.999999991377024,1.7240421245286406,9096.716385716214,2984.7394342517346,1.819358024691358,1.722567901234568,1.8231082751058163,1.8231082751058163,0.2759578668483833,0.09679012345679006
133,0.08488597392467323,1.9999999927343024,1.9151140188096292,5906.055575330323,2078.96939547715,1.9017777777777778,1.884,1.7880417068508958,1.7880417068508958,0.08488597392467323,0.017777777777777892
134,0.44916510848402114,1.0000000049201239,1.449165113404145,26139.225300923837,9374.096817301725,1.0784691358024692,1.293777777777778,1.0165347759234358,1.0165347759234358,0.44916510848402114,0.21530864197530875
135,0.5995092765557604,1.9070931943872875,1.3075839178315272,3929.153583970304,2157.4208024469094,1.6817283950617286,1.3182716049382714,1.5115603076093267,1.5115603076093267,0.5995092765557604,0.3634567901234571
136,0.6085923263653101,1.9819817820125518,1.3733894556472417,5565.6386856121835,1924.2020662352475,1.9363456790123459,1.5728888888888888,1.7357874367514547,1.7357874367514547,0.6085923263653101,0.3634567901234571
137,0.7999999999999998,1.1999999919610906,1.9999999919610905,6745.9251401257225,2541.0810557945338,1.3108148148148149,1.7927901234567902,1.6550555237593183,1.6550555237593183,0.7999999999999998,0.48197530864197535
138,0.7999999999999998,1.9999999919610905,1.1999999919610906,8497.692700641477,1469.7935229787113,1.9006172839506172,1.9006172839506172,1.9449810168053219,1.9449810168053219,0.7999999999999998,0.0
139,0.7999999999999998,1.8316257411393897,1.0316257411393899,19003.93905736642,13104.892252679781,1.533777777777778,1.0518024691358026,1.8208937460420163,1.8208937460420163,0.7999999999999998,0.48197530864197535
140,0.1577545872033066,1.8422454061095481,1.9999999933128547,5260.9409933477,701.5481727475648,1.9006172839506172,1.9006172839506172,1.9749000202674405,1.9749000202674405,0.1577545872033066,0.0
141,0.0,1.999999992060336,1.999999992060336,8476.777012104652,4340.309149227299,1.8512345679012345,1.8512345679012345,1.7459266024917977,1.7459266024917977,0.0,0.0
142,0.4921568011017503,1.3208595683995934,1.8130163695013437,3758.85037832865,2142.0608975780037,1.4767407407407407,1.682172839506173,1.7841555452167959,1.7841555452167959,0.4921568011017503,0.20543209876543234
143,0.16111472844976227,1.00000000499535,1.1611147334451122,2015.872108765975,190.7931592975044,1.4275555555555557,1.1431111111111112,1.286124267089979,1.286124267089979,0.16111472844976227,0.2844444444444445
144,0.0,1.0000000039698316,1.0000000039698316,3268.3794779101286,890.8786859923933,1.6373827160493828,1.1554074074074074,1.2472238663422968,1.2472238663422968,0.0,0.48197530864197535
145,0.7999999999999998,1.8000000040194544,1.0000000040194545,44053.80836164769,23008.415543380954,1.533777777777778,1.0518024691358026,1.1924436521137824,1.1924436521137824,0.7999999999999998,0.48197530864197535
146,0.4609969643116445,1.5390030260594743,1.9999999903711188,9636.985426935205,3201.370640955557,1.6514567901234567,1.8371358024691358,1.748806142250046,1.748806142250046,0.4609969643116445,0.18567901234567907
147,0.0,1.0000000039698316,1.0000000039698316,24641.27842328356,2882.2515424672542,1.0518024691358026,1.533777777777778,1.0254803871740648,1.0254803871740648,0.0,0.48197530864197535
148,0.4030680125742818,1.9999999928908412,1.5969319803165594,5086.530164242721,2726.954004621281,1.729037037037037,1.6322469135802469,1.7111353987860345,1.7111353987860345,0.4030680125742818,0.09679012345679006
149,0.30564750136003616,1.3056475054947299,1.0000000041346937,2116.463508805592,1578.09847256489,1.2300246913580246,1.192493827160494,1.3496421275689148,1.3496421275689148,0.30564750136003616,0.03753086419753071
150,0.5770021701753345,1.1426433199973511,1.7196454901726856,276.2080287707228,68.6007512198951,1.8075061728395063,1.7699753086419752,1.814578028858101,1.814578028858101,0.5770021701753345,0.037530864197531155
151,0.05265888573054589,1.296171791005654,1.2435129052751082,803.5701006236274,516.5376423957036,1.2442962962962962,1.4299753086419753,1.060425747890325,1.060425747890325,0.05265888573054589,0.18567901234567907
152,0.0,1.0000000039698316,1.0000000039698316,20626.552113958525,1788.9760277458954,1.0518024691358026,1.533777777777778,1.0011398205203328,1.0011398205203328,0.0,0.48197530864197535
153,0.036248800418739346,1.9999999923481397,1.9637511919294004,5076.964487759999,1399.0163162498575,1.9017777777777778,1.884,1.7769844226695164,1.7769844226695164,0.036248800418739346,0.017777777777777892
154,0.5815295799664084,1.9999999925243428,1.4184704125579344,6922.889721578109,3436.287575183109,1.7137777777777778,1.4293333333333333,1.9174876532220917,1.9174876532220917,0.5815295799664084,0.2844444444444445
155,0.35314740110275844,1.0000000038518435,1.353147404954602,2544.0240845047324,1755.566376440741,1.192493827160494,1.2300246913580246,1.595073036932241,1.595073036932241,0.35314740110275844,0.03753086419753071
156,0.6182405355533636,1.0000000034099217,1.6182405389632852,6751.451317576273,4426.77475023946,1.1569382716049383,1.372246913580247,1.325938222149201,1.325938222149201,0.6182405355533636,0.21530864197530875
157,0.06764733270387158,1.428237537299168,1.3605902045952964,562.4277216096482,688.9988313725906,1.4382716049382713,1.4382716049382713,1.1974312557960372,1.1974312557960372,0.06764733270387158,0.0
158,0.2838136194587797,1.6624265110033793,1.946240130462159,739.1509620486172,373.9758080696132,1.826543209876543,1.826543209876543,1.8635217476107688,1.8635217476107688,0.2838136194587797,0.0
159,0.19219078868925887,1.459523651251759,1.2673328625625002,835.0363898897209,347.63812431862897,1.3703703703703702,1.3703703703703702,1.405574164018491,1.405574164018491,0.19219078868925887,0.0
160,0.2081995965691359,1.9783270668938377,1.7701274703247019,1982.6273244550769,888.6572787084378,1.7037037037037035,1.7037037037037035,1.6799169271702972,1.6799169271702972,0.2081995965691359,0.0
161,0.0,1.999999992060336,1.999999992060336,2951.3177140395733,1992.186542805193,1.884,1.9017777777777778,1.6247294990987895,1.6247294990987895,0.0,0.017777777777777892
162,0.3950700596313492,1.9999999927955896,1.6049299331642404,15619.849192294449,2775.2850988752148,1.8371358024691358,1.6514567901234567,1.9043243143290323,1.9043243143290323,0.3950700596313492,0.18567901234567907
163,0.7999999999999998,1.8000000040194544,1.0000000040194545,8523.800914271196,5137.601415147634,1.4576296296296296,1.2324444444444445,1.7958131867694143,1.7958131867694143,0.7999999999999998,0.22518518518518515
164,0.0403146922889599,1.772315354360154,1.732000662071194,1899.9282628941387,1036.4353947791744,1.6790123456790123,1.6790123456790123,1.6034120506184046,1.6034120506184046,0.0403146922889599,0.0
165,0.577689897128927,1.7374831655942047,1.1597932684652776,585.5913647907312,66.78294261993715,1.5893333333333333,1.6071111111111112,1.789218174553546,1.789218174553546,0.577689897128927,0.017777777777777892
166,0.31218106680114577,1.6553716220908306,1.3431905552896848,1712.7562145811635,1074.3790163992164,1.2537283950617286,1.1865679012345678,1.2608641274095838,1.2608641274095838,0.31218106680114577,0.06716049382716083
167,0.08270014010030557,1.9999999927169476,1.917299852616642,3068.661943622028,546.2915631845125,1.826543209876543,1.826543209876543,1.8973205028054707,1.8973205028054707,0.08270014010030557,0.0
168,0.7999999999999998,1.0000000040194545,1.8000000040194544,18734.73712795036,11834.919762050655,1.4144197530864198,1.8963950617283951,1.6005772107284593,1.6005772107284593,0.7999999999999998,0.48197530864197535
169,0.6619854369597045,1.0000000045287805,1.661985441488485,18666.403971854666,11762.40062271133,1.0597037037037036,1.4626666666666668,1.7219100072312716,1.7219100072312716,0.6619854369597045,0.4029629629629632
170,0.1374467133140076,1.1881189240123216,1.050672210698314,1373.5161482983954,724.8672695056822,1.2716049382716048,1.2716049382716048,1.2813241541637859,1.2813241541637859,0.1374467133140076,0.0
171,0.6529411304591637,1.1160063035940504,1.768947434053214,560.4432813946421,307.14243888328997,1.8512345679012345,1.8512345679012345,1.6432063062154691,1.6432063062154691,0.6529411304591637,0.0
172,0.3159892278482306,1.0000000040731114,1.315989231921342,12788.137641049443,4436.70521559114,1.0962469135802468,1.1337777777777776,1.0195267251490785,1.0195267251490785,0.3159892278482306,0.03753086419753071
173,0.08409603368033025,1.4346057942806225,1.3505097606002923,861.5231130234777,336.0406044326984,1.376543209876543,1.376543209876543,1.5091541993210953,1.5091541993210953,0.08409603368033025,0.0
174,0.0,1.0000000039698316,1.0000000039698316,10575.044721004051,1608.9512309432391,1.0993827160493828,1.0993827160493828,1.025204742801275,1.025204742801275,0.0,0.0
175,0.19615290784646655,1.8038470825801203,1.9999999904265868,3106.545125259731,1352.19309926359,1.826543209876543,1.826543209876543,1.7703850877228695,1.7703850877228695,0.19615290784646655,0.0
176,0.7073303256955961,1.879351095849535,1.172020770153939,5566.738753617939,3450.14373542645,1.7409876543209877,1.2590123456790123,1.39811368487802,1.39811368487802,0.7073303256955961,0.48197530864197535
177,0.7496316589011291,1.9999999932910384,1.2503683343899092,6334.415211399477,1332.1383408046995,1.9481975308641974,1.466222222222222,1.8175539142079296,1.8175539142079296,0.7496316589011291,0.48197530864197535
178,0.26470770176964376,1.6819728170438477,1.9466805188134915,2563.1101205360715,935.0449884154456,1.7699753086419752,1.8075061728395063,1.7213331133416472,1.7213331133416472,0.26470770176964376,0.037530864197531155
179,0.36735246323054804,1.000000003767256,1.367352466997804,31283.574612269622,5222.659703198072,1.0784691358024692,1.293777777777778,1.014100016442077,1.014100016442077,0.36735246323054804,0.21530864197530875
180,0.37632405882618647,1.509816167013588,1.1334921081874014,3762.866840222467,2177.623773804351,1.4299753086419753,1.2442962962962962,1.2399932921664658,1.2399932921664658,0.37632405882618647,0.18567901234567907
181,0.1690017175645151,1.0000000049483848,1.1690017225129,16690.693104449427,3146.379942984256,1.0993827160493828,1.0993827160493828,1.017374653549047,1.017374653549047,0.1690017175645151,0.0
182,0.46314644686627116,1.7971360942049344,1.3339896473386632,3581.970210095982,765.0187951574825,1.7137777777777778,1.4293333333333333,1.849283990040006,1.849283990040006,0.46314644686627116,0.2844444444444445
183,0.05552196596451475,1.4419437564974802,1.497465722461995,883.1004369850959,281.7954868132386,1.4753086419753085,1.4753086419753085,1.3820488892628193,1.3820488892628193,0.05552196596451475,0.0
184,0.7765622322701349,1.0625776350629663,1.8391398673331012,10648.878535181471,4850.909219636464,1.0597037037037036,1.4626666666666668,1.3163422421058417,1.3163422421058417,0.7765622322701349,0.4029629629629632
185,0.3678434558321535,1.9446756255716278,1.5768321697394743,3853.0265383041187,1848.3542760582477,1.740888888888889,1.6045925925925923,1.6360138785264453,1.6360138785264453,0.3678434558321535,0.13629629629629658
186,0.08716160503700454,1.9999999927523702,1.9128383877153656,4206.627033967424,1611.5562342198753,1.9006172839506172,1.9006172839506172,1.772870028144872,1.772870028144872,0.08716160503700454,0.0
187,0.16142686605605494,1.2994460709426623,1.1380192048866073,537.0402590607932,192.4189865788869,1.1734567901234567,1.1734567901234567,1.2770931713322917,1.2770931713322917,0.16142686605605494,0.0
188,0.0,1.999999992060336,1.999999992060336,8055.9542345550935,1422.2077401338272,1.8512345679012345,1.8512345679012345,1.9383796167490572,1.9383796167490572,0.0,0.0
189,0.5904965916344898,1.3954347049002616,1.9859312965347513,11000.232943763025,5290.610565061959,1.3577777777777778,1.6422222222222222,1.5729728510222727,1.5729728510222727,0.5904965916344898,0.2844444444444445
190,0.3332636547473413,1.6667363373121653,1.9999999920595066,7520.0946053081725,2149.856173906538,1.7699753086419752,1.8075061728395063,1.8820417037993413,1.8820417037993413,0.3332636547473413,0.037530864197531155
191,0.0,1.999999992060336,1.999999992060336,7471.015129637774,2402.313677883155,1.8024691358024691,1.8024691358024691,1.8532060381045798,1.8532060381045798,0.0,0.0
192,0.36375827224555746,1.3637582760342162,1.0000000037886587,10964.971210572974,4899.014157058047,1.1734567901234567,1.1734567901234567,1.0710774906686105,1.0710774906686105,0.36375827224555746,0.0
193,0.4477862181862493,1.4477862231186895,1.0000000049324402,4215.368305869887,2718.514065073109,1.427111111111111,1.0636543209876543,1.1919894875642005,1.1919894875642005,0.4477862181862493,0.36345679012345666
194,0.4372076100511211,1.5627923832463058,1.9999999932974268,4907.043008187424,2539.2411112778454,1.7062222222222223,1.921530864197531,1.7219473346385525,1.7219473346385525,0.4372076100511211,0.21530864197530875
195,0.33543604695717644,1.335436050914487,1.0000000039573105,4942.6378612039525,4757.84052615913,1.3677530864197531,1.270962962962963,1.5436516336967208,1.5436516336967208,0.33543604695717644,0.09679012345679006
196,0.44029936909233314,1.5260216247371323,1.9663209938294655,2788.806534351868,1633.1708844859493,1.549283950617284,1.7645925925925927,1.9811119975147,1.9811119975147,0.44029936909233314,0.21530864197530875
197,0.08409691353442517,1.476017645551864,1.5601145590862893,976.630860977093,143.77541196683802,1.8114567901234568,1.7541728395061729,1.501852617891615,1.501852617891615,0.08409691353442517,0.057283950617283974
198,0.0,1.999999992060336,1.999999992060336,6538.372307948534,1355.3790936832565,1.9006172839506172,1.9006172839506172,1.8981635975467548,1.8981635975467548,0.0,0.0
199,0.13634623457124828,1.7767261640327328,1.913072398603981,942.761026639374,277.99655817474667,1.8512345679012345,1.8512345679012345,1.937286797128392,1.937286797128392,0.13634623457124828,0.0
200,0.47707029977066195,1.0000000046708712,1.4770703044415332,22773.52769520109,6656.033094890484,1.0715555555555556,1.356,1.0384807258678883,1.0384807258678883,0.47707029977066195,0.2844444444444445
201,0.16994880721507233,1.9887752810327124,1.81882647381764,1525.9781736105886,317.97877303726415,1.921530864197531,1.7062222222222223,1.745939629042963,1.745939629042963,0.16994880721507233,0.21530864197530875
202,0.06654722225353416,1.6520604833142793,1.5855132610607452,846.824832639555,48.58209505026876,1.450617283950617,1.450617283950617,1.657349771699741,1.657349771699741,0.06654722225353416,0.0
203,0.07940581433858318,1.079405817993187,1.0000000036546037,5495.904676773502,3782.6511185455074,1.1734567901234567,1.1734567901234567,1.2658779962222608,1.2658779962222608,0.07940581433858318,0.0
204,0.7062442289677926,1.7352334790632515,1.028989250095459,7107.396071018961,1797.594879965296,1.2853333333333332,1.1786666666666668,1.1173244829030753,1.1173244829030753,0.7062442289677926,0.10666666666666647
205,0.0,1.0000000039698316,1.0000000039698316,7895.591086701352,750.2788220445916,1.2226666666666666,1.0863703703703704,1.0088604699591066,1.0088604699591066,0.0,0.13629629629629614
206,0.07983401763169962,1.7046482173339668,1.6248141997022671,643.7243695502458,1131.3520169980575,1.7037037037037035,1.7037037037037035,1.9260030980214993,1.9260030980214993,0.07983401763169962,0.0
207,0.0,1.0000000039698316,1.0000000039698316,24171.936784663205,1899.72371290223,1.533777777777778,1.0518024691358026,1.0096311575388255,1.0096311575388255,0.0,0.48197530864197535
208,0.5655069020753802,1.5655069059563251,1.000000003880945,16187.151860003785,10891.629727885374,1.427111111111111,1.0636543209876543,1.4116412874246165,1.4116412874246165,0.5655069020753802,0.36345679012345666
209,0.14511784705955266,1.000000003393738,1.1451178504532906,9541.78523652376,8450.952228803837,1.1734567901234567,1.1734567901234567,1.4082465607899175,1.4082465607899175,0.14511784705955266,0.0
210,0.0,1.0000000039698316,1.0000000039698316,1440.8680279380192,382.4035440892678,1.533777777777778,1.0518024691358026,1.0208050489805565,1.0208050489805565,0.0,0.48197530864197535
211,0.5637369184945396,1.2981558885377922,1.8618928070323317,4020.7281217788172,1730.8236145762937,1.4455802469135801,1.8090370370370372,1.7905563561771505,1.7905563561771505,0.5637369184945396,0.3634567901234571
212,0.7999999999999998,1.1999999919610906,1.9999999919610905,609.4431482191086,835.9971030880315,1.8512345679012345,1.8512345679012345,1.5108250529471978,1.5108250529471978,0.7999999999999998,0.0
213,0.7999999999999998,1.1999999919610906,1.9999999919610905,9645.690121062213,1836.04928194453,1.466222222222222,1.9481975308641974,1.9646679087630061,1.9646679087630061,0.7999999999999998,0.48197530864197535
214,0.10971132574653675,1.8902886671848709,1.9999999929314076,3202.119977111458,1315.5973570959186,1.7699753086419752,1.8075061728395063,1.7588102835282797,1.7588102835282797,0.10971132574653675,0.037530864197531155
215,0.6770976485404057,1.67709765286671,1.0000000043263044,18178.34206025894,11533.300389467222,1.5223703703703706,1.1194074074074074,1.0586113391731375,1.0586113391731375,0.6770976485404057,0.4029629629629632
216,0.3791795464023213,1.2959907239676838,1.675170270370005,2906.1742149965007,1168.1045047822486,1.2502222222222223,1.4161481481481482,1.6338506096480319,1.6338506096480319,0.3791795464023213,0.1659259259259258
217,0.0,1.999999992060336,1.999999992060336,8363.27980994761,878.1495461906061,1.9006172839506172,1.9006172839506172,1.9883200881093992,1.9883200881093992,0.0,0.0
218,0.41095045448477885,1.0670444529774772,1.477994907462256,1377.265182358281,339.43812087318685,1.1391604938271604,1.4433580246913578,1.6310869462229574,1.6310869462229574,0.41095045448477885,0.3041975308641973
219,0.0,1.999999992060336,1.999999992060336,20769.00670641673,3365.5262507285815,1.9006172839506172,1.9006172839506172,1.952959179189667,1.952959179189667,0.0,0.0
220,0.11319294814571945,1.8868070448133307,1.9999999929590502,2435.27716431695,368.8983271547649,1.7530864197530862,1.7530864197530862,1.9103283393431354,1.9103283393431354,0.11319294814571945,0.0
221,0.7913995917854644,1.999999991615401,1.2086003998299366,22664.960043771218,6683.381870608628,1.9481975308641974,1.466222222222222,1.9652078994492106,1.9652078994492106,0.7913995917854644,0.48197530864197535
222,0.07165022240476127,1.0000000036853922,1.0716502260901535,2455.321277684975,552.88590591978,1.0993827160493828,1.0993827160493828,1.1354350548837553,1.1354350548837553,0.07165022240476127,0.0
223,0.757166402012114,1.9999999902394134,1.2428335882272994,6515.300258300088,397.90653043513606,1.9481975308641974,1.466222222222222,1.9773169579133807,1.9773169579133807,0.757166402012114,0.48197530864197535
224,0.38036311302140513,1.9999999926204375,1.6196368795990324,11137.617802769271,3605.27548377749,1.9136296296296296,1.777333333333333,1.8173909654711513,1.8173909654711513,0.38036311302140513,0.13629629629629658
225,0.7227357335541216,1.9999999925703258,1.2772642590162042,20972.399874332645,3703.344119171664,1.9481975308641974,1.466222222222222,1.870427186540379,1.870427186540379,0.7227357335541216,0.48197530864197535
226,0.0,1.999999992060336,1.999999992060336,6255.714225333324,1752.4912291189617,1.9006172839506172,1.9006172839506172,1.8808099875656608,1.8808099875656608,0.0,0.0
227,0.4875887239055099,1.0000000045769195,1.4875887284824294,7620.9207744915075,8711.469970847382,1.180641975308642,1.277432098765432,1.5976294818711416,1.5976294818711416,0.4875887239055099,0.09679012345679006
228,0.31414118251165046,1.000000004084116,1.3141411865957664,5348.000010376815,3054.6836483824895,1.1487654320987655,1.1487654320987655,1.2564743251003634,1.2564743251003634,0.31414118251165046,0.0
229,0.48032233395404145,1.999999990716352,1.5196776567623105,11098.865144790123,3444.3510876604464,1.9225185185185185,1.6973333333333334,1.8610207506632057,1.8610207506632057,0.48032233395404145,0.22518518518518515
230,0.39533093432410693,1.8317400001560955,1.4364090658319886,2162.2028305539743,861.1849815090983,1.458074074074074,1.361283950617284,1.7553823225049645,1.7553823225049645,0.39533093432410693,0.09679012345679006
231,0.6165986504092889,1.9873269330735364,1.3707282826642475,4642.8071985235865,1686.6554087337597,1.5039506172839507,1.4960493827160493,1.8152330850767218,1.8152330850767218,0.6165986504092889,0.007901234567901483
232,0.6754374881903256,1.0000000043485475,1.675437492538873,31674.51103051821,8776.96385240454,1.0636543209876543,1.427111111111111,1.0708822028113638,1.0708822028113638,0.6754374881903256,0.36345679012345666
233,0.7630987662661832,1.236901224211679,1.9999999904778623,12903.072620611674,2968.091921489608,1.466222222222222,1.9481975308641974,1.8241829870394881,1.8241829870394881,0.7630987662661832,0.48197530864197535
234,0.58932145029488,1.4106785423686587,1.9999999926635388,7017.710660802687,1927.9862977689797,1.5728888888888888,1.9363456790123459,1.9525952876967916,1.9525952876967916,0.58932145029488,0.3634567901234571
235,0.0,1.999999992060336,1.999999992060336,6673.308072898773,1449.9244848021572,1.9006172839506172,1.9006172839506172,1.883153559689585,1.883153559689585,0.0,0.0
236,0.1877161662524811,1.4086573079005682,1.5963734741530493,1125.0807941838514,1040.0878617261108,1.5,1.5,1.292723536025596,1.292723536025596,0.1877161662524811,0.0
237,0.4972304136309007,1.406568400175656,1.9037988138065567,3061.8551428547694,1490.0902597836189,1.5700246913580245,1.7557037037037035,1.6309680167781717,1.6309680167781717,0.4972304136309007,0.18567901234567907
238,0.24676067734235296,1.2467606818277028,1.0000000044853499,3033.0306864188365,590.6685365017089,1.4293333333333333,1.7137777777777778,1.4303391911052439,1.4303391911052439,0.24676067734235296,0.2844444444444445
239,0.7843540597947611,1.8846439062508218,1.1002898464560606,11291.063808655312,8216.612531207184,1.641777777777778,1.2388148148148148,1.7359351063234434,1.7359351063234434,0.7843540597947611,0.4029629629629632
240,0.39747303523837507,1.4627119557419428,1.0652389205035677,6053.34479727325,4566.682864967586,1.5855802469135802,1.1036049382716049,1.5959764098716918,1.5959764098716918,0.39747303523837507,0.48197530864197535
241,0.6433616738414467,1.3566383166019427,1.9999999904433894,20585.473748462555,4733.032738056972,1.5373333333333332,1.9402962962962964,1.91594688814217,1.91594688814217,0.6433616738414467,0.4029629629629632
242,0.7549546535668252,1.7649296737952866,1.0099750202284614,12279.470764573196,6672.200906227718,1.4907654320987653,1.1273086419753087,1.1547977433624164,1.1547977433624164,0.7549546535668252,0.36345679012345666
243,0.0464552977014101,1.953544694727766,1.999999992429176,7264.614227447314,932.5053467745355,1.9006172839506172,1.9006172839506172,1.9683966025413209,1.9683966025413209,0.0464552977014101,0.0
244,0.0871248152494184,1.087124818873379,1.0000000036239607,9995.405456327411,10950.431006175164,1.0993827160493828,1.0993827160493828,1.5752002813983466,1.5752002813983466,0.0871248152494184,0.0
245,0.46572023277214125,1.9999999904554966,1.5342797576833553,9673.807950765922,3268.850983633168,1.9284444444444446,1.6440000000000001,1.8541982396993775,1.8541982396993775,0.46572023277214125,0.2844444444444445
246,0.0,1.0000000039698316,1.0000000039698316,11569.927712453193,1288.7960662800501,1.0993827160493828,1.0993827160493828,1.0107927792342892,1.0107927792342892,0.0,0.0
247,0.4720291629240818,1.442458483771489,1.914487646695571,2583.666470808241,1127.3033829862884,1.4708148148148148,1.6861234567901235,1.4549569219347886,1.4549569219347886,0.4720291629240818,0.21530864197530875
248,0.0,1.0000000039698316,1.0000000039698316,7630.630733780553,2028.6452424303648,1.0993827160493828,1.0993827160493828,1.0902624829525616,1.0902624829525616,0.0,0.0
249,0.0,1.999999992060336,1.999999992060336,8829.357870081347,2671.0101636437735,1.8512345679012345,1.8512345679012345,1.8559357500043157,1.8559357500043157,0.0,0.0
250,0.5944532520133374,1.0000000036223926,1.59445325563573,26400.222391701696,8462.593695334092,1.0774814814814815,1.3026666666666666,1.109421547480892,1.109421547480892,0.5944532520133374,0.22518518518518515
251,0.17315981988189932,1.1731598248055235,1.0000000049236242,25787.23870220658,3597.369422767321,1.116,1.0982222222222222,1.0088647560337176,1.0088647560337176,0.17315981988189932,0.017777777777777892
252,0.7999999999999998,1.1999999919610906,1.9999999919610905,13010.992313125604,4596.266596727014,1.2985185185185184,1.7014814814814816,1.9256647044470134,1.9256647044470134,0.7999999999999998,0.4029629629629632
253,0.2401338323804163,1.7581755241715453,1.518041691791129,1281.1767556658353,3149.569930743633,1.6031604938271604,1.595259259259259,1.239607372191807,1.239607372191807,0.2401338323804163,0.007901234567901483
254,0.5856804376197378,1.0000000037007524,1.5856804413204901,29585.81775865897,5635.086546365818,1.0715555555555556,1.356,1.0316375912607039,1.0316375912607039,0.5856804376197378,0.2844444444444445
255,0.10220108397420935,1.0480445240576801,1.1502456080318895,936.8694113791457,155.6388192248314,1.1487654320987655,1.1487654320987655,1.1749774897154381,1.1749774897154381,0.10220108397420935,0.0
256,0.2177755993207091,1.4762970676650313,1.6940726669857404,677.0515777648923,239.99769469042823,1.4960493827160493,1.5039506172839507,1.6304881879191877,1.6304881879191877,0.2177755993207091,0.007901234567901483
257,0.17161086314064367,1.2761445848118385,1.1045337216711948,1149.8366365888392,143.83900723593646,1.2862222222222222,1.5706666666666667,1.3598806928022458,1.3598806928022458,0.17161086314064367,0.2844444444444445
258,0.5096029856368252,1.9656087461048295,1.4560057604680043,5916.287405971879,3597.8102457013997,1.6520987654320989,1.3479012345679011,1.863207768077585,1.863207768077585,0.5096029856368252,0.30419753086419776
259,0.7576729528594366,1.7576729577295491,1.0000000048701125,2942.532699522711,524.0065822431983,1.9481975308641974,1.466222222222222,1.7323481218767607,1.7323481218767607,0.7576729528594366,0.48197530864197535
260,0.5579497015606738,1.4420502905424324,1.9999999921031062,4739.955884568051,1908.9064873340456,1.6830617283950615,1.8292345679012345,1.8670396450714608,1.8670396450714608,0.5579497015606738,0.146172839506173
261,0.4109276380430207,1.4109276415507976,1.000000003507777,7960.121336030648,6697.046476801482,1.6125925925925926,1.3874074074074074,1.7550572469062065,1.7550572469062065,0.4109276380430207,0.22518518518518515
262,0.10431966147606486,1.8956803314125346,1.9999999928885994,6015.281917072806,3094.348382039255,1.9006172839506172,1.9006172839506172,1.7296333929756165,1.7296333929756165,0.10431966147606486,0.0
263,0.09272981107600753,1.185480545332384,1.0927507342563765,2185.330861018196,296.9985370872396,1.1734567901234567,1.1734567901234567,1.1877778738599118,1.1877778738599118,0.09272981107600753,0.0
264,0.531851935972901,1.000000004181555,1.5318519401544561,14643.086036895103,8542.099131212219,1.0715555555555556,1.356,1.3864361104486749,1.3864361104486749,0.531851935972901,0.2844444444444445
265,0.33449981365065984,1.6655001784235686,1.9999999920742284,12586.59932682267,2359.797259163511,1.777333333333333,1.9136296296296296,1.945711956401258,1.945711956401258,0.33449981365065984,0.13629629629629658
266,0.7999999999999998,1.9999999919610905,1.1999999919610906,14034.004558249095,1709.1929492499762,1.8963950617283951,1.4144197530864198,1.9198068364492307,1.9198068364492307,0.7999999999999998,0.48197530864197535
267,0.14784850882798306,1.147848512210881,1.000000003382898,8180.956339078968,11676.62285034694,1.0993827160493828,1.0993827160493828,1.64230088880805,1.64230088880805,0.14784850882798306,0.0
268,0.7999999999999998,1.0000000040194545,1.8000000040194544,17359.9243826476,9710.015201197844,1.0518024691358026,1.533777777777778,1.231539845922117,1.231539845922117,0.7999999999999998,0.48197530864197535
269,0.0,1.0000000039698316,1.0000000039698316,17077.24825935664,6792.007104836121,1.0993827160493828,1.0993827160493828,1.1512859226623213,1.1512859226623213,0.0,0.0
270,0.0,1.0000000039698316,1.0000000039698316,11351.029181938351,2844.8315702535,1.0993827160493828,1.0993827160493828,1.0641437220865784,1.0641437220865784,0.0,0.0
271,0.32807508058500323,1.151646626955563,1.4797217075405662,2090.6916462368945,1110.8193956352936,1.0942716049382717,1.1515555555555557,1.2706966324294036,1.2706966324294036,0.32807508058500323,0.057283950617283974
272,0.503758212495923,1.6919669772817916,1.1882087647858686,5961.226088110296,2983.9519064532774,1.4907654320987653,1.1273086419753087,1.367856628922928,1.367856628922928,0.503758212495923,0.36345679012345666
273,0.7999999999999998,1.8000000040194544,1.0000000040194545,8588.637323763018,6028.183815558825,1.6373827160493828,1.1554074074074074,1.4640116206410856,1.4640116206410856,0.7999999999999998,0.48197530864197535
274,0.7100510871084849,1.8402262325382508,1.130175145429766,8967.990267168809,5128.1927940092355,1.5820740740740742,1.179111111111111,1.5512005585060236,1.5512005585060236,0.7100510871084849,0.4029629629629632
275,0.2943866003216282,1.7056133912748723,1.9999999915965005,9769.853424278446,3246.358577784959,1.826543209876543,1.826543209876543,1.8731092290359594,1.8731092290359594,0.2943866003216282,0.0
276,0.0017419270657046404,1.0764995545483884,1.078241481614093,3952.0429656479523,987.658236373519,1.0962469135802468,1.1337777777777776,1.2117686935092893,1.2117686935092893,0.0017419270657046404,0.03753086419753071
277,0.7999999999999998,1.1999999919610906,1.9999999919610905,5582.406547155646,1247.3759509895053,1.9006172839506172,1.9006172839506172,1.9020097085616174,1.9020097085616174,0.7999999999999998,0.0
278,0.05346113070913949,1.4989400013950345,1.445478870685895,952.3932318455826,128.12938479364058,1.5,1.5,1.4810220980916702,1.4810220980916702,0.05346113070913949,0.0
279,0.1336379662566709,1.7652589633054134,1.6316209970487425,1218.9710747069037,332.2001072535747,1.5681481481481483,1.4318518518518517,1.7855135306020125,1.7855135306020125,0.1336379662566709,0.13629629629629658
280,0.5699327529364613,1.4300672393807128,1.999999992317174,9874.953014875631,2978.451077061996,1.500888888888889,1.7853333333333334,1.861336798810465,1.861336798810465,0.5699327529364613,0.2844444444444445
281,0.10924067834136952,1.0000000035361645,1.109240681877534,1811.8556911701908,448.29388302899946,1.1487654320987655,1.1487654320987655,1.101846161737897,1.101846161737897,0.10924067834136952,0.0
282,0.22603170759850233,1.3751041061266838,1.1490723985281814,2687.5684182352325,1732.7382148578283,1.259259259259259,1.259259259259259,1.134905728808062,1.134905728808062,0.22603170759850233,0.0
283,0.04655188231149632,1.9534481101184462,1.9999999924299425,3637.7231874321146,828.705669758598,1.8512345679012345,1.8512345679012345,1.8721917718129433,1.8721917718129433,0.04655188231149632,0.0
284,0.20835479057791062,1.0813881918268526,1.2897429824047633,5913.245329231805,1249.6446032605209,1.1569382716049383,1.372246913580247,1.1629901755412726,1.1629901755412726,0.20835479057791062,0.21530864197530875
285,0.7043356543631711,1.195192767678046,1.8995284220412172,14261.600306366643,9044.590307295322,1.2072098765432098,1.6891851851851851,1.542147311610018,1.542147311610018,0.7043356543631711,0.48197530864197535
286,0.08573957715424418,1.6597999818564422,1.7455395590106864,1202.6252092886637,234.29099090041112,1.6514567901234567,1.8371358024691358,1.5993771583014842,1.5993771583014842,0.08573957715424418,0.18567901234567907
287,0.0,1.0000000039698316,1.0000000039698316,35325.11270453415,4969.600009267366,1.533777777777778,1.0518024691358026,1.0048686438480914,1.0048686438480914,0.0,0.48197530864197535
288,0.0,1.0000000039698316,1.0000000039698316,18403.309736752457,2998.640830259646,1.0993827160493828,1.0993827160493828,1.0279897211538622,1.0279897211538622,0.0,0.0
289,0.4046453400634715,1.0000000035451864,1.404645343608658,8671.236678547884,6119.742176948605,1.0863703703703704,1.2226666666666666,1.4097975125038624,1.4097975125038624,0.4046453400634715,0.13629629629629614
290,0.7600720936930236,1.0000000048218964,1.76007209851492,12451.746353949435,7633.868666251966,1.2590123456790123,1.7409876543209877,1.6672155199760748,1.6672155199760748,0.7600720936930236,0.48197530864197535
291,0.7999999999999998,1.158376886814502,1.9583768868145017,3469.7728471705677,1776.9301470073294,1.5566419753086422,1.8608395061728396,1.7319144272292553,1.7319144272292553,0.7999999999999998,0.3041975308641973
292,0.7999999999999998,1.1999999919610906,1.9999999919610905,16878.20664364191,3513.92915165224,1.4144197530864198,1.8963950617283951,1.8996339852492858,1.8996339852492858,0.7999999999999998,0.48197530864197535
293,0.6925322654671837,1.7625702876095892,1.0700380221424055,15776.621201098722,7964.493735728267,1.5223703703703706,1.1194074074074074,1.2973699019858786,1.2973699019858786,0.6925322654671837,0.4029629629629632
294,0.0,1.999999992060336,1.999999992060336,12230.366383789958,1626.938793574857,1.9006172839506172,1.9006172839506172,1.9729711487555535,1.9729711487555535,0.0,0.0
295,0.5904124618966913,1.0000000036584853,1.5904124655551766,18397.221252791456,10618.488400731321,1.2324444444444445,1.4576296296296296,1.3094041863344255,1.3094041863344255,0.5904124618966913,0.22518518518518515
296,0.7209831640233912,1.901228954612215,1.1802457905888237,712.5211461083284,84.89222324684047,1.8512345679012345,1.8512345679012345,1.8329516083688697,1.8329516083688697,0.7209831640233912,0.0
297,0.7999999999999998,1.1999999919610906,1.9999999919610905,2280.4540669002063,4006.170984694586,1.9006172839506172,1.9006172839506172,1.4366469710395873,1.4366469710395873,0.7999999999999998,0.0
298,0.0,1.0000000039698316,1.0000000039698316,15648.600172106304,2260.3524670686056,1.0993827160493828,1.0993827160493828,1.01623127118387,1.01623127118387,0.0,0.0
299,0.5709627736213752,1.9999999923355747,1.4290372187141995,12147.886111789347,4820.70595325839,1.9402962962962964,1.5373333333333332,1.769690781618425,1.769690781618425,0.5709627736213752,0.4029629629629632
300,0.2917059610700372,1.444519605306199,1.1528136442361618,4098.542851245088,1644.0233466973123,1.3746666666666665,1.268,1.3711066616461727,1.3711066616461727,0.2917059610700372,0.10666666666666647
301,0.025462069167724977,1.974537923094772,1.999999992262497,6371.112267425435,2390.155979740767,1.9006172839506172,1.9006172839506172,1.8008813012012763,1.8008813012012763,0.025462069167724977,0.0
302,0.0,1.0000000039698316,1.0000000039698316,6416.748981749502,1103.2577963170181,1.0993827160493828,1.0993827160493828,1.0310582181444181,1.0310582181444181,0.0,0.0
303,0.09020743759168282,1.0570059116086405,1.1472133492003234,1669.1042891751579,289.67864274834216,1.0993827160493828,1.0993827160493828,1.1460520095626385,1.1460520095626385,0.09020743759168282,0.0
304,0.19238360901207185,1.80739683354553,1.9997804425576018,1495.667879317399,392.59001344098635,1.8512345679012345,1.8512345679012345,1.8643762903328238,1.8643762903328238,0.19238360901207185,0.0
305,0.0,1.999999992060336,1.999999992060336,4326.852858123756,880.9219423276386,1.8512345679012345,1.8512345679012345,1.9145504653233805,1.9145504653233805,0.0,0.0
306,0.01079248875254546,1.0107924926795326,1.0000000039269872,3490.2920548935745,1745.9925235477008,1.1487654320987655,1.1487654320987655,1.2463157017087294,1.2463157017087294,0.01079248875254546,0.0
307,0.7999999999999998,1.8000000040194544,1.0000000040194545,14164.853217251763,7918.110380894476,1.4626666666666668,1.0597037037037036,1.1929229085588726,1.1929229085588726,0.7999999999999998,0.4029629629629632
308,0.058363137315586844,1.141112716613727,1.1994758539293138,1498.1104676169114,172.9541934127553,1.222222222222222,1.222222222222222,1.1766654639721874,1.1766654639721874,0.058363137315586844,0.0
309,0.2981784327005803,1.6484543442916335,1.9466327769922138,1902.2484082186156,655.2922910351177,1.7160493827160492,1.7160493827160492,1.7475591427859907,1.7475591427859907,0.2981784327005803,0.0
310,0.12526922190740875,1.1415220103880872,1.0162527884806785,5643.675766242261,1141.4355482608737,1.0993827160493828,1.0993827160493828,1.139414422761792,1.139414422761792,0.12526922190740875,0.0
311,0.38775943362348997,1.6122405590850333,1.9999999927085232,4562.887632869278,2006.717787754673,1.826543209876543,1.826543209876543,1.9492424775949326,1.9492424775949326,0.38775943362348997,0.0
312,0.003982668416754542,1.000000003954021,1.0039826723707757,2463.2902415080703,427.3474079312383,1.0993827160493828,1.0993827160493828,1.073966097046629,1.073966097046629,0.003982668416754542,0.0
313,0.06345332634452783,1.7178420045875133,1.6543886782429855,1036.4031348094413,105.96779939873457,1.6172839506172838,1.6172839506172838,1.7360481582312677,1.7360481582312677,0.06345332634452783,0.0
314,0.300275306933099,1.0000000041666837,1.3002753110997827,6413.003446556234,3681.7771191484912,1.1734567901234567,1.1734567901234567,1.0434639998136732,1.0434639998136732,0.300275306933099,0.0
315,0.0,1.999999992060336,1.999999992060336,3437.5213047205025,1844.4765876564372,1.826543209876543,1.826543209876543,1.7263111927629085,1.7263111927629085,0.0,0.0
316,0.2782750481365639,1.6704424582565978,1.9487175063931617,1406.5074726743246,576.8396796951025,1.6666666666666665,1.6666666666666665,1.699553318273382,1.699553318273382,0.2782750481365639,0.0
317,0.5626225019875388,1.5626225058942476,1.0000000039067087,11547.022623572808,7490.412866895863,1.356,1.0715555555555556,1.477373356863981,1.477373356863981,0.5626225019875388,0.2844444444444445
318,0.7999999999999998,1.1999999919610906,1.9999999919610905,11233.931951747149,1716.8831614324765,1.466222222222222,1.9481975308641974,1.8609313384465713,1.8609313384465713,0.7999999999999998,0.48197530864197535
319,0.5284642493053733,1.5284642535171877,1.0000000042118145,955.2986447636683,619.1292035665481,1.6189629629629632,1.5715555555555556,1.4590531919542038,1.4590531919542038,0.5284642493053733,0.047407407407407565
320,0.1382019775650316,1.9999999931576136,1.861798015592582,5297.691011741164,1239.6124006435168,1.6071111111111112,1.5893333333333333,1.8201820519783096,1.8201820519783096,0.1382019775650316,0.017777777777777892
321,0.466804945000427,1.7856226151899015,1.3188176701894745,3114.227708962824,942.8453038501993,1.8805925925925926,1.4776296296296294,1.7189304978850484,1.7189304978850484,0.466804945000427,0.4029629629629632
322,0.7999999999999998,1.9999999919610905,1.1999999919610906,4317.129086980281,1784.4746159503657,1.7853333333333334,1.500888888888889,1.5786995298523872,1.5786995298523872,0.7999999999999998,0.2844444444444445
323,0.20192323850786043,1.2019232432602058,1.0000000047523454,7505.253256141296,2970.6945139896434,1.1734567901234567,1.1734567901234567,1.1140616080680856,1.1140616080680856,0.20192323850786043,0.0
324,0.020399719208775036,1.9999999922223033,1.9796002730135283,5133.302305606502,613.8211384534362,1.826543209876543,1.826543209876543,1.9453460645789353,1.9453460645789353,0.020399719208775036,0.0
325,0.5467617604981476,1.0000000040483787,1.5467617645465264,3818.402984392962,1880.8935588835905,1.256148148148148,1.402320987654321,1.2056942984024248,1.2056942984024248,0.5467617604981476,0.146172839506173
326,0.07015902204544622,1.0701590257367581,1.000000003691312,10367.427522198659,2600.494890336182,1.0993827160493828,1.0993827160493828,1.1169526922996735,1.1169526922996735,0.07015902204544622,0.0
327,0.3955355601129429,1.5217416738279543,1.9172772339408972,3599.8892786679266,1464.514269537374,1.453037037037037,1.6979753086419753,1.8282225477697622,1.8282225477697622,0.3955355601129429,0.24493827160493842
328,0.05708992373249444,1.9429100687811165,1.999999992513611,4582.459912984736,589.4600872700698,1.9006172839506172,1.9006172839506172,1.9121306636033841,1.9121306636033841,0.05708992373249444,0.0
329,0.6276952130697042,1.0000000049882072,1.6276952180579114,8151.965267101278,5607.07099817872,1.0715555555555556,1.356,1.4343672679582382,1.4343672679582382,0.6276952130697042,0.2844444444444445
330,0.47946203817416544,1.985376306130495,1.5059142679563295,5769.542451498505,3068.4708004915033,1.918567901234568,1.732888888888889,1.670932104983899,1.670932104983899,0.47946203817416544,0.18567901234567907
331,0.11505141655284667,1.9999999929738057,1.884948576420959,6218.563193714123,3084.8491281818183,1.8075061728395063,1.7699753086419752,1.7144556954150385,1.7144556954150385,0.11505141655284667,0.037530864197531155
332,0.0,1.0000000039698316,1.0000000039698316,15835.460712290718,1920.4631023003353,1.0993827160493828,1.0993827160493828,1.0097003434238154,1.0097003434238154,0.0,0.0
333,0.051449894340207525,1.3715726413740643,1.3201227470338568,627.3378289032987,203.08428666131286,1.333333333333333,1.333333333333333,1.4161644924622336,1.4161644924622336,0.051449894340207525,0.0
334,0.3174611622379637,1.9377250898892984,1.6202639276513346,1376.9545542814524,800.9185755625824,1.740888888888889,1.6045925925925923,1.5529567173077403,1.5529567173077403,0.3174611622379637,0.13629629629629658
335,0.32866380162586806,1.9873239462376635,1.6586601446117955,4348.868676825734,1862.7608253617693,1.826543209876543,1.826543209876543,1.903900139191895,1.903900139191895,0.32866380162586806,0.0
336,0.7610647917345701,1.9999999903961074,1.2389351986615373,15286.780227780528,5337.516046230538,1.9402962962962964,1.5373333333333332,1.7702260271212231,1.7702260271212231,0.7610647917345701,0.4029629629629632
337,0.42605270554301633,1.5300961350528723,1.9561488405958887,2455.2349029055267,1270.950709690457,1.6045925925925923,1.740888888888889,1.722581925795087,1.722581925795087,0.42605270554301633,0.13629629629629658
338,0.6212297336458521,1.6212297370290738,1.0000000033832217,10905.867600916898,6249.261834008676,1.267111111111111,1.081432098765432,1.1866339420375585,1.1866339420375585,0.6212297336458521,0.18567901234567907
339,0.0,1.0000000039698316,1.0000000039698316,2876.0483064191453,850.9729755056436,1.533777777777778,1.0518024691358026,1.0926406851262374,1.0926406851262374,0.0,0.48197530864197535
340,0.07948347958901225,1.9205165131023962,1.9999999926914085,3153.7906836885077,1548.9110900407352,1.8512345679012345,1.8512345679012345,1.715674535199525,1.715674535199525,0.07948347958901225,0.0
341,0.0,1.999999992060336,1.999999992060336,14852.83516328194,1468.4184402458698,1.9006172839506172,1.9006172839506172,1.9982570670069768,1.9982570670069768,0.0,0.0
342,0.0,1.0000000039698316,1.0000000039698316,47032.41027928858,6765.343638990356,1.0993827160493828,1.0993827160493828,1.0077586161261065,1.0077586161261065,0.0,0.0
343,0.7636425395319693,1.0000000047501403,1.7636425442821095,12702.417968216378,9034.64707005668,1.0774814814814815,1.3026666666666666,1.7893557399372975,1.7893557399372975,0.7636425395319693,0.22518518518518515
344,0.23894846137197323,1.9999999909362605,1.7610515295642872,2772.942373214727,1545.7986253353781,1.728395061728395,1.728395061728395,1.672937994784951,1.672937994784951,0.23894846137197323,0.0
345,0.0,1.0000000039698316,1.0000000039698316,11360.039645067312,2416.748835123922,1.0993827160493828,1.0993827160493828,1.0681429688564865,1.0681429688564865,0.0,0.0
346,0.0,1.0000000039698316,1.0000000039698316,17441.788776448615,3193.8872068292585,1.0993827160493828,1.0993827160493828,1.0426316234455848,1.0426316234455848,0.0,0.0
347,0.417881947342317,1.0000000034663659,1.4178819508086828,12658.477253727968,3771.244614396201,1.1391604938271604,1.4433580246913578,1.135019337651994,1.135019337651994,0.417881947342317,0.3041975308641973
348,0.0,1.999999992060336,1.999999992060336,7875.303999402204,1836.1558671509993,1.8512345679012345,1.8512345679012345,1.9015669346089752,1.9015669346089752,0.0,0.0
349,0.0,1.0000000039698316,1.0000000039698316,14103.578788449693,2086.4422367128323,1.0993827160493828,1.0993827160493828,1.011675288156175,1.011675288156175,0.0,0.0
350,0.41815139514550426,1.9999999930704768,1.5818485979249726,7492.662153771423,2458.1333030727733,1.9017777777777778,1.884,1.8657506778755266,1.8657506778755266,0.41815139514550426,0.017777777777777892
351,0.6073427558287121,1.000000003507262,1.6073427593359741,20017.934601594116,10992.675824933953,1.1431111111111112,1.4275555555555557,1.2573256910846755,1.2573256910846755,0.6073427558287121,0.2844444444444445
352,0.0,1.0000000039698316,1.0000000039698316,21594.776488215055,9396.693179994123,1.0993827160493828,1.0993827160493828,1.1278865392445545,1.1278865392445545,0.0,0.0
353,0.6032311532965413,1.954564495177682,1.3513333418811406,9175.310889660675,3832.998900867654,1.6663703703703703,1.5004444444444445,1.8046040036668718,1.8046040036668718,0.6032311532965413,0.1659259259259258
354,0.4331107133932788,1.4331107167689612,1.0000000033756824,838.2986562892139,405.20239830147653,1.5700246913580245,1.7557037037037035,1.422118839784455,1.422118839784455,0.4331107133932788,0.18567901234567907
355,0.740787169717783,1.9307609806640853,1.1899738109463023,9582.426306964988,5731.968952326723,1.6373827160493828,1.1554074074074074,1.6321676745584102,1.6321676745584102,0.740787169717783,0.48197530864197535
356,0.5442559263087619,1.5984275607958132,1.0541716344870513,6781.497750434543,4226.732138363522,1.6422222222222222,1.3577777777777778,1.287752418003178,1.287752418003178,0.5442559263087619,0.2844444444444445
357,0.7977890663351093,1.0766399739247583,1.8744290402598676,5916.562414217671,1109.9278260723331,1.4455802469135803,1.809037037037037,1.815461183067314,1.815461183067314,0.7977890663351093,0.36345679012345666
358,0.285144685726221,1.3203146932234149,1.035170007497194,1560.2803344056222,744.7086815330849,1.2142222222222223,1.1964444444444444,1.21397255358654,1.21397255358654,0.285144685726221,0.017777777777777892
359,0.11882165982474113,1.0000000034981293,1.1188216633228705,2293.673826467097,1250.1640572552328,1.222222222222222,1.222222222222222,1.2500347515941408,1.2500347515941408,0.11882165982474113,0.0
360,0.6831025219040301,1.7792608893583948,1.0961583674543647,2337.7810914949664,2248.3128973361686,1.8489876543209878,1.6040493827160494,1.849109756897104,1.849109756897104,0.6831025219040301,0.24493827160493842
361,0.7999999999999998,1.1999999919610906,1.9999999919610905,5680.270400901809,2053.079627030972,1.9006172839506172,1.9006172839506172,1.8388259311966544,1.8388259311966544,0.7999999999999998,0.0
362,0.3185618451592753,1.6814381467251402,1.9999999918844156,11570.443905757304,4561.779041203536,1.812888888888889,1.909679012345679,1.7742453744192042,1.7742453744192042,0.3185618451592753,0.09679012345679006
363,0.647354479787642,1.1618356102631429,1.809190090050785,431.13688179665286,278.0200221827289,1.6150123456790124,1.5774814814814813,1.6090361224030005,1.6090361224030005,0.647354479787642,0.037530864197531155
364,0.7473959800882617,1.934072722901818,1.1866767428135563,17183.052253451675,10450.565473815272,1.7014814814814816,1.2985185185185184,1.7335258817161794,1.7335258817161794,0.7473959800882617,0.4029629629629632
365,0.1316931626826463,1.452389908183413,1.5840830708660594,435.41737346147175,247.17285417405017,1.4444444444444442,1.4444444444444442,1.368763782407288,1.368763782407288,0.1316931626826463,0.0
366,0.09323952853438744,1.4257511252179302,1.5189906537523177,440.1615547944027,118.24352723823895,1.5,1.5,1.3911575110491927,1.3911575110491927,0.09323952853438744,0.0
367,0.38648413294592165,1.53403894765528,1.1475548147093584,7149.884774913475,5273.935653945519,1.4640000000000002,1.3573333333333333,1.559230801639314,1.559230801639314,0.38648413294592165,0.10666666666666691
368,0.18954834364262174,1.0940886336694755,1.2836369773120972,5936.521737666408,1371.4407050838176,1.1727407407407409,1.309037037037037,1.2419146192933126,1.2419146192933126,0.18954834364262174,0.13629629629629614
369,0.5075072599355384,1.9718834442681905,1.4643761843326522,4684.28927172839,2521.083227169214,1.5730864197530865,1.4269135802469135,1.6810787095054796,1.6810787095054796,0.5075072599355384,0.146172839506173
370,0.07043608185239503,1.9295639107671803,1.9999999926195753,2727.1461020223414,1432.5819793518276,1.826543209876543,1.826543209876543,1.7384280607588352,1.7384280607588352,0.07043608185239503,0.0
371,0.205953289547121,1.7940467009961834,1.9999999905433044,1803.651609943535,529.0925833493294,1.812888888888889,1.909679012345679,1.8109874917144266,1.8109874917144266,0.205953289547121,0.09679012345679006
372,0.07536567293139429,1.0000000036706427,1.075365676602037,13767.464456139329,2465.0172642211987,1.0993827160493828,1.0993827160493828,1.0412636590635422,1.0412636590635422,0.07536567293139429,0.0
373,0.0,1.0000000039698316,1.0000000039698316,13495.875130128035,4299.13610001905,1.0993827160493828,1.0993827160493828,1.0915209734923612,1.0915209734923612,0.0,0.0
374,0.6935558535511186,1.9230786721193014,1.2295228185681828,2895.9922150222055,1362.930505150078,1.4576296296296296,1.2324444444444445,1.6388960169923714,1.6388960169923714,0.6935558535511186,0.22518518518518515
375,0.32593924405398766,1.507253164274074,1.8331924083280617,795.1112427210678,440.67964485735354,1.5893333333333333,1.6071111111111112,1.5858427335441152,1.5858427335441152,0.32593924405398766,0.017777777777777892
376,0.2872674307793668,1.0000000042441424,1.2872674350235092,9649.298619492252,1550.10159298942,1.0863703703703704,1.2226666666666666,1.0230099839042155,1.0230099839042155,0.2872674307793668,0.13629629629629614
377,0.40891920423193184,1.0000000035197367,1.4089192077516686,3202.400745187406,2061.2013637871564,1.268,1.3746666666666665,1.1874179284986681,1.1874179284986681,0.40891920423193184,0.10666666666666647
378,0.01265191209534322,1.0000000039196055,1.0126519160149487,4883.195050220905,837.0042843139466,1.0993827160493828,1.0993827160493828,1.050616024609771,1.050616024609771,0.01265191209534322,0.0
379,0.0,1.0000000039698316,1.0000000039698316,1295.3809251830621,607.1745234682396,1.533777777777778,1.0518024691358026,1.0748686503067577,1.0748686503067577,0.0,0.48197530864197535
380,0.0,1.0000000039698316,1.0000000039698316,24917.60907861288,3820.850498706863,1.0993827160493828,1.0993827160493828,1.0212796854056054,1.0212796854056054,0.0,0.0
381,0.1325734880895908,1.9928031124222279,1.860229624332637,1801.6143112478692,853.5690030587981,1.909679012345679,1.812888888888889,1.6431583338554743,1.6431583338554743,0.1325734880895908,0.09679012345679006
382,0.0,1.999999992060336,1.999999992060336,8737.592850972855,956.1319803753072,1.9006172839506172,1.9006172839506172,1.9801093552336027,1.9801093552336027,0.0,0.0
383,0.5041520641147392,1.4958479270273128,1.999999991142052,7669.852628579909,2265.093874532088,1.7151111111111108,1.9205432098765431,1.7180459841422209,1.7180459841422209,0.5041520641147392,0.20543209876543234
384,0.20762239777987368,1.5949822775489726,1.8026046753288463,1342.0640069921471,1048.2145777716626,1.541925925925926,1.638716049382716,1.527593274284057,1.527593274284057,0.20762239777987368,0.09679012345679006
385,0.1949110649851722,1.4404152659285114,1.2455042009433392,1752.6532701957995,1059.0990214713966,1.3801481481481481,1.154962962962963,1.1460588966712821,1.1460588966712821,0.1949110649851722,0.22518518518518515
386,0.2563491910269784,1.1210519907358605,1.3774011817628389,1749.9650757561078,729.3229122341698,1.3454814814814815,1.4817777777777776,1.2978210357521487,1.2978210357521487,0.2563491910269784,0.13629629629629614
387,0.7987529043831527,1.95155175832333,1.1527988539401772,5881.117025210584,273.8269422907019,1.9481975308641974,1.466222222222222,1.9457302448215352,1.9457302448215352,0.7987529043831527,0.48197530864197535
388,0.7999999999999998,1.1999999919610906,1.9999999919610905,13043.169964331153,1514.092661984176,1.4144197530864198,1.8963950617283951,1.925941106028698,1.925941106028698,0.7999999999999998,0.48197530864197535
389,0.7999999999999998,1.0000000040194545,1.8000000040194544,14766.090925857863,10772.525905213506,1.1554074074074074,1.6373827160493828,1.5518157851783823,1.5518157851783823,0.7999999999999998,0.48197530864197535
390,0.4199398237641727,1.4870955838430135,1.9070354076071863,1799.1978421548472,905.5815225315839,1.6545185185185187,1.5182222222222221,1.7136749567127083,1.7136749567127083,0.4199398237641727,0.13629629629629658
391,0.13985994794628187,1.5966789093707572,1.736538857317039,724.8375964241211,799.9298865212784,1.8512345679012345,1.8512345679012345,1.477238006122713,1.477238006122713,0.13985994794628187,0.0
392,0.0,1.999999992060336,1.999999992060336,6567.986337295616,1588.9783147643043,1.9006172839506172,1.9006172839506172,1.8769321508742913,1.8769321508742913,0.0,0.0
393,0.45974077678195346,1.4597407816076142,1.0000000048256608,3425.080984851549,1951.7131698083303,1.1734567901234567,1.1734567901234567,1.2548145258896988,1.2548145258896988,0.45974077678195346,0.0
394,0.0,1.0000000039698316,1.0000000039698316,20060.064527143437,2767.8602239650577,1.1487654320987655,1.1487654320987655,1.0169762253351229,1.0169762253351229,0.0,0.0
395,0.7952726826838799,1.1988181603484072,1.994090843032287,982.1470718315626,155.8170621466329,1.9006172839506172,1.9006172839506172,1.8685911940824673,1.8685911940824673,0.7952726826838799,0.0
396,0.0,1.0000000039698316,1.0000000039698316,5595.756085896642,1781.4574664454726,1.0993827160493828,1.0993827160493828,1.0592113986924556,1.0592113986924556,0.0,0.0
397,0.42294562008696746,1.94027012577012,1.5173245056831526,2033.351713406325,662.7283508182446,1.6268641975308642,1.5597037037037038,1.7209540358121764,1.7209540358121764,0.42294562008696746,0.06716049382716038
398,0.20734995263126876,1.4927367180272983,1.2853867653960296,3037.7974149419465,710.2215468068566,1.4161481481481482,1.2502222222222223,1.4593363073557357,1.4593363073557357,0.20734995263126876,0.1659259259259258
399,0.20007390616880594,1.0277469879999332,1.2278208941687392,2258.72309921016,94.40488324263053,1.820888888888889,1.4179259259259258,1.2389322108715073,1.2389322108715073,0.20007390616880594,0.4029629629629632
400,0.45198333195978924,1.9999999902100971,1.5480166582503079,7680.800438149683,1366.7439449430578,1.9363456790123459,1.5728888888888888,1.83721095861861,1.83721095861861,0.45198333195978924,0.3634567901234571
401,0.2176493580853669,1.2412785214612476,1.0236291633758807,2914.1015053888536,662.6672638911035,1.4938271604938271,1.4938271604938271,1.1770073709013935,1.1770073709013935,0.2176493580853669,0.0
402,0.0,1.999999992060336,1.999999992060336,11312.480387308706,2556.452760138687,1.9006172839506172,1.9006172839506172,1.9165821104768228,1.9165821104768228,0.0,0.0
403,0.19609268083278808,1.000000004787065,1.196092685619853,10188.906673232324,3217.8649265873896,1.0962469135802468,1.1337777777777776,1.0715578544030433,1.0715578544030433,0.19609268083278808,0.03753086419753071
404,0.39008607217037916,1.0000000036318832,1.3900860758022624,23851.688331615147,4633.238623437946,1.0893333333333333,1.1959999999999997,1.0251920689982224,1.0251920689982224,0.39008607217037916,0.10666666666666647
405,0.6261090569048653,1.1565272636082033,1.7826363205130686,601.1627388135664,61.40540358046713,1.6071111111111112,1.5893333333333333,1.730435190543878,1.730435190543878,0.6261090569048653,0.017777777777777892
406,0.0,1.0000000039698316,1.0000000039698316,4041.51734609508,756.8816786542931,1.0993827160493828,1.0993827160493828,1.0555086182778397,1.0555086182778397,0.0,0.0
407,0.0,1.0000000039698316,1.0000000039698316,14905.393468355524,2214.6327493262415,1.0993827160493828,1.0993827160493828,1.0239434791933495,1.0239434791933495,0.0,0.0
408,0.7713789588931976,1.771378963487857,1.0000000045946593,9298.668041258852,6185.080015114158,1.427111111111111,1.0636543209876543,1.5071761246536703,1.5071761246536703,0.7713789588931976,0.36345679012345666
409,0.021326496059705047,1.9999999922296616,1.9786734961699566,5178.2977036789225,616.5934474528179,1.8512345679012345,1.8512345679012345,1.9590411374200936,1.9590411374200936,0.021326496059705047,0.0
410,0.47999730340493096,1.128227173786836,1.6082244771917669,638.0737988699549,155.25032693728716,1.729037037037037,1.6322469135802469,1.6973186187892462,1.6973186187892462,0.47999730340493096,0.09679012345679006
411,0.0,1.0000000039698316,1.0000000039698316,9510.314267431164,5554.447885072321,1.0993827160493828,1.0993827160493828,1.2366421296761707,1.2366421296761707,0.0,0.0
412,0.3363607632593957,1.8205280028188828,1.4841672395594872,4439.114003207869,1827.1953775081367,1.658469135802469,1.512296296296296,1.514262441952666,1.514262441952666,0.3363607632593957,0.146172839506173
413,0.7980961353540219,1.0859768760920911,1.884073011446113,12974.224994084074,6738.205990123837,1.3108148148148149,1.7927901234567902,1.9247762962925723,1.9247762962925723,0.7980961353540219,0.48197530864197535
414,0.6753947683814663,1.0000000043491197,1.675394772730586,8159.43897470822,2518.9540972591594,1.3108148148148149,1.7927901234567902,1.896685099427442,1.896685099427442,0.6753947683814663,0.48197530864197535
415,0.4955496799619996,1.0000000045058113,1.495549684467811,4747.648807762492,2211.6814689204853,1.4466666666666668,1.5533333333333332,1.606200370341353,1.606200370341353,0.4955496799619996,0.10666666666666647
416,0.7490468655265756,1.8293963946562464,1.0803495291296707,12834.867752637894,5348.629776410887,1.4433580246913578,1.1391604938271604,1.2540521720013094,1.2540521720013094,0.7490468655265756,0.3041975308641973
417,0.31204225378394623,1.6819904063292588,1.3699481525453125,1849.9546951897566,821.5528361282024,1.7201481481481482,1.6529876543209878,1.4439120706658133,1.4439120706658133,0.31204225378394623,0.06716049382716038
418,0.0,1.999999992060336,1.999999992060336,9242.806950404836,3635.84608169563,1.9006172839506172,1.9006172839506172,1.8111095052176747,1.8111095052176747,0.0,0.0
419,0.0,1.999999992060336,1.999999992060336,6080.785429075355,4058.5085239102036,1.9006172839506172,1.9006172839506172,1.720267251355152,1.720267251355152,0.0,0.0
420,0.0,1.999999992060336,1.999999992060336,7686.800519966954,3331.3682142271805,1.8512345679012345,1.8512345679012345,1.7944784844005541,1.7944784844005541,0.0,0.0
421,0.0,1.0000000039698316,1.0000000039698316,33707.18129337409,4129.01258046251,1.0993827160493828,1.0993827160493828,1.005054357616787,1.005054357616787,0.0,0.0
422,0.7999999999999998,1.0961527695495303,1.8961527695495302,4543.715778858865,2642.3366184562833,1.3108148148148149,1.7927901234567902,1.7604367300131765,1.7604367300131765,0.7999999999999998,0.48197530864197535
423,0.34416075548807656,1.654481803979836,1.3103210484917593,5162.689064159505,1769.4281683118816,1.582962962962963,1.417037037037037,1.4979605110811485,1.4979605110811485,0.34416075548807656,0.1659259259259258
424,0.6235070138041623,1.6235070171670432,1.0000000033628809,6553.442586535248,1349.8194637745205,1.8445925925925926,1.3626172839506172,1.7933202742092615,1.7933202742092615,0.6235070138041623,0.48197530864197535
425,0.6444299769227793,1.9580354059984495,1.3136054290756702,12060.87309315776,7735.784816938869,1.7014814814814816,1.2985185185185184,1.4151565581376082,1.4151565581376082,0.6444299769227793,0.4029629629629632
426,0.7999999999999998,1.9999999919610905,1.1999999919610906,11810.102644819948,3362.861238734921,1.7409876543209877,1.2590123456790123,1.8756043754826757,1.8756043754826757,0.7999999999999998,0.48197530864197535
427,0.1340832379389596,1.0000000034375436,1.1340832413765032,1323.7806116294985,757.2853770129825,1.1734567901234567,1.1734567901234567,1.2240510810015464,1.2240510810015464,0.1340832379389596,0.0
428,0.2650309090055387,1.4452248290424543,1.710255738047993,3149.2453364836465,569.4119514643922,1.5838518518518518,1.7497777777777777,1.6996419257445088,1.6996419257445088,0.2650309090055387,0.1659259259259258
429,0.5370865467541499,1.0000000041347987,1.5370865508889486,3945.629439115184,3005.1392084597946,1.081432098765432,1.267111111111111,1.768513162235755,1.768513162235755,0.5370865467541499,0.18567901234567907
430,0.5030272068684876,1.9999999911219573,1.4969727842534697,15099.692444814322,4803.056723083356,1.9225185185185185,1.6973333333333334,1.8587551475576043,1.8587551475576043,0.5030272068684876,0.22518518518518515
431,0.36729853638274523,1.3672985401503226,1.0000000037675774,9142.128595092061,5029.341254588472,1.293777777777778,1.0784691358024692,1.2940272801336083,1.2940272801336083,0.36729853638274523,0.21530864197530875
432,0.005867840253825474,1.000000003946537,1.0058678442003626,36613.16128249167,4582.5119971450185,1.0993827160493828,1.0993827160493828,1.0065894037412288,1.0065894037412288,0.005867840253825474,0.0
433,0.5505385561551885,1.136682526052693,1.6872210822078815,580.0740446247538,311.20549503644565,1.729037037037037,1.6322469135802469,1.8393312775269557,1.8393312775269557,0.5505385561551885,0.09679012345679006
434,0.4549691141860608,1.2959640413820408,1.7509331555681016,1466.8617944179143,669.3850644333976,1.6391604938271604,1.726074074074074,1.4998555894382781,1.4998555894382781,0.4549691141860608,0.08691358024691365
435,0.7999999999999998,1.1999999919610906,1.9999999919610905,7573.686336017279,4172.224373079044,1.9006172839506172,1.9006172839506172,1.7562056502576686,1.7562056502576686,0.7999999999999998,0.0
436,0.019912488518976534,1.1194128278905693,1.1393253164095458,3126.8037955508607,544.7614872415676,1.1487654320987655,1.1487654320987655,1.1959068294644302,1.1959068294644302,0.019912488518976534,0.0
437,0.0,1.0000000039698316,1.0000000039698316,3285.177738350388,368.73270190828515,1.533777777777778,1.0518024691358026,1.0067787062873825,1.0067787062873825,0.0,0.48197530864197535
438,0.07184064245486876,1.3588341777438884,1.2869935352890196,1436.6640673050238,498.43349336555366,1.333333333333333,1.333333333333333,1.407450516001804,1.407450516001804,0.07184064245486876,0.0
439,0.3616393623920544,1.4451491409818966,1.806788503373951,3010.297960140167,1254.9389981719264,1.4269135802469135,1.5730864197530865,1.5140603191008501,1.5140603191008501,0.3616393623920544,0.146172839506173
440,0.0,1.0000000039698316,1.0000000039698316,21566.114402750543,2809.3788388886314,1.0993827160493828,1.0993827160493828,1.0089155972679877,1.0089155972679877,0.0,0.0
441,0.248434359341414,1.6999019916735363,1.4514676323321223,1282.450887457859,1932.6048124316578,1.6234567901234567,1.6234567901234567,1.2885981350543527,1.2885981350543527,0.248434359341414,0.0
442,0.3063450585638865,1.00000000413054,1.3063450626944264,13827.291768816054,6946.024791826179,1.0962469135802468,1.1337777777777776,1.1811334278397028,1.1811334278397028,0.3063450585638865,0.03753086419753071
443,0.17922036356009796,1.7916613861537345,1.6124410225936365,1364.7099920103908,699.2449633471336,1.819358024691358,1.722567901234568,1.555249483744165,1.555249483744165,0.17922036356009796,0.09679012345679006
444,0.036766631149464324,1.999999992352251,1.9632333612027866,5429.677402076491,930.6785622218782,1.9006172839506172,1.9006172839506172,1.8970694913749613,1.8970694913749613,0.036766631149464324,0.0
445,0.007902628709910431,1.8903533592621882,1.8824507305522777,2328.9504896345493,1249.7724046165977,1.7407407407407407,1.7407407407407407,1.6316783869081473,1.6316783869081473,0.007902628709910431,0.0
446,0.45032405237264417,1.0000000049097721,1.4503240572824163,19250.022644289962,3137.3402682684546,1.0863703703703704,1.2226666666666666,1.0078150331310585,1.0078150331310585,0.45032405237264417,0.13629629629629614
447,0.730263338570103,1.739483517322569,1.009220178752466,8523.164473192042,5388.00946518527,1.6817283950617283,1.3182716049382717,1.3806373653400155,1.3806373653400155,0.730263338570103,0.36345679012345666
448,0.20272043643428184,1.9999999905048025,1.7972795540705206,12996.512350701307,2184.805944081718,1.9017777777777778,1.884,1.9356688358837273,1.9356688358837273,0.20272043643428184,0.017777777777777892
449,0.5873364028975043,1.5873364065834654,1.000000003685961,20770.64085517458,5301.018225671758,1.3737777777777778,1.06958024691358,1.0724357738728956,1.0724357738728956,0.5873364028975043,0.30419753086419776
450,0.6007240207339004,1.6622657627698865,1.061541742035986,4119.898005839129,4213.897995613229,1.5533333333333332,1.4466666666666668,1.7991428631788615,1.7991428631788615,0.6007240207339004,0.10666666666666647
451,0.0,1.0000000039698316,1.0000000039698316,27944.059806533773,4261.160983196235,1.533777777777778,1.0518024691358026,1.0267776054802877,1.0267776054802877,0.0,0.48197530864197535
452,0.0,1.0000000039698316,1.0000000039698316,10202.669177407792,2848.1459401836614,1.0993827160493828,1.0993827160493828,1.0628817119285328,1.0628817119285328,0.0,0.0
453,0.5567501756056381,1.4432498164760392,1.9999999920816773,14512.123622185887,2565.30877092742,1.6440000000000001,1.9284444444444446,1.8907146432012525,1.8907146432012525,0.5567501756056381,0.2844444444444445
454,0.2003484612108899,1.530996468258966,1.731344929469856,708.5700015293938,549.2878489677247,1.694469135802469,1.7023703703703705,1.4111527693299128,1.4111527693299128,0.2003484612108899,0.007901234567901483
455,0.5686386142899256,1.9059225081772109,1.3372838938872853,5067.329136329461,2563.934893346817,1.5706666666666667,1.2862222222222222,1.539009465046685,1.539009465046685,0.5686386142899256,0.2844444444444445
456,0.4758462194446942,1.5241537711916953,1.9999999906363894,17645.44780474868,3689.5299313147066,1.732888888888889,1.918567901234568,1.9407799408859874,1.9407799408859874,0.4758462194446942,0.18567901234567907
457,0.5079993341823208,1.9999999912107804,1.4920006570284596,8509.606308509026,2704.305600031448,1.9027654320987655,1.8751111111111112,1.7585350573516076,1.7585350573516076,0.5079993341823208,0.0276543209876543
458,0.24022779913613723,1.2402278036603887,1.0000000045242514,5617.095469314606,5049.859671201578,1.0993827160493828,1.0993827160493828,1.4697795210271762,1.4697795210271762,0.24022779913613723,0.0
459,0.7387764622603727,1.1846941108617295,1.9234705731221022,1701.037297425176,1433.611161925291,1.826543209876543,1.826543209876543,1.604542778109626,1.604542778109626,0.7387764622603727,0.0
460,0.0,1.0000000039698316,1.0000000039698316,4514.365319337798,628.171188922165,1.1487654320987655,1.1487654320987655,1.0580500441057545,1.0580500441057545,0.0,0.0
461,0.5453986162095434,1.180474565869428,1.7258731820789714,3437.3273651515055,1342.8149269461787,1.3874074074074074,1.6125925925925926,1.4869793651781227,1.4869793651781227,0.5453986162095434,0.22518518518518515
462,0.2563196983499969,1.7436802927931456,1.9999999911431425,7954.870041978032,808.895639002743,1.8039999999999998,1.9106666666666667,1.941141616919101,1.941141616919101,0.2563196983499969,0.10666666666666691
463,0.3544733955271697,1.3544733993711175,1.0000000038439478,3570.17047067951,1724.9054692987995,1.3954074074074072,1.259111111111111,1.2301057909848918,1.2301057909848918,0.3544733955271697,0.13629629629629614
464,0.5714081340572328,1.9999999923435308,1.428591858286298,9640.879025983992,2830.3590969542997,1.9284444444444446,1.6440000000000001,1.838365315222415,1.838365315222415,0.5714081340572328,0.2844444444444445
465,0.49445286476308414,1.4944528692786923,1.000000004515608,13654.361601066516,6390.739840553068,1.3026666666666666,1.0774814814814815,1.1584100800996073,1.1584100800996073,0.49445286476308414,0.22518518518518515
466,0.4667771381568162,1.533222852317561,1.9999999904743773,3288.865101898061,914.2673132872724,1.6875555555555555,1.7053333333333334,1.8537331116676705,1.8537331116676705,0.4667771381568162,0.017777777777777892
467,0.6571302100721086,1.3428697807402274,1.999999990812336,13619.431768818557,2062.074860483835,1.5373333333333332,1.9402962962962964,1.903873362618055,1.903873362618055,0.6571302100721086,0.4029629629629632
468,0.5379364300478842,1.999999991745584,1.4620635616976998,14555.169886561647,4483.271318659792,1.7853333333333334,1.500888888888889,1.8804204589246034,1.8804204589246034,0.5379364300478842,0.2844444444444445
469,0.4645992999627824,1.464599304745046,1.0000000047822637,34182.85262880979,9350.405368841388,1.356,1.0715555555555556,1.0412227819690028,1.0412227819690028,0.4645992999627824,0.2844444444444445
470,0.29642021300498866,1.2964202171946286,1.00000000418964,1361.8105586036627,697.8568909559062,1.0993827160493828,1.0993827160493828,1.1340385054980564,1.1340385054980564,0.29642021300498866,0.0
471,0.06386121831456482,1.0000000037163133,1.063861222030878,8118.488387687776,3022.0726758393093,1.0993827160493828,1.0993827160493828,1.1312991611526741,1.1312991611526741,0.06386121831456482,0.0
472,0.4749822739732976,1.0000000046895219,1.4749822786628195,17454.72048701831,2787.5092858075304,1.1194074074074074,1.5223703703703706,1.0817177469956387,1.0817177469956387,0.4749822739732976,0.4029629629629632
473,0.3829749875654098,1.937464177768359,1.5544891902029492,1986.6103396893175,1029.5294786613867,1.826543209876543,1.826543209876543,1.691200559980873,1.691200559980873,0.3829749875654098,0.0
474,0.7999999999999998,1.8909958234598059,1.090995823459806,10434.183827150984,6568.741800213064,1.7014814814814816,1.2985185185185184,1.471137422725924,1.471137422725924,0.7999999999999998,0.4029629629629632
475,0.7999999999999998,1.0000000040194545,1.8000000040194544,11083.298906271331,6596.727459362253,1.2590123456790123,1.7409876543209877,1.3494946791808455,1.3494946791808455,0.7999999999999998,0.48197530864197535
476,0.4672275675878659,1.4672275723466537,1.0000000047587878,6471.434424469006,4551.26572216279,1.267111111111111,1.081432098765432,1.5955746419229648,1.5955746419229648,0.4672275675878659,0.18567901234567907
477,0.4605533337420171,1.5081539122262724,1.9687072459682895,6022.634540216231,4061.450629833666,1.6973333333333334,1.9225185185185185,1.480339557527992,1.480339557527992,0.4605533337420171,0.22518518518518515
478,0.7999999999999998,1.118197221709909,1.9181972217099088,13333.89293994201,9016.979420178308,1.190962962962963,1.5544197530864197,1.4028438337737932,1.4028438337737932,0.7999999999999998,0.36345679012345666
479,0.013127145608710755,1.4563870028618502,1.469514148470561,955.1348934559625,836.6127235046732,1.611111111111111,1.611111111111111,1.2710311995374193,1.2710311995374193,0.013127145608710755,0.0
480,0.19043761152869543,1.1904376163494348,1.0000000048207394,24780.058691125563,3146.017062727039,1.1487654320987655,1.1487654320987655,1.0053829111867907,1.0053829111867907,0.19043761152869543,0.0
481,0.0,1.999999992060336,1.999999992060336,6458.553045050337,1554.9961461998735,1.9006172839506172,1.9006172839506172,1.8842789024273934,1.8842789024273934,0.0,0.0
482,0.19044020131773687,1.3207236773332012,1.511163878650938,1897.4562096792336,1633.3584362014242,1.464888888888889,1.690074074074074,1.6756071825023813,1.6756071825023813,0.19044020131773687,0.22518518518518515
483,0.25286995736462003,1.2625065149168853,1.5153764722815053,832.1880609763708,842.4006634720606,1.5834074074074074,1.6110617283950617,1.2075864116746984,1.2075864116746984,0.25286995736462003,0.0276543209876543
484,0.33648641779267985,1.547715145246273,1.2112287274535931,4614.0615468493215,1871.1543306406147,1.4576296296296296,1.2324444444444445,1.4481364505776835,1.4481364505776835,0.33648641779267985,0.22518518518518515
485,0.7999999999999998,1.8305159313049124,1.0305159313049126,10073.947772474801,6823.673287994656,1.618074074074074,1.2546172839506173,1.5514064504146665,1.5514064504146665,0.7999999999999998,0.36345679012345666
486,0.0,1.0000000039698316,1.0000000039698316,20120.45060764551,5945.845277324954,1.0993827160493828,1.0993827160493828,1.0818974725234831,1.0818974725234831,0.0,0.0
487,0.28551545728733085,1.7988484003549292,1.5133329430675984,2087.8960761495364,541.5096217309281,1.5114074074074075,1.3257283950617285,1.6539457070140866,1.6539457070140866,0.28551545728733085,0.18567901234567907
488,0.45923923680117396,1.9999999903397183,1.5407607535385444,8907.567705909813,3085.617522573927,1.9106666666666667,1.8039999999999998,1.7809243607797325,1.7809243607797325,0.45923923680117396,0.10666666666666691
489,0.4901240832638285,1.9119268028781162,1.4218027196142877,3632.1642105856736,1832.708139473657,1.7912592592592593,1.4870617283950616,1.6188788463755182,1.6188788463755182,0.4901240832638285,0.30419753086419776
490,0.03551709742939346,1.9644828949129367,1.9999999923423302,2517.5513312942508,995.2556634687674,1.826543209876543,1.826543209876543,1.7408507163067721,1.7408507163067721,0.03551709742939346,0.0
491,0.10592469524676007,1.9999999929013428,1.8940752976545827,3454.1291012131737,923.0951765852191,1.7777777777777777,1.7777777777777777,1.8190488806050806,1.8190488806050806,0.10592469524676007,0.0
492,0.2891620120082745,1.5496951376908799,1.2605331256826053,2976.6606436555944,1068.2903217806127,1.464,1.3573333333333335,1.303436677137941,1.303436677137941,0.2891620120082745,0.10666666666666647
493,0.1474386828248333,1.8525613104061167,1.99999999323095,3300.1215181577595,515.0516012596486,1.8024691358024691,1.8024691358024691,1.9431950321660265,1.9431950321660265,0.1474386828248333,0.0
494,0.47953318489373276,1.4125822362936085,1.8921154211873412,4845.743523707554,2053.6627485534304,1.680641975308642,1.7082962962962962,1.8620622077198385,1.8620622077198385,0.47953318489373276,0.0276543209876543
495,0.0,1.999999992060336,1.999999992060336,7641.5147216380265,2399.4192051297423,1.9006172839506172,1.9006172839506172,1.8562578444063942,1.8562578444063942,0.0,0.0
496,0.0,1.0000000039698316,1.0000000039698316,28820.46868109945,4565.825117722723,1.0993827160493828,1.0993827160493828,1.0262582783823395,1.0262582783823395,0.0,0.0
497,0.6539681161069533,1.1739129778229533,1.8278810939299066,9991.142506416178,4624.723154136886,1.2985185185185184,1.7014814814814816,1.7298520120206695,1.7298520120206695,0.6539681161069533,0.4029629629629632
498,0.7688782562923016,1.9066513111349974,1.1377730548426959,17096.45927665613,6364.858872951711,1.8805925925925926,1.4776296296296294,1.918284152925859,1.918284152925859,0.7688782562923016,0.4029629629629632
499,0.0,1.0000000039698316,1.0000000039698316,19381.830261111336,3061.056921398929,1.0993827160493828,1.0993827160493828,1.023900853984645,1.023900853984645,0.0,0.0
